"schema_version","study","scenario","rep","n","n_test","q","d","m","data_seed","calibration_seed","file","bytes","md5","generator_tag","design_fingerprint","cell_id"
"1.1.0","study2","primary",1,120,1000,2,2,4,1010001,1010002,"study2_primary_q2_n120_ntest1000_m4_rep001.rds",45856,"be4853b444e2111dbe1fe35c108d9993","study2-synthetic-shared-state-v2","f0c9499deacb12091c645cb7219917da","primary_q2"
"1.1.0","study2","primary",2,120,1000,2,2,4,1020001,1020002,"study2_primary_q2_n120_ntest1000_m4_rep002.rds",46704,"216f1c73501b63b874d8aa50b464be46","study2-synthetic-shared-state-v2","f0c9499deacb12091c645cb7219917da","primary_q2"
"1.1.0","study2","primary",3,120,1000,2,2,4,1030001,1030002,"study2_primary_q2_n120_ntest1000_m4_rep003.rds",46708,"39b5015cc0ec849cb698e62845fdb285","study2-synthetic-shared-state-v2","f0c9499deacb12091c645cb7219917da","primary_q2"
"1.1.0","study2","primary",4,120,1000,2,2,4,1040001,1040002,"study2_primary_q2_n120_ntest1000_m4_rep004.rds",46684,"2487acd3fbbd2fe66d58fe2465f2bc09","study2-synthetic-shared-state-v2","f0c9499deacb12091c645cb7219917da","primary_q2"
"1.1.0","study2","primary",5,120,1000,2,2,4,1050001,1050002,"study2_primary_q2_n120_ntest1000_m4_rep005.rds",46700,"8710e90c5e821679449f9467bb69d046","study2-synthetic-shared-state-v2","f0c9499deacb12091c645cb7219917da","primary_q2"
"1.1.0","study2","primary",6,120,1000,2,2,4,1060001,1060002,"study2_primary_q2_n120_ntest1000_m4_rep006.rds",46724,"77d96097f76eb5a208d28714bea0b98e","study2-synthetic-shared-state-v2","f0c9499deacb12091c645cb7219917da","primary_q2"
"1.1.0","study2","primary",7,120,1000,2,2,4,1070001,1070002,"study2_primary_q2_n120_ntest1000_m4_rep007.rds",46656,"3077c58fc497511b143b2aa596671150","study2-synthetic-shared-state-v2","f0c9499deacb12091c645cb7219917da","primary_q2"
"1.1.0","study2","primary",8,120,1000,2,2,4,1080001,1080002,"study2_primary_q2_n120_ntest1000_m4_rep008.rds",45904,"2c4859d376d0cfe64b1f3f44a3bd19ee","study2-synthetic-shared-state-v2","f0c9499deacb12091c645cb7219917da","primary_q2"
"1.1.0","study2","primary",9,120,1000,2,2,4,1090001,1090002,"study2_primary_q2_n120_ntest1000_m4_rep009.rds",46676,"6588918c25555010b17ff4e1d03fffee","study2-synthetic-shared-state-v2","f0c9499deacb12091c645cb7219917da","primary_q2"
"1.1.0","study2","primary",10,120,1000,2,2,4,1100001,1100002,"study2_primary_q2_n120_ntest1000_m4_rep010.rds",46648,"2ab16b799a9d7b3425de1c210ae4b724","study2-synthetic-shared-state-v2","f0c9499deacb12091c645cb7219917da","primary_q2"
"1.1.0","study2","primary",11,120,1000,2,2,4,1110001,1110002,"study2_primary_q2_n120_ntest1000_m4_rep011.rds",45912,"9588850dfe9fa153fc48c7f6b81d6af5","study2-synthetic-shared-state-v2","f0c9499deacb12091c645cb7219917da","primary_q2"
"1.1.0","study2","primary",12,120,1000,2,2,4,1120001,1120002,"study2_primary_q2_n120_ntest1000_m4_rep012.rds",45912,"33e6685d676f88ebee2655d3921a65d3","study2-synthetic-shared-state-v2","f0c9499deacb12091c645cb7219917da","primary_q2"
"1.1.0","study2","primary",13,120,1000,2,2,4,1130001,1130002,"study2_primary_q2_n120_ntest1000_m4_rep013.rds",46668,"3592e20c3f0cfab8958bf8ef17035f2e","study2-synthetic-shared-state-v2","f0c9499deacb12091c645cb7219917da","primary_q2"
"1.1.0","study2","primary",14,120,1000,2,2,4,1140001,1140002,"study2_primary_q2_n120_ntest1000_m4_rep014.rds",45952,"c6ba31d9a1df55e5dcf4414b2788ad19","study2-synthetic-shared-state-v2","f0c9499deacb12091c645cb7219917da","primary_q2"
"1.1.0","study2","primary",15,120,1000,2,2,4,1150001,1150002,"study2_primary_q2_n120_ntest1000_m4_rep015.rds",45908,"3183b21f972d7706af147d14fb1a10b1","study2-synthetic-shared-state-v2","f0c9499deacb12091c645cb7219917da","primary_q2"
"1.1.0","study2","primary",16,120,1000,2,2,4,1160001,1160002,"study2_primary_q2_n120_ntest1000_m4_rep016.rds",46560,"fbb7e9526117f026bb6eac219567273e","study2-synthetic-shared-state-v2","f0c9499deacb12091c645cb7219917da","primary_q2"
"1.1.0","study2","primary",17,120,1000,2,2,4,1170001,1170002,"study2_primary_q2_n120_ntest1000_m4_rep017.rds",46668,"33cac88ab1124b18849487d3d8158ddb","study2-synthetic-shared-state-v2","f0c9499deacb12091c645cb7219917da","primary_q2"
"1.1.0","study2","primary",18,120,1000,2,2,4,1180001,1180002,"study2_primary_q2_n120_ntest1000_m4_rep018.rds",46676,"09230d13c8dd1400b3b09901976a5199","study2-synthetic-shared-state-v2","f0c9499deacb12091c645cb7219917da","primary_q2"
"1.1.0","study2","primary",19,120,1000,2,2,4,1190001,1190002,"study2_primary_q2_n120_ntest1000_m4_rep019.rds",46716,"5e0594b3b65bb895f0613842553dc0c4","study2-synthetic-shared-state-v2","f0c9499deacb12091c645cb7219917da","primary_q2"
"1.1.0","study2","primary",20,120,1000,2,2,4,1200001,1200002,"study2_primary_q2_n120_ntest1000_m4_rep020.rds",46616,"bc7ae831dc54d02cd284d5ffefb44d95","study2-synthetic-shared-state-v2","f0c9499deacb12091c645cb7219917da","primary_q2"
"1.1.0","study2","primary",21,120,1000,2,2,4,1210001,1210002,"study2_primary_q2_n120_ntest1000_m4_rep021.rds",46712,"811e478fa0f83d438a8a581bdd7fc698","study2-synthetic-shared-state-v2","f0c9499deacb12091c645cb7219917da","primary_q2"
"1.1.0","study2","primary",22,120,1000,2,2,4,1220001,1220002,"study2_primary_q2_n120_ntest1000_m4_rep022.rds",46596,"0dd4b8d85ae413ad968df25efed6b3cc","study2-synthetic-shared-state-v2","f0c9499deacb12091c645cb7219917da","primary_q2"
"1.1.0","study2","primary",23,120,1000,2,2,4,1230001,1230002,"study2_primary_q2_n120_ntest1000_m4_rep023.rds",46636,"655d8bef072d3d556944a2fe517002d7","study2-synthetic-shared-state-v2","f0c9499deacb12091c645cb7219917da","primary_q2"
"1.1.0","study2","primary",24,120,1000,2,2,4,1240001,1240002,"study2_primary_q2_n120_ntest1000_m4_rep024.rds",45956,"b4d4441eb3785b408d51959f3c439a5c","study2-synthetic-shared-state-v2","f0c9499deacb12091c645cb7219917da","primary_q2"
"1.1.0","study2","primary",25,120,1000,2,2,4,1250001,1250002,"study2_primary_q2_n120_ntest1000_m4_rep025.rds",46640,"7508604d9abf0d4bab61d86b0c8bbd6a","study2-synthetic-shared-state-v2","f0c9499deacb12091c645cb7219917da","primary_q2"
"1.1.0","study2","primary",26,120,1000,2,2,4,1260001,1260002,"study2_primary_q2_n120_ntest1000_m4_rep026.rds",46652,"9b4cb1c176f5b170376bff28811d8de6","study2-synthetic-shared-state-v2","f0c9499deacb12091c645cb7219917da","primary_q2"
"1.1.0","study2","primary",27,120,1000,2,2,4,1270001,1270002,"study2_primary_q2_n120_ntest1000_m4_rep027.rds",46688,"7fc815340bda296257e7ed82458401b3","study2-synthetic-shared-state-v2","f0c9499deacb12091c645cb7219917da","primary_q2"
"1.1.0","study2","primary",28,120,1000,2,2,4,1280001,1280002,"study2_primary_q2_n120_ntest1000_m4_rep028.rds",46664,"5978882df52cc41b60ca22aa7847b530","study2-synthetic-shared-state-v2","f0c9499deacb12091c645cb7219917da","primary_q2"
"1.1.0","study2","primary",29,120,1000,2,2,4,1290001,1290002,"study2_primary_q2_n120_ntest1000_m4_rep029.rds",46672,"a83794341bd578f0ba84e6fe16d9757f","study2-synthetic-shared-state-v2","f0c9499deacb12091c645cb7219917da","primary_q2"
"1.1.0","study2","primary",30,120,1000,2,2,4,1300001,1300002,"study2_primary_q2_n120_ntest1000_m4_rep030.rds",46664,"afd3f2c539756d819f73273830379a77","study2-synthetic-shared-state-v2","f0c9499deacb12091c645cb7219917da","primary_q2"
"1.1.0","study2","primary",31,120,1000,2,2,4,1310001,1310002,"study2_primary_q2_n120_ntest1000_m4_rep031.rds",46704,"1305fafe2c512efac0c8f93c0adf6260","study2-synthetic-shared-state-v2","f0c9499deacb12091c645cb7219917da","primary_q2"
"1.1.0","study2","primary",32,120,1000,2,2,4,1320001,1320002,"study2_primary_q2_n120_ntest1000_m4_rep032.rds",45880,"ba22a7b4e0f38635f3411de2e857f3de","study2-synthetic-shared-state-v2","f0c9499deacb12091c645cb7219917da","primary_q2"
"1.1.0","study2","primary",33,120,1000,2,2,4,1330001,1330002,"study2_primary_q2_n120_ntest1000_m4_rep033.rds",45892,"d558583747fdeb4252ab192a6e826b0f","study2-synthetic-shared-state-v2","f0c9499deacb12091c645cb7219917da","primary_q2"
"1.1.0","study2","primary",34,120,1000,2,2,4,1340001,1340002,"study2_primary_q2_n120_ntest1000_m4_rep034.rds",46664,"038e54c56e03d865dd87175e4d271a12","study2-synthetic-shared-state-v2","f0c9499deacb12091c645cb7219917da","primary_q2"
"1.1.0","study2","primary",35,120,1000,2,2,4,1350001,1350002,"study2_primary_q2_n120_ntest1000_m4_rep035.rds",46696,"d812c4db00035eff05cc0cc663e67c8a","study2-synthetic-shared-state-v2","f0c9499deacb12091c645cb7219917da","primary_q2"
"1.1.0","study2","primary",36,120,1000,2,2,4,1360001,1360002,"study2_primary_q2_n120_ntest1000_m4_rep036.rds",46652,"0c71b482eb40f036e260ed22a3f6d299","study2-synthetic-shared-state-v2","f0c9499deacb12091c645cb7219917da","primary_q2"
"1.1.0","study2","primary",37,120,1000,2,2,4,1370001,1370002,"study2_primary_q2_n120_ntest1000_m4_rep037.rds",46676,"16e8339f239c880ea97f8d3930a30377","study2-synthetic-shared-state-v2","f0c9499deacb12091c645cb7219917da","primary_q2"
"1.1.0","study2","primary",38,120,1000,2,2,4,1380001,1380002,"study2_primary_q2_n120_ntest1000_m4_rep038.rds",46648,"c522263b9a9dab5135c3bc0d4eb698ee","study2-synthetic-shared-state-v2","f0c9499deacb12091c645cb7219917da","primary_q2"
"1.1.0","study2","primary",39,120,1000,2,2,4,1390001,1390002,"study2_primary_q2_n120_ntest1000_m4_rep039.rds",46668,"3cf9d07a91770a28d4557c2b186bb356","study2-synthetic-shared-state-v2","f0c9499deacb12091c645cb7219917da","primary_q2"
"1.1.0","study2","primary",40,120,1000,2,2,4,1400001,1400002,"study2_primary_q2_n120_ntest1000_m4_rep040.rds",46640,"c5d6899b31013ef7cfce21ac37a5d9a3","study2-synthetic-shared-state-v2","f0c9499deacb12091c645cb7219917da","primary_q2"
"1.1.0","study2","primary",41,120,1000,2,2,4,1410001,1410002,"study2_primary_q2_n120_ntest1000_m4_rep041.rds",46700,"adadd66aa8ecd12af5abe632ee229ad4","study2-synthetic-shared-state-v2","f0c9499deacb12091c645cb7219917da","primary_q2"
"1.1.0","study2","primary",42,120,1000,2,2,4,1420001,1420002,"study2_primary_q2_n120_ntest1000_m4_rep042.rds",46692,"dd119377739ac9d65657ca096768cccd","study2-synthetic-shared-state-v2","f0c9499deacb12091c645cb7219917da","primary_q2"
"1.1.0","study2","primary",43,120,1000,2,2,4,1430001,1430002,"study2_primary_q2_n120_ntest1000_m4_rep043.rds",46664,"7040c2cde80504a19bd8ad68d59dee8d","study2-synthetic-shared-state-v2","f0c9499deacb12091c645cb7219917da","primary_q2"
"1.1.0","study2","primary",44,120,1000,2,2,4,1440001,1440002,"study2_primary_q2_n120_ntest1000_m4_rep044.rds",46660,"11ccf366fcd63d3794f95dc4ba64f838","study2-synthetic-shared-state-v2","f0c9499deacb12091c645cb7219917da","primary_q2"
"1.1.0","study2","primary",45,120,1000,2,2,4,1450001,1450002,"study2_primary_q2_n120_ntest1000_m4_rep045.rds",46660,"51862f5e14793b82a0a92fd36934fef8","study2-synthetic-shared-state-v2","f0c9499deacb12091c645cb7219917da","primary_q2"
"1.1.0","study2","primary",46,120,1000,2,2,4,1460001,1460002,"study2_primary_q2_n120_ntest1000_m4_rep046.rds",46680,"f2f246e8b1ae90df8e03aef95cfc452b","study2-synthetic-shared-state-v2","f0c9499deacb12091c645cb7219917da","primary_q2"
"1.1.0","study2","primary",47,120,1000,2,2,4,1470001,1470002,"study2_primary_q2_n120_ntest1000_m4_rep047.rds",46696,"ecd2e1cc1becdff9f7bda29ecbb07885","study2-synthetic-shared-state-v2","f0c9499deacb12091c645cb7219917da","primary_q2"
"1.1.0","study2","primary",48,120,1000,2,2,4,1480001,1480002,"study2_primary_q2_n120_ntest1000_m4_rep048.rds",46700,"b4a6c2ee2dc4431b02d71b6fc3b22084","study2-synthetic-shared-state-v2","f0c9499deacb12091c645cb7219917da","primary_q2"
"1.1.0","study2","primary",49,120,1000,2,2,4,1490001,1490002,"study2_primary_q2_n120_ntest1000_m4_rep049.rds",45964,"c949f688bca8f03db88ad7cc30adc37b","study2-synthetic-shared-state-v2","f0c9499deacb12091c645cb7219917da","primary_q2"
"1.1.0","study2","primary",50,120,1000,2,2,4,1500001,1500002,"study2_primary_q2_n120_ntest1000_m4_rep050.rds",46708,"d327d7eadc3107956c61eab1062ec631","study2-synthetic-shared-state-v2","f0c9499deacb12091c645cb7219917da","primary_q2"
"1.1.0","study2","primary",51,120,1000,2,2,4,1510001,1510002,"study2_primary_q2_n120_ntest1000_m4_rep051.rds",46652,"ff2154fe5bcf33c996d2f732b22cd753","study2-synthetic-shared-state-v2","f0c9499deacb12091c645cb7219917da","primary_q2"
"1.1.0","study2","primary",52,120,1000,2,2,4,1520001,1520002,"study2_primary_q2_n120_ntest1000_m4_rep052.rds",46732,"d3d517c22d94e4c689d1e76988a40dcf","study2-synthetic-shared-state-v2","f0c9499deacb12091c645cb7219917da","primary_q2"
"1.1.0","study2","primary",53,120,1000,2,2,4,1530001,1530002,"study2_primary_q2_n120_ntest1000_m4_rep053.rds",45912,"b55b756816625a4296e8d97c3b28b603","study2-synthetic-shared-state-v2","f0c9499deacb12091c645cb7219917da","primary_q2"
"1.1.0","study2","primary",54,120,1000,2,2,4,1540001,1540002,"study2_primary_q2_n120_ntest1000_m4_rep054.rds",46676,"b964e8f4e129ed3cfd4bb67ca962f752","study2-synthetic-shared-state-v2","f0c9499deacb12091c645cb7219917da","primary_q2"
"1.1.0","study2","primary",55,120,1000,2,2,4,1550001,1550002,"study2_primary_q2_n120_ntest1000_m4_rep055.rds",46684,"dd02bb8e436c55c4777cb7f637c00458","study2-synthetic-shared-state-v2","f0c9499deacb12091c645cb7219917da","primary_q2"
"1.1.0","study2","primary",56,120,1000,2,2,4,1560001,1560002,"study2_primary_q2_n120_ntest1000_m4_rep056.rds",46636,"fce2155f93c44d9698bf7a89458fea1f","study2-synthetic-shared-state-v2","f0c9499deacb12091c645cb7219917da","primary_q2"
"1.1.0","study2","primary",57,120,1000,2,2,4,1570001,1570002,"study2_primary_q2_n120_ntest1000_m4_rep057.rds",46644,"84b711ae92e6d4ff4a736bbc9fbfcbc5","study2-synthetic-shared-state-v2","f0c9499deacb12091c645cb7219917da","primary_q2"
"1.1.0","study2","primary",58,120,1000,2,2,4,1580001,1580002,"study2_primary_q2_n120_ntest1000_m4_rep058.rds",46656,"58b329138b294955e2ecfa33436aa3ed","study2-synthetic-shared-state-v2","f0c9499deacb12091c645cb7219917da","primary_q2"
"1.1.0","study2","primary",59,120,1000,2,2,4,1590001,1590002,"study2_primary_q2_n120_ntest1000_m4_rep059.rds",46708,"dcdaa390bb75f9e23ce0f04b94a220ec","study2-synthetic-shared-state-v2","f0c9499deacb12091c645cb7219917da","primary_q2"
"1.1.0","study2","primary",60,120,1000,2,2,4,1600001,1600002,"study2_primary_q2_n120_ntest1000_m4_rep060.rds",46712,"7e878abe636ae96a44e75ffaacb47138","study2-synthetic-shared-state-v2","f0c9499deacb12091c645cb7219917da","primary_q2"
"1.1.0","study2","primary",61,120,1000,2,2,4,1610001,1610002,"study2_primary_q2_n120_ntest1000_m4_rep061.rds",46684,"7c6bf87019138498faa990eef38efd1f","study2-synthetic-shared-state-v2","f0c9499deacb12091c645cb7219917da","primary_q2"
"1.1.0","study2","primary",62,120,1000,2,2,4,1620001,1620002,"study2_primary_q2_n120_ntest1000_m4_rep062.rds",45916,"e4c815c85cc970e7ae43ae7a5071c7ad","study2-synthetic-shared-state-v2","f0c9499deacb12091c645cb7219917da","primary_q2"
"1.1.0","study2","primary",63,120,1000,2,2,4,1630001,1630002,"study2_primary_q2_n120_ntest1000_m4_rep063.rds",46696,"22f63bf5b9d24e5efaae653818181fed","study2-synthetic-shared-state-v2","f0c9499deacb12091c645cb7219917da","primary_q2"
"1.1.0","study2","primary",64,120,1000,2,2,4,1640001,1640002,"study2_primary_q2_n120_ntest1000_m4_rep064.rds",46644,"d93670f5d939c447b91226f8717f7fdd","study2-synthetic-shared-state-v2","f0c9499deacb12091c645cb7219917da","primary_q2"
"1.1.0","study2","primary",65,120,1000,2,2,4,1650001,1650002,"study2_primary_q2_n120_ntest1000_m4_rep065.rds",46636,"343430741c8969df0e0e37e646fc76f5","study2-synthetic-shared-state-v2","f0c9499deacb12091c645cb7219917da","primary_q2"
"1.1.0","study2","primary",66,120,1000,2,2,4,1660001,1660002,"study2_primary_q2_n120_ntest1000_m4_rep066.rds",46648,"de669941b1b65a1cf0f178e328b04100","study2-synthetic-shared-state-v2","f0c9499deacb12091c645cb7219917da","primary_q2"
"1.1.0","study2","primary",67,120,1000,2,2,4,1670001,1670002,"study2_primary_q2_n120_ntest1000_m4_rep067.rds",46680,"23078f50488e290a7a22835692743f52","study2-synthetic-shared-state-v2","f0c9499deacb12091c645cb7219917da","primary_q2"
"1.1.0","study2","primary",68,120,1000,2,2,4,1680001,1680002,"study2_primary_q2_n120_ntest1000_m4_rep068.rds",46676,"bfccebc2b39885ad7b56642f0c6878bf","study2-synthetic-shared-state-v2","f0c9499deacb12091c645cb7219917da","primary_q2"
"1.1.0","study2","primary",69,120,1000,2,2,4,1690001,1690002,"study2_primary_q2_n120_ntest1000_m4_rep069.rds",46684,"0d86d27bdb0d79464e37d647ed1b6dda","study2-synthetic-shared-state-v2","f0c9499deacb12091c645cb7219917da","primary_q2"
"1.1.0","study2","primary",70,120,1000,2,2,4,1700001,1700002,"study2_primary_q2_n120_ntest1000_m4_rep070.rds",46676,"77a493396e01786f8b7b49da1ca70eb2","study2-synthetic-shared-state-v2","f0c9499deacb12091c645cb7219917da","primary_q2"
"1.1.0","study2","primary",71,120,1000,2,2,4,1710001,1710002,"study2_primary_q2_n120_ntest1000_m4_rep071.rds",46684,"188e883cbfc1a64eedd74c05a61cddca","study2-synthetic-shared-state-v2","f0c9499deacb12091c645cb7219917da","primary_q2"
"1.1.0","study2","primary",72,120,1000,2,2,4,1720001,1720002,"study2_primary_q2_n120_ntest1000_m4_rep072.rds",45864,"f9b5586b6fc2bf7471e6e48f186ef85b","study2-synthetic-shared-state-v2","f0c9499deacb12091c645cb7219917da","primary_q2"
"1.1.0","study2","primary",73,120,1000,2,2,4,1730001,1730002,"study2_primary_q2_n120_ntest1000_m4_rep073.rds",46692,"66bd7a2673de871d3e778879741639e9","study2-synthetic-shared-state-v2","f0c9499deacb12091c645cb7219917da","primary_q2"
"1.1.0","study2","primary",74,120,1000,2,2,4,1740001,1740002,"study2_primary_q2_n120_ntest1000_m4_rep074.rds",46700,"c707b254d0bf034b9e70157b726c4ac6","study2-synthetic-shared-state-v2","f0c9499deacb12091c645cb7219917da","primary_q2"
"1.1.0","study2","primary",75,120,1000,2,2,4,1750001,1750002,"study2_primary_q2_n120_ntest1000_m4_rep075.rds",46660,"40eabfe3fbde94ebd880e89837eacbc6","study2-synthetic-shared-state-v2","f0c9499deacb12091c645cb7219917da","primary_q2"
"1.1.0","study2","primary",76,120,1000,2,2,4,1760001,1760002,"study2_primary_q2_n120_ntest1000_m4_rep076.rds",45840,"0f6160b1aa741c0e525813c8658f89d9","study2-synthetic-shared-state-v2","f0c9499deacb12091c645cb7219917da","primary_q2"
"1.1.0","study2","primary",77,120,1000,2,2,4,1770001,1770002,"study2_primary_q2_n120_ntest1000_m4_rep077.rds",46700,"c2840126ceb09083f8ec39f2c1c2b438","study2-synthetic-shared-state-v2","f0c9499deacb12091c645cb7219917da","primary_q2"
"1.1.0","study2","primary",78,120,1000,2,2,4,1780001,1780002,"study2_primary_q2_n120_ntest1000_m4_rep078.rds",46648,"06b997f05a0b842bfb88e95950e7646f","study2-synthetic-shared-state-v2","f0c9499deacb12091c645cb7219917da","primary_q2"
"1.1.0","study2","primary",79,120,1000,2,2,4,1790001,1790002,"study2_primary_q2_n120_ntest1000_m4_rep079.rds",46624,"04f35a7ef3373d3d320622446dbf15f8","study2-synthetic-shared-state-v2","f0c9499deacb12091c645cb7219917da","primary_q2"
"1.1.0","study2","primary",80,120,1000,2,2,4,1800001,1800002,"study2_primary_q2_n120_ntest1000_m4_rep080.rds",45884,"89a470ea81937546d193bce78f7740ae","study2-synthetic-shared-state-v2","f0c9499deacb12091c645cb7219917da","primary_q2"
"1.1.0","study2","primary",81,120,1000,2,2,4,1810001,1810002,"study2_primary_q2_n120_ntest1000_m4_rep081.rds",46688,"cb3cea376a49c08a4f826f83ffa5b13c","study2-synthetic-shared-state-v2","f0c9499deacb12091c645cb7219917da","primary_q2"
"1.1.0","study2","primary",82,120,1000,2,2,4,1820001,1820002,"study2_primary_q2_n120_ntest1000_m4_rep082.rds",46672,"8aefe49dd1d85fe912ba82ff10c5b9fe","study2-synthetic-shared-state-v2","f0c9499deacb12091c645cb7219917da","primary_q2"
"1.1.0","study2","primary",83,120,1000,2,2,4,1830001,1830002,"study2_primary_q2_n120_ntest1000_m4_rep083.rds",46660,"6677089b2eff144515bb3ec563b67ca2","study2-synthetic-shared-state-v2","f0c9499deacb12091c645cb7219917da","primary_q2"
"1.1.0","study2","primary",84,120,1000,2,2,4,1840001,1840002,"study2_primary_q2_n120_ntest1000_m4_rep084.rds",46696,"90654a1758c3202a07c0db8df020f090","study2-synthetic-shared-state-v2","f0c9499deacb12091c645cb7219917da","primary_q2"
"1.1.0","study2","primary",85,120,1000,2,2,4,1850001,1850002,"study2_primary_q2_n120_ntest1000_m4_rep085.rds",46712,"ac215c933d0fbd6597a3315fa183de85","study2-synthetic-shared-state-v2","f0c9499deacb12091c645cb7219917da","primary_q2"
"1.1.0","study2","primary",86,120,1000,2,2,4,1860001,1860002,"study2_primary_q2_n120_ntest1000_m4_rep086.rds",45928,"772b7b970f88eaf784f13ed282e3757b","study2-synthetic-shared-state-v2","f0c9499deacb12091c645cb7219917da","primary_q2"
"1.1.0","study2","primary",87,120,1000,2,2,4,1870001,1870002,"study2_primary_q2_n120_ntest1000_m4_rep087.rds",46696,"8aaeafd9052331fd83b3e4bb76bc7591","study2-synthetic-shared-state-v2","f0c9499deacb12091c645cb7219917da","primary_q2"
"1.1.0","study2","primary",88,120,1000,2,2,4,1880001,1880002,"study2_primary_q2_n120_ntest1000_m4_rep088.rds",46664,"32346c9f99f16e8335c6eb1602f8bfeb","study2-synthetic-shared-state-v2","f0c9499deacb12091c645cb7219917da","primary_q2"
"1.1.0","study2","primary",89,120,1000,2,2,4,1890001,1890002,"study2_primary_q2_n120_ntest1000_m4_rep089.rds",46692,"9cd309391d6ae27bd2f6688401238a0c","study2-synthetic-shared-state-v2","f0c9499deacb12091c645cb7219917da","primary_q2"
"1.1.0","study2","primary",90,120,1000,2,2,4,1900001,1900002,"study2_primary_q2_n120_ntest1000_m4_rep090.rds",45908,"f0c18e10fcd43479479c18979403d609","study2-synthetic-shared-state-v2","f0c9499deacb12091c645cb7219917da","primary_q2"
"1.1.0","study2","primary",91,120,1000,2,2,4,1910001,1910002,"study2_primary_q2_n120_ntest1000_m4_rep091.rds",46612,"970783ebf6b0a178387cdfb3845ade7b","study2-synthetic-shared-state-v2","f0c9499deacb12091c645cb7219917da","primary_q2"
"1.1.0","study2","primary",92,120,1000,2,2,4,1920001,1920002,"study2_primary_q2_n120_ntest1000_m4_rep092.rds",46652,"1da92126740e1794cc548255969fff68","study2-synthetic-shared-state-v2","f0c9499deacb12091c645cb7219917da","primary_q2"
"1.1.0","study2","primary",93,120,1000,2,2,4,1930001,1930002,"study2_primary_q2_n120_ntest1000_m4_rep093.rds",46652,"2513c352f276e952a2d7650753fee5b1","study2-synthetic-shared-state-v2","f0c9499deacb12091c645cb7219917da","primary_q2"
"1.1.0","study2","primary",94,120,1000,2,2,4,1940001,1940002,"study2_primary_q2_n120_ntest1000_m4_rep094.rds",46236,"f0110bae28b0d207d30ef212ebda9fd8","study2-synthetic-shared-state-v2","f0c9499deacb12091c645cb7219917da","primary_q2"
"1.1.0","study2","primary",95,120,1000,2,2,4,1950001,1950002,"study2_primary_q2_n120_ntest1000_m4_rep095.rds",45948,"c4289528a1a7e1c8a3eaa01c14f06b1b","study2-synthetic-shared-state-v2","f0c9499deacb12091c645cb7219917da","primary_q2"
"1.1.0","study2","primary",96,120,1000,2,2,4,1960001,1960002,"study2_primary_q2_n120_ntest1000_m4_rep096.rds",45860,"3af0d46fe11d002ad7b81b551277ffb5","study2-synthetic-shared-state-v2","f0c9499deacb12091c645cb7219917da","primary_q2"
"1.1.0","study2","primary",97,120,1000,2,2,4,1970001,1970002,"study2_primary_q2_n120_ntest1000_m4_rep097.rds",46664,"1aa6435d98ed73383901740f1b9e79a9","study2-synthetic-shared-state-v2","f0c9499deacb12091c645cb7219917da","primary_q2"
"1.1.0","study2","primary",98,120,1000,2,2,4,1980001,1980002,"study2_primary_q2_n120_ntest1000_m4_rep098.rds",46080,"f32ec66f4501ca4f11798e4352e00c84","study2-synthetic-shared-state-v2","f0c9499deacb12091c645cb7219917da","primary_q2"
"1.1.0","study2","primary",99,120,1000,2,2,4,1990001,1990002,"study2_primary_q2_n120_ntest1000_m4_rep099.rds",46676,"41ad6d930f82de8b0aa4e9f4f3e4067a","study2-synthetic-shared-state-v2","f0c9499deacb12091c645cb7219917da","primary_q2"
"1.1.0","study2","primary",100,120,1000,2,2,4,2000001,2000002,"study2_primary_q2_n120_ntest1000_m4_rep100.rds",46648,"329db1a4eecb0addc6ae2cde2591c81e","study2-synthetic-shared-state-v2","f0c9499deacb12091c645cb7219917da","primary_q2"
"1.1.0","study2","primary",1,120,1000,3,2,4,1010001,1010002,"study2_primary_q3_n120_ntest1000_m4_rep001.rds",46220,"625ce47b7e0155324cc6c8b4a659f2ba","study2-synthetic-shared-state-v2","f4bcd5676c444f71fb9e77d91507c12f","primary_q3"
"1.1.0","study2","primary",2,120,1000,3,2,4,1020001,1020002,"study2_primary_q3_n120_ntest1000_m4_rep002.rds",47108,"a23ed3021eaad6cbf262c76898274b65","study2-synthetic-shared-state-v2","f4bcd5676c444f71fb9e77d91507c12f","primary_q3"
"1.1.0","study2","primary",3,120,1000,3,2,4,1030001,1030002,"study2_primary_q3_n120_ntest1000_m4_rep003.rds",47104,"9a950f5f7e9b20fc077f3f9bea4819d1","study2-synthetic-shared-state-v2","f4bcd5676c444f71fb9e77d91507c12f","primary_q3"
"1.1.0","study2","primary",4,120,1000,3,2,4,1040001,1040002,"study2_primary_q3_n120_ntest1000_m4_rep004.rds",46864,"2d98c5f7b69474703539579fb85d6692","study2-synthetic-shared-state-v2","f4bcd5676c444f71fb9e77d91507c12f","primary_q3"
"1.1.0","study2","primary",5,120,1000,3,2,4,1050001,1050002,"study2_primary_q3_n120_ntest1000_m4_rep005.rds",46296,"559c294711a1f6d10eb74d27128c0f76","study2-synthetic-shared-state-v2","f4bcd5676c444f71fb9e77d91507c12f","primary_q3"
"1.1.0","study2","primary",6,120,1000,3,2,4,1060001,1060002,"study2_primary_q3_n120_ntest1000_m4_rep006.rds",46328,"35f22ea8bc821254e1f699703da73dbc","study2-synthetic-shared-state-v2","f4bcd5676c444f71fb9e77d91507c12f","primary_q3"
"1.1.0","study2","primary",7,120,1000,3,2,4,1070001,1070002,"study2_primary_q3_n120_ntest1000_m4_rep007.rds",47048,"cea9f52a5975cedc60dff7c3b1601ce6","study2-synthetic-shared-state-v2","f4bcd5676c444f71fb9e77d91507c12f","primary_q3"
"1.1.0","study2","primary",8,120,1000,3,2,4,1080001,1080002,"study2_primary_q3_n120_ntest1000_m4_rep008.rds",46300,"911951fff02ead7caefc1d116d441a01","study2-synthetic-shared-state-v2","f4bcd5676c444f71fb9e77d91507c12f","primary_q3"
"1.1.0","study2","primary",9,120,1000,3,2,4,1090001,1090002,"study2_primary_q3_n120_ntest1000_m4_rep009.rds",47024,"23408a4f29431b504c6d136a1538c214","study2-synthetic-shared-state-v2","f4bcd5676c444f71fb9e77d91507c12f","primary_q3"
"1.1.0","study2","primary",10,120,1000,3,2,4,1100001,1100002,"study2_primary_q3_n120_ntest1000_m4_rep010.rds",46992,"7372787fa13d3926d9bf05885bdfd48e","study2-synthetic-shared-state-v2","f4bcd5676c444f71fb9e77d91507c12f","primary_q3"
"1.1.0","study2","primary",11,120,1000,3,2,4,1110001,1110002,"study2_primary_q3_n120_ntest1000_m4_rep011.rds",47028,"b91f5bb9fedde80f5a6abe53547a1d71","study2-synthetic-shared-state-v2","f4bcd5676c444f71fb9e77d91507c12f","primary_q3"
"1.1.0","study2","primary",12,120,1000,3,2,4,1120001,1120002,"study2_primary_q3_n120_ntest1000_m4_rep012.rds",46348,"f08d9377bf038ee1ff8a373ebb841308","study2-synthetic-shared-state-v2","f4bcd5676c444f71fb9e77d91507c12f","primary_q3"
"1.1.0","study2","primary",13,120,1000,3,2,4,1130001,1130002,"study2_primary_q3_n120_ntest1000_m4_rep013.rds",46272,"6a2128737c83b94279f8ad7d49d7cd4d","study2-synthetic-shared-state-v2","f4bcd5676c444f71fb9e77d91507c12f","primary_q3"
"1.1.0","study2","primary",14,120,1000,3,2,4,1140001,1140002,"study2_primary_q3_n120_ntest1000_m4_rep014.rds",47044,"c1af49bb66a5028a98f36d1d3fcf16b4","study2-synthetic-shared-state-v2","f4bcd5676c444f71fb9e77d91507c12f","primary_q3"
"1.1.0","study2","primary",15,120,1000,3,2,4,1150001,1150002,"study2_primary_q3_n120_ntest1000_m4_rep015.rds",46300,"b2e980f1bb608c51ac31803982af1a70","study2-synthetic-shared-state-v2","f4bcd5676c444f71fb9e77d91507c12f","primary_q3"
"1.1.0","study2","primary",16,120,1000,3,2,4,1160001,1160002,"study2_primary_q3_n120_ntest1000_m4_rep016.rds",46924,"656f6a7d9df566a69e4a07b13df8567b","study2-synthetic-shared-state-v2","f4bcd5676c444f71fb9e77d91507c12f","primary_q3"
"1.1.0","study2","primary",17,120,1000,3,2,4,1170001,1170002,"study2_primary_q3_n120_ntest1000_m4_rep017.rds",47012,"8bbeb2274044c282bd905b7e8cbf490f","study2-synthetic-shared-state-v2","f4bcd5676c444f71fb9e77d91507c12f","primary_q3"
"1.1.0","study2","primary",18,120,1000,3,2,4,1180001,1180002,"study2_primary_q3_n120_ntest1000_m4_rep018.rds",47084,"c65b2421e3950873fc39c365958b9493","study2-synthetic-shared-state-v2","f4bcd5676c444f71fb9e77d91507c12f","primary_q3"
"1.1.0","study2","primary",19,120,1000,3,2,4,1190001,1190002,"study2_primary_q3_n120_ntest1000_m4_rep019.rds",46392,"9a5b7dcfa79db0b7f6126ae1990bc37d","study2-synthetic-shared-state-v2","f4bcd5676c444f71fb9e77d91507c12f","primary_q3"
"1.1.0","study2","primary",20,120,1000,3,2,4,1200001,1200002,"study2_primary_q3_n120_ntest1000_m4_rep020.rds",47016,"3a46cb7ba6fd697af7ff575987b7af15","study2-synthetic-shared-state-v2","f4bcd5676c444f71fb9e77d91507c12f","primary_q3"
"1.1.0","study2","primary",21,120,1000,3,2,4,1210001,1210002,"study2_primary_q3_n120_ntest1000_m4_rep021.rds",47096,"18ae4ce1b3b75aaa0e8fe8a409ac40e9","study2-synthetic-shared-state-v2","f4bcd5676c444f71fb9e77d91507c12f","primary_q3"
"1.1.0","study2","primary",22,120,1000,3,2,4,1220001,1220002,"study2_primary_q3_n120_ntest1000_m4_rep022.rds",47008,"5eb588f170af5dfdf76be4882d49e9a5","study2-synthetic-shared-state-v2","f4bcd5676c444f71fb9e77d91507c12f","primary_q3"
"1.1.0","study2","primary",23,120,1000,3,2,4,1230001,1230002,"study2_primary_q3_n120_ntest1000_m4_rep023.rds",47020,"3f161353c5869d187c41d304a777cc8d","study2-synthetic-shared-state-v2","f4bcd5676c444f71fb9e77d91507c12f","primary_q3"
"1.1.0","study2","primary",24,120,1000,3,2,4,1240001,1240002,"study2_primary_q3_n120_ntest1000_m4_rep024.rds",47044,"bf92df28fc8a2b3e8a7c40dcb678e392","study2-synthetic-shared-state-v2","f4bcd5676c444f71fb9e77d91507c12f","primary_q3"
"1.1.0","study2","primary",25,120,1000,3,2,4,1250001,1250002,"study2_primary_q3_n120_ntest1000_m4_rep025.rds",47028,"b47afb768c7447fa01d879548d323054","study2-synthetic-shared-state-v2","f4bcd5676c444f71fb9e77d91507c12f","primary_q3"
"1.1.0","study2","primary",26,120,1000,3,2,4,1260001,1260002,"study2_primary_q3_n120_ntest1000_m4_rep026.rds",47036,"a7999443894d94cc84759ea7a591eb61","study2-synthetic-shared-state-v2","f4bcd5676c444f71fb9e77d91507c12f","primary_q3"
"1.1.0","study2","primary",27,120,1000,3,2,4,1270001,1270002,"study2_primary_q3_n120_ntest1000_m4_rep027.rds",47060,"bef3f32b9998413b7dfffd44cd673a17","study2-synthetic-shared-state-v2","f4bcd5676c444f71fb9e77d91507c12f","primary_q3"
"1.1.0","study2","primary",28,120,1000,3,2,4,1280001,1280002,"study2_primary_q3_n120_ntest1000_m4_rep028.rds",47060,"91276c56940f8dec46ef4e1caea24c34","study2-synthetic-shared-state-v2","f4bcd5676c444f71fb9e77d91507c12f","primary_q3"
"1.1.0","study2","primary",29,120,1000,3,2,4,1290001,1290002,"study2_primary_q3_n120_ntest1000_m4_rep029.rds",47048,"ddf88995cf0e136d6838ed429484384c","study2-synthetic-shared-state-v2","f4bcd5676c444f71fb9e77d91507c12f","primary_q3"
"1.1.0","study2","primary",30,120,1000,3,2,4,1300001,1300002,"study2_primary_q3_n120_ntest1000_m4_rep030.rds",47036,"60bb7a97e798c4d25a37eafd954aaa51","study2-synthetic-shared-state-v2","f4bcd5676c444f71fb9e77d91507c12f","primary_q3"
"1.1.0","study2","primary",31,120,1000,3,2,4,1310001,1310002,"study2_primary_q3_n120_ntest1000_m4_rep031.rds",47116,"9e637c1b371c2332152bb74438f343b2","study2-synthetic-shared-state-v2","f4bcd5676c444f71fb9e77d91507c12f","primary_q3"
"1.1.0","study2","primary",32,120,1000,3,2,4,1320001,1320002,"study2_primary_q3_n120_ntest1000_m4_rep032.rds",46272,"92a0fe323cba27fb21c39c5280a09deb","study2-synthetic-shared-state-v2","f4bcd5676c444f71fb9e77d91507c12f","primary_q3"
"1.1.0","study2","primary",33,120,1000,3,2,4,1330001,1330002,"study2_primary_q3_n120_ntest1000_m4_rep033.rds",46280,"0d8ec53c37e82de0d74285384951b3a0","study2-synthetic-shared-state-v2","f4bcd5676c444f71fb9e77d91507c12f","primary_q3"
"1.1.0","study2","primary",34,120,1000,3,2,4,1340001,1340002,"study2_primary_q3_n120_ntest1000_m4_rep034.rds",47084,"3c782516439fa8adee7d8cf7f1daa64e","study2-synthetic-shared-state-v2","f4bcd5676c444f71fb9e77d91507c12f","primary_q3"
"1.1.0","study2","primary",35,120,1000,3,2,4,1350001,1350002,"study2_primary_q3_n120_ntest1000_m4_rep035.rds",47120,"a6608e5bf7c245145b9dde4d1a5e8cdf","study2-synthetic-shared-state-v2","f4bcd5676c444f71fb9e77d91507c12f","primary_q3"
"1.1.0","study2","primary",36,120,1000,3,2,4,1360001,1360002,"study2_primary_q3_n120_ntest1000_m4_rep036.rds",47068,"51f5fc2cd87939596551c2a498e4c02d","study2-synthetic-shared-state-v2","f4bcd5676c444f71fb9e77d91507c12f","primary_q3"
"1.1.0","study2","primary",37,120,1000,3,2,4,1370001,1370002,"study2_primary_q3_n120_ntest1000_m4_rep037.rds",47092,"e2eb95b7fb90059dce1d17df34922de0","study2-synthetic-shared-state-v2","f4bcd5676c444f71fb9e77d91507c12f","primary_q3"
"1.1.0","study2","primary",38,120,1000,3,2,4,1380001,1380002,"study2_primary_q3_n120_ntest1000_m4_rep038.rds",47032,"935025030ff33b0280c77a2ff2966cf8","study2-synthetic-shared-state-v2","f4bcd5676c444f71fb9e77d91507c12f","primary_q3"
"1.1.0","study2","primary",39,120,1000,3,2,4,1390001,1390002,"study2_primary_q3_n120_ntest1000_m4_rep039.rds",47072,"17724788d22631699b23a2c336b41c75","study2-synthetic-shared-state-v2","f4bcd5676c444f71fb9e77d91507c12f","primary_q3"
"1.1.0","study2","primary",40,120,1000,3,2,4,1400001,1400002,"study2_primary_q3_n120_ntest1000_m4_rep040.rds",47044,"843570c6b29770d5ec6b412e7d2d87ca","study2-synthetic-shared-state-v2","f4bcd5676c444f71fb9e77d91507c12f","primary_q3"
"1.1.0","study2","primary",41,120,1000,3,2,4,1410001,1410002,"study2_primary_q3_n120_ntest1000_m4_rep041.rds",47060,"ecaf3c251949be986b6d658753481f0b","study2-synthetic-shared-state-v2","f4bcd5676c444f71fb9e77d91507c12f","primary_q3"
"1.1.0","study2","primary",42,120,1000,3,2,4,1420001,1420002,"study2_primary_q3_n120_ntest1000_m4_rep042.rds",47052,"413c6af7e7e674bad03f83031cc6af51","study2-synthetic-shared-state-v2","f4bcd5676c444f71fb9e77d91507c12f","primary_q3"
"1.1.0","study2","primary",43,120,1000,3,2,4,1430001,1430002,"study2_primary_q3_n120_ntest1000_m4_rep043.rds",47076,"8ddc232da9d3fa37b20a8983e8629be7","study2-synthetic-shared-state-v2","f4bcd5676c444f71fb9e77d91507c12f","primary_q3"
"1.1.0","study2","primary",44,120,1000,3,2,4,1440001,1440002,"study2_primary_q3_n120_ntest1000_m4_rep044.rds",47064,"319f193f460d9132e3cb77568a78a197","study2-synthetic-shared-state-v2","f4bcd5676c444f71fb9e77d91507c12f","primary_q3"
"1.1.0","study2","primary",45,120,1000,3,2,4,1450001,1450002,"study2_primary_q3_n120_ntest1000_m4_rep045.rds",47048,"99a5ddee2c0c67b9a51130deb01787ac","study2-synthetic-shared-state-v2","f4bcd5676c444f71fb9e77d91507c12f","primary_q3"
"1.1.0","study2","primary",46,120,1000,3,2,4,1460001,1460002,"study2_primary_q3_n120_ntest1000_m4_rep046.rds",47068,"32d8b701e770a6db023f07584f480f28","study2-synthetic-shared-state-v2","f4bcd5676c444f71fb9e77d91507c12f","primary_q3"
"1.1.0","study2","primary",47,120,1000,3,2,4,1470001,1470002,"study2_primary_q3_n120_ntest1000_m4_rep047.rds",47124,"08229abebf58a688f6992085f8f901e5","study2-synthetic-shared-state-v2","f4bcd5676c444f71fb9e77d91507c12f","primary_q3"
"1.1.0","study2","primary",48,120,1000,3,2,4,1480001,1480002,"study2_primary_q3_n120_ntest1000_m4_rep048.rds",47084,"52ec16b25996c2c2a2d2dfb0b06a4a03","study2-synthetic-shared-state-v2","f4bcd5676c444f71fb9e77d91507c12f","primary_q3"
"1.1.0","study2","primary",49,120,1000,3,2,4,1490001,1490002,"study2_primary_q3_n120_ntest1000_m4_rep049.rds",46280,"d3000e68293b0588c9751183f528389e","study2-synthetic-shared-state-v2","f4bcd5676c444f71fb9e77d91507c12f","primary_q3"
"1.1.0","study2","primary",50,120,1000,3,2,4,1500001,1500002,"study2_primary_q3_n120_ntest1000_m4_rep050.rds",47096,"fa43e75f3ddfa8087b27550f74675962","study2-synthetic-shared-state-v2","f4bcd5676c444f71fb9e77d91507c12f","primary_q3"
"1.1.0","study2","primary",51,120,1000,3,2,4,1510001,1510002,"study2_primary_q3_n120_ntest1000_m4_rep051.rds",47088,"ec160436dfae3dea12b3edb4f5414548","study2-synthetic-shared-state-v2","f4bcd5676c444f71fb9e77d91507c12f","primary_q3"
"1.1.0","study2","primary",52,120,1000,3,2,4,1520001,1520002,"study2_primary_q3_n120_ntest1000_m4_rep052.rds",47080,"646455d60806609d2bff8eac1ba6b428","study2-synthetic-shared-state-v2","f4bcd5676c444f71fb9e77d91507c12f","primary_q3"
"1.1.0","study2","primary",53,120,1000,3,2,4,1530001,1530002,"study2_primary_q3_n120_ntest1000_m4_rep053.rds",47036,"46cb2f6866206f1d4dc541ea5acf197b","study2-synthetic-shared-state-v2","f4bcd5676c444f71fb9e77d91507c12f","primary_q3"
"1.1.0","study2","primary",54,120,1000,3,2,4,1540001,1540002,"study2_primary_q3_n120_ntest1000_m4_rep054.rds",47032,"a0023ca766b65ccc18e8829bf829bd79","study2-synthetic-shared-state-v2","f4bcd5676c444f71fb9e77d91507c12f","primary_q3"
"1.1.0","study2","primary",55,120,1000,3,2,4,1550001,1550002,"study2_primary_q3_n120_ntest1000_m4_rep055.rds",46284,"1e2bd7f4fefc5921e08c9eed70370f2b","study2-synthetic-shared-state-v2","f4bcd5676c444f71fb9e77d91507c12f","primary_q3"
"1.1.0","study2","primary",56,120,1000,3,2,4,1560001,1560002,"study2_primary_q3_n120_ntest1000_m4_rep056.rds",47028,"87bb96267e5b1612bfa289daf5669cb8","study2-synthetic-shared-state-v2","f4bcd5676c444f71fb9e77d91507c12f","primary_q3"
"1.1.0","study2","primary",57,120,1000,3,2,4,1570001,1570002,"study2_primary_q3_n120_ntest1000_m4_rep057.rds",47036,"3ae60466ab806772317f5914481abdf5","study2-synthetic-shared-state-v2","f4bcd5676c444f71fb9e77d91507c12f","primary_q3"
"1.1.0","study2","primary",58,120,1000,3,2,4,1580001,1580002,"study2_primary_q3_n120_ntest1000_m4_rep058.rds",47076,"2a4962ce3fd0d0f50da8ec37a7a3cf2e","study2-synthetic-shared-state-v2","f4bcd5676c444f71fb9e77d91507c12f","primary_q3"
"1.1.0","study2","primary",59,120,1000,3,2,4,1590001,1590002,"study2_primary_q3_n120_ntest1000_m4_rep059.rds",47096,"3df38b3259308481c4d45af315b466f1","study2-synthetic-shared-state-v2","f4bcd5676c444f71fb9e77d91507c12f","primary_q3"
"1.1.0","study2","primary",60,120,1000,3,2,4,1600001,1600002,"study2_primary_q3_n120_ntest1000_m4_rep060.rds",47108,"19b306ac24b7302f02d7b74d25dee9b0","study2-synthetic-shared-state-v2","f4bcd5676c444f71fb9e77d91507c12f","primary_q3"
"1.1.0","study2","primary",61,120,1000,3,2,4,1610001,1610002,"study2_primary_q3_n120_ntest1000_m4_rep061.rds",47108,"a4b80758de3397da9ec92510ed5c4383","study2-synthetic-shared-state-v2","f4bcd5676c444f71fb9e77d91507c12f","primary_q3"
"1.1.0","study2","primary",62,120,1000,3,2,4,1620001,1620002,"study2_primary_q3_n120_ntest1000_m4_rep062.rds",46316,"416543ed1cf338346d4dd06778f6c7fc","study2-synthetic-shared-state-v2","f4bcd5676c444f71fb9e77d91507c12f","primary_q3"
"1.1.0","study2","primary",63,120,1000,3,2,4,1630001,1630002,"study2_primary_q3_n120_ntest1000_m4_rep063.rds",47076,"7fc823561bfd6f56c912ecd3b1777459","study2-synthetic-shared-state-v2","f4bcd5676c444f71fb9e77d91507c12f","primary_q3"
"1.1.0","study2","primary",64,120,1000,3,2,4,1640001,1640002,"study2_primary_q3_n120_ntest1000_m4_rep064.rds",47024,"bf6902db5b77abbe6ef6732b942050c5","study2-synthetic-shared-state-v2","f4bcd5676c444f71fb9e77d91507c12f","primary_q3"
"1.1.0","study2","primary",65,120,1000,3,2,4,1650001,1650002,"study2_primary_q3_n120_ntest1000_m4_rep065.rds",47052,"8427dbee30dbf3a1e279c5ca731fd4af","study2-synthetic-shared-state-v2","f4bcd5676c444f71fb9e77d91507c12f","primary_q3"
"1.1.0","study2","primary",66,120,1000,3,2,4,1660001,1660002,"study2_primary_q3_n120_ntest1000_m4_rep066.rds",47060,"018f2df55c0060fbc4c07e2d605c9b77","study2-synthetic-shared-state-v2","f4bcd5676c444f71fb9e77d91507c12f","primary_q3"
"1.1.0","study2","primary",67,120,1000,3,2,4,1670001,1670002,"study2_primary_q3_n120_ntest1000_m4_rep067.rds",46488,"12050cbb676b8b899973666871000b1f","study2-synthetic-shared-state-v2","f4bcd5676c444f71fb9e77d91507c12f","primary_q3"
"1.1.0","study2","primary",68,120,1000,3,2,4,1680001,1680002,"study2_primary_q3_n120_ntest1000_m4_rep068.rds",47064,"12baa976e0b7d8964a938bb7abdd83ee","study2-synthetic-shared-state-v2","f4bcd5676c444f71fb9e77d91507c12f","primary_q3"
"1.1.0","study2","primary",69,120,1000,3,2,4,1690001,1690002,"study2_primary_q3_n120_ntest1000_m4_rep069.rds",47068,"de0f839a7b618ef57a2f23cb983414a6","study2-synthetic-shared-state-v2","f4bcd5676c444f71fb9e77d91507c12f","primary_q3"
"1.1.0","study2","primary",70,120,1000,3,2,4,1700001,1700002,"study2_primary_q3_n120_ntest1000_m4_rep070.rds",47096,"bd2b1f011232b515db51cf47321a7412","study2-synthetic-shared-state-v2","f4bcd5676c444f71fb9e77d91507c12f","primary_q3"
"1.1.0","study2","primary",71,120,1000,3,2,4,1710001,1710002,"study2_primary_q3_n120_ntest1000_m4_rep071.rds",47068,"6ffedd8ee8bb7ce1c78cb281fe25258b","study2-synthetic-shared-state-v2","f4bcd5676c444f71fb9e77d91507c12f","primary_q3"
"1.1.0","study2","primary",72,120,1000,3,2,4,1720001,1720002,"study2_primary_q3_n120_ntest1000_m4_rep072.rds",46320,"50268504c333708377c50f40070029f9","study2-synthetic-shared-state-v2","f4bcd5676c444f71fb9e77d91507c12f","primary_q3"
"1.1.0","study2","primary",73,120,1000,3,2,4,1730001,1730002,"study2_primary_q3_n120_ntest1000_m4_rep073.rds",47088,"ed2d80825decada8e516991f1b4d7302","study2-synthetic-shared-state-v2","f4bcd5676c444f71fb9e77d91507c12f","primary_q3"
"1.1.0","study2","primary",74,120,1000,3,2,4,1740001,1740002,"study2_primary_q3_n120_ntest1000_m4_rep074.rds",47096,"07cac104d1e710d487e339e149b3b0b0","study2-synthetic-shared-state-v2","f4bcd5676c444f71fb9e77d91507c12f","primary_q3"
"1.1.0","study2","primary",75,120,1000,3,2,4,1750001,1750002,"study2_primary_q3_n120_ntest1000_m4_rep075.rds",47012,"82a74cefa972ae46bdadb6352b3a4497","study2-synthetic-shared-state-v2","f4bcd5676c444f71fb9e77d91507c12f","primary_q3"
"1.1.0","study2","primary",76,120,1000,3,2,4,1760001,1760002,"study2_primary_q3_n120_ntest1000_m4_rep076.rds",46240,"70844151fd16b004d0808b7c9aebae86","study2-synthetic-shared-state-v2","f4bcd5676c444f71fb9e77d91507c12f","primary_q3"
"1.1.0","study2","primary",77,120,1000,3,2,4,1770001,1770002,"study2_primary_q3_n120_ntest1000_m4_rep077.rds",47064,"048b9431dd39fa2e181fb9e014e72a19","study2-synthetic-shared-state-v2","f4bcd5676c444f71fb9e77d91507c12f","primary_q3"
"1.1.0","study2","primary",78,120,1000,3,2,4,1780001,1780002,"study2_primary_q3_n120_ntest1000_m4_rep078.rds",47044,"7f42cdaa36507de59a0013f3d855d249","study2-synthetic-shared-state-v2","f4bcd5676c444f71fb9e77d91507c12f","primary_q3"
"1.1.0","study2","primary",79,120,1000,3,2,4,1790001,1790002,"study2_primary_q3_n120_ntest1000_m4_rep079.rds",47024,"04ea3199540e27ed909bbe1e515c28b8","study2-synthetic-shared-state-v2","f4bcd5676c444f71fb9e77d91507c12f","primary_q3"
"1.1.0","study2","primary",80,120,1000,3,2,4,1800001,1800002,"study2_primary_q3_n120_ntest1000_m4_rep080.rds",47068,"87cf64d33fa4c725d0dd519229231ff0","study2-synthetic-shared-state-v2","f4bcd5676c444f71fb9e77d91507c12f","primary_q3"
"1.1.0","study2","primary",81,120,1000,3,2,4,1810001,1810002,"study2_primary_q3_n120_ntest1000_m4_rep081.rds",47104,"4eaa660e2177f2936f2e2c27ea0d0843","study2-synthetic-shared-state-v2","f4bcd5676c444f71fb9e77d91507c12f","primary_q3"
"1.1.0","study2","primary",82,120,1000,3,2,4,1820001,1820002,"study2_primary_q3_n120_ntest1000_m4_rep082.rds",47028,"4ce2685b2cea8cca326f3dccfb995cbf","study2-synthetic-shared-state-v2","f4bcd5676c444f71fb9e77d91507c12f","primary_q3"
"1.1.0","study2","primary",83,120,1000,3,2,4,1830001,1830002,"study2_primary_q3_n120_ntest1000_m4_rep083.rds",47020,"734ac13e5af46943ff6809c5fa4101bd","study2-synthetic-shared-state-v2","f4bcd5676c444f71fb9e77d91507c12f","primary_q3"
"1.1.0","study2","primary",84,120,1000,3,2,4,1840001,1840002,"study2_primary_q3_n120_ntest1000_m4_rep084.rds",47096,"bf9cb00e0302071c2aac57ac9c310e8d","study2-synthetic-shared-state-v2","f4bcd5676c444f71fb9e77d91507c12f","primary_q3"
"1.1.0","study2","primary",85,120,1000,3,2,4,1850001,1850002,"study2_primary_q3_n120_ntest1000_m4_rep085.rds",47116,"0cb7db5f1fee2bbb811b81eeb9b3d812","study2-synthetic-shared-state-v2","f4bcd5676c444f71fb9e77d91507c12f","primary_q3"
"1.1.0","study2","primary",86,120,1000,3,2,4,1860001,1860002,"study2_primary_q3_n120_ntest1000_m4_rep086.rds",46340,"fa6c4adea270f4585913a95ab8f6f102","study2-synthetic-shared-state-v2","f4bcd5676c444f71fb9e77d91507c12f","primary_q3"
"1.1.0","study2","primary",87,120,1000,3,2,4,1870001,1870002,"study2_primary_q3_n120_ntest1000_m4_rep087.rds",47104,"ae3aec42677339be73c7c239a57184f6","study2-synthetic-shared-state-v2","f4bcd5676c444f71fb9e77d91507c12f","primary_q3"
"1.1.0","study2","primary",88,120,1000,3,2,4,1880001,1880002,"study2_primary_q3_n120_ntest1000_m4_rep088.rds",47072,"066e93731695bf736cd014f7d5fc5876","study2-synthetic-shared-state-v2","f4bcd5676c444f71fb9e77d91507c12f","primary_q3"
"1.1.0","study2","primary",89,120,1000,3,2,4,1890001,1890002,"study2_primary_q3_n120_ntest1000_m4_rep089.rds",46980,"87dd6c7935e833529de63442f1337e1c","study2-synthetic-shared-state-v2","f4bcd5676c444f71fb9e77d91507c12f","primary_q3"
"1.1.0","study2","primary",90,120,1000,3,2,4,1900001,1900002,"study2_primary_q3_n120_ntest1000_m4_rep090.rds",47108,"58eee5e0f551a94a0158d1a45c2e02df","study2-synthetic-shared-state-v2","f4bcd5676c444f71fb9e77d91507c12f","primary_q3"
"1.1.0","study2","primary",91,120,1000,3,2,4,1910001,1910002,"study2_primary_q3_n120_ntest1000_m4_rep091.rds",46996,"b53ec8f09c3a910a8a4ce4c30727ab5c","study2-synthetic-shared-state-v2","f4bcd5676c444f71fb9e77d91507c12f","primary_q3"
"1.1.0","study2","primary",92,120,1000,3,2,4,1920001,1920002,"study2_primary_q3_n120_ntest1000_m4_rep092.rds",47080,"344ac8f6842a543898a7f3c11621474a","study2-synthetic-shared-state-v2","f4bcd5676c444f71fb9e77d91507c12f","primary_q3"
"1.1.0","study2","primary",93,120,1000,3,2,4,1930001,1930002,"study2_primary_q3_n120_ntest1000_m4_rep093.rds",47016,"fdd22fb0f8dbbbb4cdeb675d1f1c83a4","study2-synthetic-shared-state-v2","f4bcd5676c444f71fb9e77d91507c12f","primary_q3"
"1.1.0","study2","primary",94,120,1000,3,2,4,1940001,1940002,"study2_primary_q3_n120_ntest1000_m4_rep094.rds",47060,"bf87e3231c3ce1fda59f6672b5406a76","study2-synthetic-shared-state-v2","f4bcd5676c444f71fb9e77d91507c12f","primary_q3"
"1.1.0","study2","primary",95,120,1000,3,2,4,1950001,1950002,"study2_primary_q3_n120_ntest1000_m4_rep095.rds",46244,"b7ed6deebdbd617f67d0d017befa7a9b","study2-synthetic-shared-state-v2","f4bcd5676c444f71fb9e77d91507c12f","primary_q3"
"1.1.0","study2","primary",96,120,1000,3,2,4,1960001,1960002,"study2_primary_q3_n120_ntest1000_m4_rep096.rds",46388,"92ccc67f83fe68547bae06105734b976","study2-synthetic-shared-state-v2","f4bcd5676c444f71fb9e77d91507c12f","primary_q3"
"1.1.0","study2","primary",97,120,1000,3,2,4,1970001,1970002,"study2_primary_q3_n120_ntest1000_m4_rep097.rds",47088,"9af45833ef6043c6ac7b96f1dba459dc","study2-synthetic-shared-state-v2","f4bcd5676c444f71fb9e77d91507c12f","primary_q3"
"1.1.0","study2","primary",98,120,1000,3,2,4,1980001,1980002,"study2_primary_q3_n120_ntest1000_m4_rep098.rds",46292,"6d53f7d6739675ce72ef016fabcc7de6","study2-synthetic-shared-state-v2","f4bcd5676c444f71fb9e77d91507c12f","primary_q3"
"1.1.0","study2","primary",99,120,1000,3,2,4,1990001,1990002,"study2_primary_q3_n120_ntest1000_m4_rep099.rds",47080,"fc779ba0a7c99f3e8f0914a05d0717ec","study2-synthetic-shared-state-v2","f4bcd5676c444f71fb9e77d91507c12f","primary_q3"
"1.1.0","study2","primary",100,120,1000,3,2,4,2000001,2000002,"study2_primary_q3_n120_ntest1000_m4_rep100.rds",46464,"9e3878370c2b61d610f44a048bce815b","study2-synthetic-shared-state-v2","f4bcd5676c444f71fb9e77d91507c12f","primary_q3"
"1.1.0","study2","primary",1,120,1000,4,2,4,1010001,1010002,"study2_primary_q4_n120_ntest1000_m4_rep001.rds",46660,"91ef3f7b3a6f39b621c4c20623d61651","study2-synthetic-shared-state-v2","ac1d6f3b9d4dcbecbe58514e6df8adff","primary_q4_calibration"
"1.1.0","study2","primary",2,120,1000,4,2,4,1020001,1020002,"study2_primary_q4_n120_ntest1000_m4_rep002.rds",47560,"7ef134d23918762a539ddd41bf01ea21","study2-synthetic-shared-state-v2","ac1d6f3b9d4dcbecbe58514e6df8adff","primary_q4_calibration"
"1.1.0","study2","primary",3,120,1000,4,2,4,1030001,1030002,"study2_primary_q4_n120_ntest1000_m4_rep003.rds",47552,"c7faa1e01748bcb3224649a6a5e26ffa","study2-synthetic-shared-state-v2","ac1d6f3b9d4dcbecbe58514e6df8adff","primary_q4_calibration"
"1.1.0","study2","primary",4,120,1000,4,2,4,1040001,1040002,"study2_primary_q4_n120_ntest1000_m4_rep004.rds",47452,"5ab67cf95732e8895696fddf060e8a7a","study2-synthetic-shared-state-v2","ac1d6f3b9d4dcbecbe58514e6df8adff","primary_q4_calibration"
"1.1.0","study2","primary",5,120,1000,4,2,4,1050001,1050002,"study2_primary_q4_n120_ntest1000_m4_rep005.rds",46740,"b052daed11649554b1dfcace23b0c425","study2-synthetic-shared-state-v2","ac1d6f3b9d4dcbecbe58514e6df8adff","primary_q4_calibration"
"1.1.0","study2","primary",6,120,1000,4,2,4,1060001,1060002,"study2_primary_q4_n120_ntest1000_m4_rep006.rds",46760,"d55e8e45d37d556f3d7fc3618c9ac731","study2-synthetic-shared-state-v2","ac1d6f3b9d4dcbecbe58514e6df8adff","primary_q4_calibration"
"1.1.0","study2","primary",7,120,1000,4,2,4,1070001,1070002,"study2_primary_q4_n120_ntest1000_m4_rep007.rds",47148,"de3184a815104b3073f753d72a996b0e","study2-synthetic-shared-state-v2","ac1d6f3b9d4dcbecbe58514e6df8adff","primary_q4_calibration"
"1.1.0","study2","primary",8,120,1000,4,2,4,1080001,1080002,"study2_primary_q4_n120_ntest1000_m4_rep008.rds",47464,"2171279ab0b99450b51bca8ada7b1f8f","study2-synthetic-shared-state-v2","ac1d6f3b9d4dcbecbe58514e6df8adff","primary_q4_calibration"
"1.1.0","study2","primary",9,120,1000,4,2,4,1090001,1090002,"study2_primary_q4_n120_ntest1000_m4_rep009.rds",47552,"b2d903f1b3547385cb664117be8dd003","study2-synthetic-shared-state-v2","ac1d6f3b9d4dcbecbe58514e6df8adff","primary_q4_calibration"
"1.1.0","study2","primary",10,120,1000,4,2,4,1100001,1100002,"study2_primary_q4_n120_ntest1000_m4_rep010.rds",47512,"ce265890b8b20f8447b5574fb3ba6df7","study2-synthetic-shared-state-v2","ac1d6f3b9d4dcbecbe58514e6df8adff","primary_q4_calibration"
"1.1.0","study2","primary",11,120,1000,4,2,4,1110001,1110002,"study2_primary_q4_n120_ntest1000_m4_rep011.rds",46708,"6e91adb0197d899e4e8ca4ad3cfeafa3","study2-synthetic-shared-state-v2","ac1d6f3b9d4dcbecbe58514e6df8adff","primary_q4_calibration"
"1.1.0","study2","primary",12,120,1000,4,2,4,1120001,1120002,"study2_primary_q4_n120_ntest1000_m4_rep012.rds",46776,"9b1fa5279275d8508d0f619754377f63","study2-synthetic-shared-state-v2","ac1d6f3b9d4dcbecbe58514e6df8adff","primary_q4_calibration"
"1.1.0","study2","primary",13,120,1000,4,2,4,1130001,1130002,"study2_primary_q4_n120_ntest1000_m4_rep013.rds",47524,"5a1b0feb196979ada2a59a7abcffa22a","study2-synthetic-shared-state-v2","ac1d6f3b9d4dcbecbe58514e6df8adff","primary_q4_calibration"
"1.1.0","study2","primary",14,120,1000,4,2,4,1140001,1140002,"study2_primary_q4_n120_ntest1000_m4_rep014.rds",47436,"ec38f3427e28f12daa2635fd7e56fdf9","study2-synthetic-shared-state-v2","ac1d6f3b9d4dcbecbe58514e6df8adff","primary_q4_calibration"
"1.1.0","study2","primary",15,120,1000,4,2,4,1150001,1150002,"study2_primary_q4_n120_ntest1000_m4_rep015.rds",46740,"cc75c5b304fe395ef2db46f330a30eef","study2-synthetic-shared-state-v2","ac1d6f3b9d4dcbecbe58514e6df8adff","primary_q4_calibration"
"1.1.0","study2","primary",16,120,1000,4,2,4,1160001,1160002,"study2_primary_q4_n120_ntest1000_m4_rep016.rds",47392,"7b76be4d3eb5df5807abd9c3689d74cb","study2-synthetic-shared-state-v2","ac1d6f3b9d4dcbecbe58514e6df8adff","primary_q4_calibration"
"1.1.0","study2","primary",17,120,1000,4,2,4,1170001,1170002,"study2_primary_q4_n120_ntest1000_m4_rep017.rds",47460,"944a6223feee3caa841e0e33d3a2c341","study2-synthetic-shared-state-v2","ac1d6f3b9d4dcbecbe58514e6df8adff","primary_q4_calibration"
"1.1.0","study2","primary",18,120,1000,4,2,4,1180001,1180002,"study2_primary_q4_n120_ntest1000_m4_rep018.rds",47540,"30c15cc27ee4dbf2303cb60556c2cd76","study2-synthetic-shared-state-v2","ac1d6f3b9d4dcbecbe58514e6df8adff","primary_q4_calibration"
"1.1.0","study2","primary",19,120,1000,4,2,4,1190001,1190002,"study2_primary_q4_n120_ntest1000_m4_rep019.rds",47572,"1c92a81e3b49eb3caddb4f94e57f7210","study2-synthetic-shared-state-v2","ac1d6f3b9d4dcbecbe58514e6df8adff","primary_q4_calibration"
"1.1.0","study2","primary",20,120,1000,4,2,4,1200001,1200002,"study2_primary_q4_n120_ntest1000_m4_rep020.rds",47400,"fc8ac2faf817c67697f818ed0a7b4e03","study2-synthetic-shared-state-v2","ac1d6f3b9d4dcbecbe58514e6df8adff","primary_q4_calibration"
"1.1.0","study2","primary",21,120,1000,4,2,4,1210001,1210002,"study2_primary_q4_n120_ntest1000_m4_rep021.rds",47540,"f29044711a616558abd7c3af64961372","study2-synthetic-shared-state-v2","ac1d6f3b9d4dcbecbe58514e6df8adff","primary_q4_calibration"
"1.1.0","study2","primary",22,120,1000,4,2,4,1220001,1220002,"study2_primary_q4_n120_ntest1000_m4_rep022.rds",46628,"e676e2009551b53934461517ca37469d","study2-synthetic-shared-state-v2","ac1d6f3b9d4dcbecbe58514e6df8adff","primary_q4_calibration"
"1.1.0","study2","primary",23,120,1000,4,2,4,1230001,1230002,"study2_primary_q4_n120_ntest1000_m4_rep023.rds",47460,"26609de1aa8f916cf9278e590937cf55","study2-synthetic-shared-state-v2","ac1d6f3b9d4dcbecbe58514e6df8adff","primary_q4_calibration"
"1.1.0","study2","primary",24,120,1000,4,2,4,1240001,1240002,"study2_primary_q4_n120_ntest1000_m4_rep024.rds",47484,"1889eb18e27d3ae4efa9cb79d5cfb85b","study2-synthetic-shared-state-v2","ac1d6f3b9d4dcbecbe58514e6df8adff","primary_q4_calibration"
"1.1.0","study2","primary",25,120,1000,4,2,4,1250001,1250002,"study2_primary_q4_n120_ntest1000_m4_rep025.rds",47492,"a21f1430d067655d263a43ef8db2879c","study2-synthetic-shared-state-v2","ac1d6f3b9d4dcbecbe58514e6df8adff","primary_q4_calibration"
"1.1.0","study2","primary",26,120,1000,4,2,4,1260001,1260002,"study2_primary_q4_n120_ntest1000_m4_rep026.rds",47524,"8a6e644ef9b6e865531cfd9bdb0b50b0","study2-synthetic-shared-state-v2","ac1d6f3b9d4dcbecbe58514e6df8adff","primary_q4_calibration"
"1.1.0","study2","primary",27,120,1000,4,2,4,1270001,1270002,"study2_primary_q4_n120_ntest1000_m4_rep027.rds",47496,"6692fca42de442f5c35cc4858c37b071","study2-synthetic-shared-state-v2","ac1d6f3b9d4dcbecbe58514e6df8adff","primary_q4_calibration"
"1.1.0","study2","primary",28,120,1000,4,2,4,1280001,1280002,"study2_primary_q4_n120_ntest1000_m4_rep028.rds",47528,"c89cfeace993f0d17e6152f66f982708","study2-synthetic-shared-state-v2","ac1d6f3b9d4dcbecbe58514e6df8adff","primary_q4_calibration"
"1.1.0","study2","primary",29,120,1000,4,2,4,1290001,1290002,"study2_primary_q4_n120_ntest1000_m4_rep029.rds",47480,"1cad84e3b8da074814fff66757f3ad18","study2-synthetic-shared-state-v2","ac1d6f3b9d4dcbecbe58514e6df8adff","primary_q4_calibration"
"1.1.0","study2","primary",30,120,1000,4,2,4,1300001,1300002,"study2_primary_q4_n120_ntest1000_m4_rep030.rds",47484,"c68663e66458a80a2dfe418995046f99","study2-synthetic-shared-state-v2","ac1d6f3b9d4dcbecbe58514e6df8adff","primary_q4_calibration"
"1.1.0","study2","primary",31,120,1000,4,2,4,1310001,1310002,"study2_primary_q4_n120_ntest1000_m4_rep031.rds",47576,"af3cae99fd4e2fc90ae8ba0429fe52d4","study2-synthetic-shared-state-v2","ac1d6f3b9d4dcbecbe58514e6df8adff","primary_q4_calibration"
"1.1.0","study2","primary",32,120,1000,4,2,4,1320001,1320002,"study2_primary_q4_n120_ntest1000_m4_rep032.rds",46680,"d69a0b942782e23c36bff4f9a3e7c837","study2-synthetic-shared-state-v2","ac1d6f3b9d4dcbecbe58514e6df8adff","primary_q4_calibration"
"1.1.0","study2","primary",33,120,1000,4,2,4,1330001,1330002,"study2_primary_q4_n120_ntest1000_m4_rep033.rds",47544,"c1c95d441a66289a8656d9523ddcec9f","study2-synthetic-shared-state-v2","ac1d6f3b9d4dcbecbe58514e6df8adff","primary_q4_calibration"
"1.1.0","study2","primary",34,120,1000,4,2,4,1340001,1340002,"study2_primary_q4_n120_ntest1000_m4_rep034.rds",47516,"14cefb01fb49496c09c130e654a2c98d","study2-synthetic-shared-state-v2","ac1d6f3b9d4dcbecbe58514e6df8adff","primary_q4_calibration"
"1.1.0","study2","primary",35,120,1000,4,2,4,1350001,1350002,"study2_primary_q4_n120_ntest1000_m4_rep035.rds",47520,"fcbf203715a590a1ecabfab8d4eb29a0","study2-synthetic-shared-state-v2","ac1d6f3b9d4dcbecbe58514e6df8adff","primary_q4_calibration"
"1.1.0","study2","primary",36,120,1000,4,2,4,1360001,1360002,"study2_primary_q4_n120_ntest1000_m4_rep036.rds",47524,"8273269ddc03fe149d329566c72c3b5a","study2-synthetic-shared-state-v2","ac1d6f3b9d4dcbecbe58514e6df8adff","primary_q4_calibration"
"1.1.0","study2","primary",37,120,1000,4,2,4,1370001,1370002,"study2_primary_q4_n120_ntest1000_m4_rep037.rds",47500,"6eea7105a25315415a8ebb0ae734beb5","study2-synthetic-shared-state-v2","ac1d6f3b9d4dcbecbe58514e6df8adff","primary_q4_calibration"
"1.1.0","study2","primary",38,120,1000,4,2,4,1380001,1380002,"study2_primary_q4_n120_ntest1000_m4_rep038.rds",47508,"a0dc8aa3e9970a1c253063eafcaba745","study2-synthetic-shared-state-v2","ac1d6f3b9d4dcbecbe58514e6df8adff","primary_q4_calibration"
"1.1.0","study2","primary",39,120,1000,4,2,4,1390001,1390002,"study2_primary_q4_n120_ntest1000_m4_rep039.rds",47528,"fdcb0e7ec356b6b37939ec6a8e75fd1f","study2-synthetic-shared-state-v2","ac1d6f3b9d4dcbecbe58514e6df8adff","primary_q4_calibration"
"1.1.0","study2","primary",40,120,1000,4,2,4,1400001,1400002,"study2_primary_q4_n120_ntest1000_m4_rep040.rds",47428,"0b150987b4faaf2a3ff189428c243a6b","study2-synthetic-shared-state-v2","ac1d6f3b9d4dcbecbe58514e6df8adff","primary_q4_calibration"
"1.1.0","study2","primary",41,120,1000,4,2,4,1410001,1410002,"study2_primary_q4_n120_ntest1000_m4_rep041.rds",47492,"05e96a2e12018b0108bd3c786ccb4180","study2-synthetic-shared-state-v2","ac1d6f3b9d4dcbecbe58514e6df8adff","primary_q4_calibration"
"1.1.0","study2","primary",42,120,1000,4,2,4,1420001,1420002,"study2_primary_q4_n120_ntest1000_m4_rep042.rds",47536,"2d091b1af5a16352863888f9445847b0","study2-synthetic-shared-state-v2","ac1d6f3b9d4dcbecbe58514e6df8adff","primary_q4_calibration"
"1.1.0","study2","primary",43,120,1000,4,2,4,1430001,1430002,"study2_primary_q4_n120_ntest1000_m4_rep043.rds",47244,"ebc130847dccf5692429d7bd212bdee9","study2-synthetic-shared-state-v2","ac1d6f3b9d4dcbecbe58514e6df8adff","primary_q4_calibration"
"1.1.0","study2","primary",44,120,1000,4,2,4,1440001,1440002,"study2_primary_q4_n120_ntest1000_m4_rep044.rds",47128,"0f2ee9ac226f33e68ad5da0040bfd269","study2-synthetic-shared-state-v2","ac1d6f3b9d4dcbecbe58514e6df8adff","primary_q4_calibration"
"1.1.0","study2","primary",45,120,1000,4,2,4,1450001,1450002,"study2_primary_q4_n120_ntest1000_m4_rep045.rds",47476,"97857bd4e26e78465777cbc92719fc75","study2-synthetic-shared-state-v2","ac1d6f3b9d4dcbecbe58514e6df8adff","primary_q4_calibration"
"1.1.0","study2","primary",46,120,1000,4,2,4,1460001,1460002,"study2_primary_q4_n120_ntest1000_m4_rep046.rds",47564,"a7045cd934167c70dd846169f45c1f92","study2-synthetic-shared-state-v2","ac1d6f3b9d4dcbecbe58514e6df8adff","primary_q4_calibration"
"1.1.0","study2","primary",47,120,1000,4,2,4,1470001,1470002,"study2_primary_q4_n120_ntest1000_m4_rep047.rds",47592,"cac19a2024e9be33c0770ac02e3353d0","study2-synthetic-shared-state-v2","ac1d6f3b9d4dcbecbe58514e6df8adff","primary_q4_calibration"
"1.1.0","study2","primary",48,120,1000,4,2,4,1480001,1480002,"study2_primary_q4_n120_ntest1000_m4_rep048.rds",47560,"863ec0933b48b8fac54374ce7553ce0d","study2-synthetic-shared-state-v2","ac1d6f3b9d4dcbecbe58514e6df8adff","primary_q4_calibration"
"1.1.0","study2","primary",49,120,1000,4,2,4,1490001,1490002,"study2_primary_q4_n120_ntest1000_m4_rep049.rds",46760,"f72bff52297bbe6e23e49af14988c44e","study2-synthetic-shared-state-v2","ac1d6f3b9d4dcbecbe58514e6df8adff","primary_q4_calibration"
"1.1.0","study2","primary",50,120,1000,4,2,4,1500001,1500002,"study2_primary_q4_n120_ntest1000_m4_rep050.rds",47556,"cbdf53e7b426987c90fe32e0ad3ac24d","study2-synthetic-shared-state-v2","ac1d6f3b9d4dcbecbe58514e6df8adff","primary_q4_calibration"
"1.1.0","study2","primary",51,120,1000,4,2,4,1510001,1510002,"study2_primary_q4_n120_ntest1000_m4_rep051.rds",47520,"a51f956fed38b49f81a80a9695ec4037","study2-synthetic-shared-state-v2","ac1d6f3b9d4dcbecbe58514e6df8adff","primary_q4_calibration"
"1.1.0","study2","primary",52,120,1000,4,2,4,1520001,1520002,"study2_primary_q4_n120_ntest1000_m4_rep052.rds",47520,"f533424b2b66f26d7c5c2ed5eecfde47","study2-synthetic-shared-state-v2","ac1d6f3b9d4dcbecbe58514e6df8adff","primary_q4_calibration"
"1.1.0","study2","primary",53,120,1000,4,2,4,1530001,1530002,"study2_primary_q4_n120_ntest1000_m4_rep053.rds",47476,"efd53df69ed509b53555161b8bdaa5ac","study2-synthetic-shared-state-v2","ac1d6f3b9d4dcbecbe58514e6df8adff","primary_q4_calibration"
"1.1.0","study2","primary",54,120,1000,4,2,4,1540001,1540002,"study2_primary_q4_n120_ntest1000_m4_rep054.rds",47460,"c9b7ff95b7d8b795f9f5576e793e3b13","study2-synthetic-shared-state-v2","ac1d6f3b9d4dcbecbe58514e6df8adff","primary_q4_calibration"
"1.1.0","study2","primary",55,120,1000,4,2,4,1550001,1550002,"study2_primary_q4_n120_ntest1000_m4_rep055.rds",47504,"cf12604451644fb4598726ec3a7a30fd","study2-synthetic-shared-state-v2","ac1d6f3b9d4dcbecbe58514e6df8adff","primary_q4_calibration"
"1.1.0","study2","primary",56,120,1000,4,2,4,1560001,1560002,"study2_primary_q4_n120_ntest1000_m4_rep056.rds",47508,"0cb701c426ebb690b770a842fc4dba3e","study2-synthetic-shared-state-v2","ac1d6f3b9d4dcbecbe58514e6df8adff","primary_q4_calibration"
"1.1.0","study2","primary",57,120,1000,4,2,4,1570001,1570002,"study2_primary_q4_n120_ntest1000_m4_rep057.rds",47436,"16025f8544536f920987aad27cffb583","study2-synthetic-shared-state-v2","ac1d6f3b9d4dcbecbe58514e6df8adff","primary_q4_calibration"
"1.1.0","study2","primary",58,120,1000,4,2,4,1580001,1580002,"study2_primary_q4_n120_ntest1000_m4_rep058.rds",47528,"fdf3917682abd42ad53156ba7d4e3678","study2-synthetic-shared-state-v2","ac1d6f3b9d4dcbecbe58514e6df8adff","primary_q4_calibration"
"1.1.0","study2","primary",59,120,1000,4,2,4,1590001,1590002,"study2_primary_q4_n120_ntest1000_m4_rep059.rds",47528,"a043c786cdda997586b40a0d354f55ab","study2-synthetic-shared-state-v2","ac1d6f3b9d4dcbecbe58514e6df8adff","primary_q4_calibration"
"1.1.0","study2","primary",60,120,1000,4,2,4,1600001,1600002,"study2_primary_q4_n120_ntest1000_m4_rep060.rds",47588,"55fefbe6c2961aab0ff6aa908e4fcd2d","study2-synthetic-shared-state-v2","ac1d6f3b9d4dcbecbe58514e6df8adff","primary_q4_calibration"
"1.1.0","study2","primary",61,120,1000,4,2,4,1610001,1610002,"study2_primary_q4_n120_ntest1000_m4_rep061.rds",47016,"97c861e69f5bedaed89dbe13226a40e8","study2-synthetic-shared-state-v2","ac1d6f3b9d4dcbecbe58514e6df8adff","primary_q4_calibration"
"1.1.0","study2","primary",62,120,1000,4,2,4,1620001,1620002,"study2_primary_q4_n120_ntest1000_m4_rep062.rds",46772,"440b798ce25dba442e153f7fcc0714b9","study2-synthetic-shared-state-v2","ac1d6f3b9d4dcbecbe58514e6df8adff","primary_q4_calibration"
"1.1.0","study2","primary",63,120,1000,4,2,4,1630001,1630002,"study2_primary_q4_n120_ntest1000_m4_rep063.rds",47568,"37012367dcdd96a0c130a82589444c25","study2-synthetic-shared-state-v2","ac1d6f3b9d4dcbecbe58514e6df8adff","primary_q4_calibration"
"1.1.0","study2","primary",64,120,1000,4,2,4,1640001,1640002,"study2_primary_q4_n120_ntest1000_m4_rep064.rds",47444,"56cf6a1cb3c101500520989bd5a1dae8","study2-synthetic-shared-state-v2","ac1d6f3b9d4dcbecbe58514e6df8adff","primary_q4_calibration"
"1.1.0","study2","primary",65,120,1000,4,2,4,1650001,1650002,"study2_primary_q4_n120_ntest1000_m4_rep065.rds",46812,"459f9310816105b3e191e42054614124","study2-synthetic-shared-state-v2","ac1d6f3b9d4dcbecbe58514e6df8adff","primary_q4_calibration"
"1.1.0","study2","primary",66,120,1000,4,2,4,1660001,1660002,"study2_primary_q4_n120_ntest1000_m4_rep066.rds",47468,"3be326c45dddd3b44acc91f6b5a21366","study2-synthetic-shared-state-v2","ac1d6f3b9d4dcbecbe58514e6df8adff","primary_q4_calibration"
"1.1.0","study2","primary",67,120,1000,4,2,4,1670001,1670002,"study2_primary_q4_n120_ntest1000_m4_rep067.rds",47592,"01b75fb919f2f853109268715fdbfc94","study2-synthetic-shared-state-v2","ac1d6f3b9d4dcbecbe58514e6df8adff","primary_q4_calibration"
"1.1.0","study2","primary",68,120,1000,4,2,4,1680001,1680002,"study2_primary_q4_n120_ntest1000_m4_rep068.rds",47528,"b600ef3cf6cfb189ae9bd7bec2c1aa52","study2-synthetic-shared-state-v2","ac1d6f3b9d4dcbecbe58514e6df8adff","primary_q4_calibration"
"1.1.0","study2","primary",69,120,1000,4,2,4,1690001,1690002,"study2_primary_q4_n120_ntest1000_m4_rep069.rds",47488,"7dbd8c016465a948fb5f08fd71462508","study2-synthetic-shared-state-v2","ac1d6f3b9d4dcbecbe58514e6df8adff","primary_q4_calibration"
"1.1.0","study2","primary",70,120,1000,4,2,4,1700001,1700002,"study2_primary_q4_n120_ntest1000_m4_rep070.rds",47508,"46cbb7ace0c6b9c7a4cf13270bfaf8f1","study2-synthetic-shared-state-v2","ac1d6f3b9d4dcbecbe58514e6df8adff","primary_q4_calibration"
"1.1.0","study2","primary",71,120,1000,4,2,4,1710001,1710002,"study2_primary_q4_n120_ntest1000_m4_rep071.rds",47528,"9bf076ddb2041fd56677296863d2a1c8","study2-synthetic-shared-state-v2","ac1d6f3b9d4dcbecbe58514e6df8adff","primary_q4_calibration"
"1.1.0","study2","primary",72,120,1000,4,2,4,1720001,1720002,"study2_primary_q4_n120_ntest1000_m4_rep072.rds",46800,"1106cfddf060811dffd63d3681ea014b","study2-synthetic-shared-state-v2","ac1d6f3b9d4dcbecbe58514e6df8adff","primary_q4_calibration"
"1.1.0","study2","primary",73,120,1000,4,2,4,1730001,1730002,"study2_primary_q4_n120_ntest1000_m4_rep073.rds",47504,"4f2830e394f68b86446c1e882cca4a0c","study2-synthetic-shared-state-v2","ac1d6f3b9d4dcbecbe58514e6df8adff","primary_q4_calibration"
"1.1.0","study2","primary",74,120,1000,4,2,4,1740001,1740002,"study2_primary_q4_n120_ntest1000_m4_rep074.rds",47528,"4558224ce2c68d4ed57fc7172ce483ff","study2-synthetic-shared-state-v2","ac1d6f3b9d4dcbecbe58514e6df8adff","primary_q4_calibration"
"1.1.0","study2","primary",75,120,1000,4,2,4,1750001,1750002,"study2_primary_q4_n120_ntest1000_m4_rep075.rds",47460,"6b6d9d39fbd4ff8a306d9fe560f81d24","study2-synthetic-shared-state-v2","ac1d6f3b9d4dcbecbe58514e6df8adff","primary_q4_calibration"
"1.1.0","study2","primary",76,120,1000,4,2,4,1760001,1760002,"study2_primary_q4_n120_ntest1000_m4_rep076.rds",46720,"226b97e1d9f3dcda0fe648d00b848fd7","study2-synthetic-shared-state-v2","ac1d6f3b9d4dcbecbe58514e6df8adff","primary_q4_calibration"
"1.1.0","study2","primary",77,120,1000,4,2,4,1770001,1770002,"study2_primary_q4_n120_ntest1000_m4_rep077.rds",47508,"761b37f705141aa58725b748629a7a43","study2-synthetic-shared-state-v2","ac1d6f3b9d4dcbecbe58514e6df8adff","primary_q4_calibration"
"1.1.0","study2","primary",78,120,1000,4,2,4,1780001,1780002,"study2_primary_q4_n120_ntest1000_m4_rep078.rds",47492,"484ef6c8bf740ae7d162e644efdb520b","study2-synthetic-shared-state-v2","ac1d6f3b9d4dcbecbe58514e6df8adff","primary_q4_calibration"
"1.1.0","study2","primary",79,120,1000,4,2,4,1790001,1790002,"study2_primary_q4_n120_ntest1000_m4_rep079.rds",47496,"791b2e3dc3833145da35f35b933ccd6e","study2-synthetic-shared-state-v2","ac1d6f3b9d4dcbecbe58514e6df8adff","primary_q4_calibration"
"1.1.0","study2","primary",80,120,1000,4,2,4,1800001,1800002,"study2_primary_q4_n120_ntest1000_m4_rep080.rds",46740,"b4b393e1a7b8fba33dee4514531d5b3e","study2-synthetic-shared-state-v2","ac1d6f3b9d4dcbecbe58514e6df8adff","primary_q4_calibration"
"1.1.0","study2","primary",81,120,1000,4,2,4,1810001,1810002,"study2_primary_q4_n120_ntest1000_m4_rep081.rds",47544,"d1a1efafbecd098cf37f13ebc47cf974","study2-synthetic-shared-state-v2","ac1d6f3b9d4dcbecbe58514e6df8adff","primary_q4_calibration"
"1.1.0","study2","primary",82,120,1000,4,2,4,1820001,1820002,"study2_primary_q4_n120_ntest1000_m4_rep082.rds",47464,"0e1186569a6d6eca991e9381405caa60","study2-synthetic-shared-state-v2","ac1d6f3b9d4dcbecbe58514e6df8adff","primary_q4_calibration"
"1.1.0","study2","primary",83,120,1000,4,2,4,1830001,1830002,"study2_primary_q4_n120_ntest1000_m4_rep083.rds",47528,"c9dd6d43b6c65320f578d4cba2e5d02f","study2-synthetic-shared-state-v2","ac1d6f3b9d4dcbecbe58514e6df8adff","primary_q4_calibration"
"1.1.0","study2","primary",84,120,1000,4,2,4,1840001,1840002,"study2_primary_q4_n120_ntest1000_m4_rep084.rds",47580,"edb781baa50a293b09ea71bdd3e2f137","study2-synthetic-shared-state-v2","ac1d6f3b9d4dcbecbe58514e6df8adff","primary_q4_calibration"
"1.1.0","study2","primary",85,120,1000,4,2,4,1850001,1850002,"study2_primary_q4_n120_ntest1000_m4_rep085.rds",47516,"1eae0ca2a201fa3061ad4614da1a698e","study2-synthetic-shared-state-v2","ac1d6f3b9d4dcbecbe58514e6df8adff","primary_q4_calibration"
"1.1.0","study2","primary",86,120,1000,4,2,4,1860001,1860002,"study2_primary_q4_n120_ntest1000_m4_rep086.rds",46768,"f634df9986a1fd367af910ea31dcc246","study2-synthetic-shared-state-v2","ac1d6f3b9d4dcbecbe58514e6df8adff","primary_q4_calibration"
"1.1.0","study2","primary",87,120,1000,4,2,4,1870001,1870002,"study2_primary_q4_n120_ntest1000_m4_rep087.rds",47488,"f31ad571510fd7bee565858a2cd81e76","study2-synthetic-shared-state-v2","ac1d6f3b9d4dcbecbe58514e6df8adff","primary_q4_calibration"
"1.1.0","study2","primary",88,120,1000,4,2,4,1880001,1880002,"study2_primary_q4_n120_ntest1000_m4_rep088.rds",47536,"cab346f82f8dd9c782c569d1d232b924","study2-synthetic-shared-state-v2","ac1d6f3b9d4dcbecbe58514e6df8adff","primary_q4_calibration"
"1.1.0","study2","primary",89,120,1000,4,2,4,1890001,1890002,"study2_primary_q4_n120_ntest1000_m4_rep089.rds",47560,"06896e0fe4ca011464c03b8fc0f8c150","study2-synthetic-shared-state-v2","ac1d6f3b9d4dcbecbe58514e6df8adff","primary_q4_calibration"
"1.1.0","study2","primary",90,120,1000,4,2,4,1900001,1900002,"study2_primary_q4_n120_ntest1000_m4_rep090.rds",47532,"775ab90ce319c465348b79800d92c956","study2-synthetic-shared-state-v2","ac1d6f3b9d4dcbecbe58514e6df8adff","primary_q4_calibration"
"1.1.0","study2","primary",91,120,1000,4,2,4,1910001,1910002,"study2_primary_q4_n120_ntest1000_m4_rep091.rds",47440,"50fc0c3937cc3491a95f6231d8de12a8","study2-synthetic-shared-state-v2","ac1d6f3b9d4dcbecbe58514e6df8adff","primary_q4_calibration"
"1.1.0","study2","primary",92,120,1000,4,2,4,1920001,1920002,"study2_primary_q4_n120_ntest1000_m4_rep092.rds",47480,"6524fe7fe7ca4527b9dc1ae17c60d42a","study2-synthetic-shared-state-v2","ac1d6f3b9d4dcbecbe58514e6df8adff","primary_q4_calibration"
"1.1.0","study2","primary",93,120,1000,4,2,4,1930001,1930002,"study2_primary_q4_n120_ntest1000_m4_rep093.rds",47540,"dadf7d297ba553af61662a5d4f1e77db","study2-synthetic-shared-state-v2","ac1d6f3b9d4dcbecbe58514e6df8adff","primary_q4_calibration"
"1.1.0","study2","primary",94,120,1000,4,2,4,1940001,1940002,"study2_primary_q4_n120_ntest1000_m4_rep094.rds",47532,"f651c78242631cdf98abdf7f02d0605f","study2-synthetic-shared-state-v2","ac1d6f3b9d4dcbecbe58514e6df8adff","primary_q4_calibration"
"1.1.0","study2","primary",95,120,1000,4,2,4,1950001,1950002,"study2_primary_q4_n120_ntest1000_m4_rep095.rds",46684,"b2724b283f8f55bfea0809baab1b4e28","study2-synthetic-shared-state-v2","ac1d6f3b9d4dcbecbe58514e6df8adff","primary_q4_calibration"
"1.1.0","study2","primary",96,120,1000,4,2,4,1960001,1960002,"study2_primary_q4_n120_ntest1000_m4_rep096.rds",46840,"6b7388978599a863ab868dfdc3f91746","study2-synthetic-shared-state-v2","ac1d6f3b9d4dcbecbe58514e6df8adff","primary_q4_calibration"
"1.1.0","study2","primary",97,120,1000,4,2,4,1970001,1970002,"study2_primary_q4_n120_ntest1000_m4_rep097.rds",47564,"64a90eab7be4e5aaad32c3d33c1cb88d","study2-synthetic-shared-state-v2","ac1d6f3b9d4dcbecbe58514e6df8adff","primary_q4_calibration"
"1.1.0","study2","primary",98,120,1000,4,2,4,1980001,1980002,"study2_primary_q4_n120_ntest1000_m4_rep098.rds",46840,"4d7ae7468f1050a2bbd427e0bdd5684c","study2-synthetic-shared-state-v2","ac1d6f3b9d4dcbecbe58514e6df8adff","primary_q4_calibration"
"1.1.0","study2","primary",99,120,1000,4,2,4,1990001,1990002,"study2_primary_q4_n120_ntest1000_m4_rep099.rds",47480,"ad131b9dc19d46d709ecb4f52570d55c","study2-synthetic-shared-state-v2","ac1d6f3b9d4dcbecbe58514e6df8adff","primary_q4_calibration"
"1.1.0","study2","primary",100,120,1000,4,2,4,2000001,2000002,"study2_primary_q4_n120_ntest1000_m4_rep100.rds",46876,"d166e1e742ddef9854b55e275d76860b","study2-synthetic-shared-state-v2","ac1d6f3b9d4dcbecbe58514e6df8adff","primary_q4_calibration"
"1.1.0","study2","latent_additive_control",1,120,1000,4,2,4,1010001,1010002,"study2_latent_additive_control_q4_n120_ntest1000_m4_rep001.rds",46672,"de1aa342a3e5976cfedf16ccc928fb5d","study2-synthetic-shared-state-v2","b36a2b7373115d36c32b6378586a3e46","additive_q4"
"1.1.0","study2","latent_additive_control",2,120,1000,4,2,4,1020001,1020002,"study2_latent_additive_control_q4_n120_ntest1000_m4_rep002.rds",47484,"8760b5967946864e3b56b9ad373f49d8","study2-synthetic-shared-state-v2","b36a2b7373115d36c32b6378586a3e46","additive_q4"
"1.1.0","study2","latent_additive_control",3,120,1000,4,2,4,1030001,1030002,"study2_latent_additive_control_q4_n120_ntest1000_m4_rep003.rds",47448,"37e22c9df91b8c3040952ac2ac15ab21","study2-synthetic-shared-state-v2","b36a2b7373115d36c32b6378586a3e46","additive_q4"
"1.1.0","study2","latent_additive_control",4,120,1000,4,2,4,1040001,1040002,"study2_latent_additive_control_q4_n120_ntest1000_m4_rep004.rds",47372,"c298003d6144813ea7809d7422b4f77a","study2-synthetic-shared-state-v2","b36a2b7373115d36c32b6378586a3e46","additive_q4"
"1.1.0","study2","latent_additive_control",5,120,1000,4,2,4,1050001,1050002,"study2_latent_additive_control_q4_n120_ntest1000_m4_rep005.rds",47452,"9cf49526511c1cd17e374b8b270bbe5d","study2-synthetic-shared-state-v2","b36a2b7373115d36c32b6378586a3e46","additive_q4"
"1.1.0","study2","latent_additive_control",6,120,1000,4,2,4,1060001,1060002,"study2_latent_additive_control_q4_n120_ntest1000_m4_rep006.rds",46760,"bf9df0ea27d449dc44a2badd434252a0","study2-synthetic-shared-state-v2","b36a2b7373115d36c32b6378586a3e46","additive_q4"
"1.1.0","study2","latent_additive_control",7,120,1000,4,2,4,1070001,1070002,"study2_latent_additive_control_q4_n120_ntest1000_m4_rep007.rds",47460,"592ea4367768c19279580dd8d9d4f271","study2-synthetic-shared-state-v2","b36a2b7373115d36c32b6378586a3e46","additive_q4"
"1.1.0","study2","latent_additive_control",8,120,1000,4,2,4,1080001,1080002,"study2_latent_additive_control_q4_n120_ntest1000_m4_rep008.rds",47456,"77bdfc2f19ab83d01beab8ee089ba591","study2-synthetic-shared-state-v2","b36a2b7373115d36c32b6378586a3e46","additive_q4"
"1.1.0","study2","latent_additive_control",9,120,1000,4,2,4,1090001,1090002,"study2_latent_additive_control_q4_n120_ntest1000_m4_rep009.rds",47452,"4dc4df63d5b3ebe5bdf727bfbeb1bebd","study2-synthetic-shared-state-v2","b36a2b7373115d36c32b6378586a3e46","additive_q4"
"1.1.0","study2","latent_additive_control",10,120,1000,4,2,4,1100001,1100002,"study2_latent_additive_control_q4_n120_ntest1000_m4_rep010.rds",47380,"78b5e7c8a312776412f5ef42ba73097c","study2-synthetic-shared-state-v2","b36a2b7373115d36c32b6378586a3e46","additive_q4"
"1.1.0","study2","latent_additive_control",11,120,1000,4,2,4,1110001,1110002,"study2_latent_additive_control_q4_n120_ntest1000_m4_rep011.rds",46704,"16574c544d4ac4086a24eba96163b9b5","study2-synthetic-shared-state-v2","b36a2b7373115d36c32b6378586a3e46","additive_q4"
"1.1.0","study2","latent_additive_control",12,120,1000,4,2,4,1120001,1120002,"study2_latent_additive_control_q4_n120_ntest1000_m4_rep012.rds",47452,"b734eb0a7db8464777bff39a511623fa","study2-synthetic-shared-state-v2","b36a2b7373115d36c32b6378586a3e46","additive_q4"
"1.1.0","study2","latent_additive_control",13,120,1000,4,2,4,1130001,1130002,"study2_latent_additive_control_q4_n120_ntest1000_m4_rep013.rds",46608,"19362953d22b8c9cb414c1b6fdec9191","study2-synthetic-shared-state-v2","b36a2b7373115d36c32b6378586a3e46","additive_q4"
"1.1.0","study2","latent_additive_control",14,120,1000,4,2,4,1140001,1140002,"study2_latent_additive_control_q4_n120_ntest1000_m4_rep014.rds",47420,"94004c125b0bdd11cbe6009284b7e541","study2-synthetic-shared-state-v2","b36a2b7373115d36c32b6378586a3e46","additive_q4"
"1.1.0","study2","latent_additive_control",15,120,1000,4,2,4,1150001,1150002,"study2_latent_additive_control_q4_n120_ntest1000_m4_rep015.rds",46820,"9988b78aa9fefba9c9075c5e6199dbfc","study2-synthetic-shared-state-v2","b36a2b7373115d36c32b6378586a3e46","additive_q4"
"1.1.0","study2","latent_additive_control",16,120,1000,4,2,4,1160001,1160002,"study2_latent_additive_control_q4_n120_ntest1000_m4_rep016.rds",47360,"8f910b7b6c8eb72768ad82ca2608700a","study2-synthetic-shared-state-v2","b36a2b7373115d36c32b6378586a3e46","additive_q4"
"1.1.0","study2","latent_additive_control",17,120,1000,4,2,4,1170001,1170002,"study2_latent_additive_control_q4_n120_ntest1000_m4_rep017.rds",47408,"233790b18b01b5854dfa8d88a834c79d","study2-synthetic-shared-state-v2","b36a2b7373115d36c32b6378586a3e46","additive_q4"
"1.1.0","study2","latent_additive_control",18,120,1000,4,2,4,1180001,1180002,"study2_latent_additive_control_q4_n120_ntest1000_m4_rep018.rds",47476,"0f513d5dd18793310c50b19580459ffd","study2-synthetic-shared-state-v2","b36a2b7373115d36c32b6378586a3e46","additive_q4"
"1.1.0","study2","latent_additive_control",19,120,1000,4,2,4,1190001,1190002,"study2_latent_additive_control_q4_n120_ntest1000_m4_rep019.rds",47444,"2b0d1fb22236266e9ea0bc63f91326af","study2-synthetic-shared-state-v2","b36a2b7373115d36c32b6378586a3e46","additive_q4"
"1.1.0","study2","latent_additive_control",20,120,1000,4,2,4,1200001,1200002,"study2_latent_additive_control_q4_n120_ntest1000_m4_rep020.rds",47376,"9f59da219d65200ca4f07f30fa38e105","study2-synthetic-shared-state-v2","b36a2b7373115d36c32b6378586a3e46","additive_q4"
"1.1.0","study2","latent_additive_control",21,120,1000,4,2,4,1210001,1210002,"study2_latent_additive_control_q4_n120_ntest1000_m4_rep021.rds",46852,"c276db94b7805e7906e189e5b33226ef","study2-synthetic-shared-state-v2","b36a2b7373115d36c32b6378586a3e46","additive_q4"
"1.1.0","study2","latent_additive_control",22,120,1000,4,2,4,1220001,1220002,"study2_latent_additive_control_q4_n120_ntest1000_m4_rep022.rds",46740,"824f03f6f9a5a4f3b31d95bd3f4ee0e8","study2-synthetic-shared-state-v2","b36a2b7373115d36c32b6378586a3e46","additive_q4"
"1.1.0","study2","latent_additive_control",23,120,1000,4,2,4,1230001,1230002,"study2_latent_additive_control_q4_n120_ntest1000_m4_rep023.rds",47416,"00eafa3f52969c656560bc1d44d60a76","study2-synthetic-shared-state-v2","b36a2b7373115d36c32b6378586a3e46","additive_q4"
"1.1.0","study2","latent_additive_control",24,120,1000,4,2,4,1240001,1240002,"study2_latent_additive_control_q4_n120_ntest1000_m4_rep024.rds",47028,"83b4b7770677d9112e1a807d18986be1","study2-synthetic-shared-state-v2","b36a2b7373115d36c32b6378586a3e46","additive_q4"
"1.1.0","study2","latent_additive_control",25,120,1000,4,2,4,1250001,1250002,"study2_latent_additive_control_q4_n120_ntest1000_m4_rep025.rds",47444,"a1b0ff82fdf6f775e93f96311bb3dc89","study2-synthetic-shared-state-v2","b36a2b7373115d36c32b6378586a3e46","additive_q4"
"1.1.0","study2","latent_additive_control",26,120,1000,4,2,4,1260001,1260002,"study2_latent_additive_control_q4_n120_ntest1000_m4_rep026.rds",47452,"179daac5a2c1cc4f7a20ec9fe47aacdc","study2-synthetic-shared-state-v2","b36a2b7373115d36c32b6378586a3e46","additive_q4"
"1.1.0","study2","latent_additive_control",27,120,1000,4,2,4,1270001,1270002,"study2_latent_additive_control_q4_n120_ntest1000_m4_rep027.rds",47448,"48eb4adc3f7a07b5fc2070e53df170d9","study2-synthetic-shared-state-v2","b36a2b7373115d36c32b6378586a3e46","additive_q4"
"1.1.0","study2","latent_additive_control",28,120,1000,4,2,4,1280001,1280002,"study2_latent_additive_control_q4_n120_ntest1000_m4_rep028.rds",47480,"33367d3a4983364b0b46cdf508b40466","study2-synthetic-shared-state-v2","b36a2b7373115d36c32b6378586a3e46","additive_q4"
"1.1.0","study2","latent_additive_control",29,120,1000,4,2,4,1290001,1290002,"study2_latent_additive_control_q4_n120_ntest1000_m4_rep029.rds",47436,"341744b5c750976e573ceb2e7ee74f42","study2-synthetic-shared-state-v2","b36a2b7373115d36c32b6378586a3e46","additive_q4"
"1.1.0","study2","latent_additive_control",30,120,1000,4,2,4,1300001,1300002,"study2_latent_additive_control_q4_n120_ntest1000_m4_rep030.rds",47428,"867bcefb89410d6fc16b886b413921c0","study2-synthetic-shared-state-v2","b36a2b7373115d36c32b6378586a3e46","additive_q4"
"1.1.0","study2","latent_additive_control",31,120,1000,4,2,4,1310001,1310002,"study2_latent_additive_control_q4_n120_ntest1000_m4_rep031.rds",47476,"d4a17004338e68c551860c184d1893da","study2-synthetic-shared-state-v2","b36a2b7373115d36c32b6378586a3e46","additive_q4"
"1.1.0","study2","latent_additive_control",32,120,1000,4,2,4,1320001,1320002,"study2_latent_additive_control_q4_n120_ntest1000_m4_rep032.rds",46660,"8fcf21d9659f97b81b032abd3624a38c","study2-synthetic-shared-state-v2","b36a2b7373115d36c32b6378586a3e46","additive_q4"
"1.1.0","study2","latent_additive_control",33,120,1000,4,2,4,1330001,1330002,"study2_latent_additive_control_q4_n120_ntest1000_m4_rep033.rds",47468,"18a0dae9cf027d4c8c129fe6024bd7fb","study2-synthetic-shared-state-v2","b36a2b7373115d36c32b6378586a3e46","additive_q4"
"1.1.0","study2","latent_additive_control",34,120,1000,4,2,4,1340001,1340002,"study2_latent_additive_control_q4_n120_ntest1000_m4_rep034.rds",47400,"67fee10dfa5fd7ebd4775326cff60249","study2-synthetic-shared-state-v2","b36a2b7373115d36c32b6378586a3e46","additive_q4"
"1.1.0","study2","latent_additive_control",35,120,1000,4,2,4,1350001,1350002,"study2_latent_additive_control_q4_n120_ntest1000_m4_rep035.rds",47432,"d7f2ca4b2a162f92ee26b9fd12bb8a3e","study2-synthetic-shared-state-v2","b36a2b7373115d36c32b6378586a3e46","additive_q4"
"1.1.0","study2","latent_additive_control",36,120,1000,4,2,4,1360001,1360002,"study2_latent_additive_control_q4_n120_ntest1000_m4_rep036.rds",46648,"808617df3bb5d541560f44b2dd307196","study2-synthetic-shared-state-v2","b36a2b7373115d36c32b6378586a3e46","additive_q4"
"1.1.0","study2","latent_additive_control",37,120,1000,4,2,4,1370001,1370002,"study2_latent_additive_control_q4_n120_ntest1000_m4_rep037.rds",47460,"09c6aa2109ca876b75c00ff439e2025d","study2-synthetic-shared-state-v2","b36a2b7373115d36c32b6378586a3e46","additive_q4"
"1.1.0","study2","latent_additive_control",38,120,1000,4,2,4,1380001,1380002,"study2_latent_additive_control_q4_n120_ntest1000_m4_rep038.rds",47460,"ce925dc751f5cab2a582f391b81ccdd2","study2-synthetic-shared-state-v2","b36a2b7373115d36c32b6378586a3e46","additive_q4"
"1.1.0","study2","latent_additive_control",39,120,1000,4,2,4,1390001,1390002,"study2_latent_additive_control_q4_n120_ntest1000_m4_rep039.rds",47436,"9d5fa207a32552e0b1aa5071b80e1679","study2-synthetic-shared-state-v2","b36a2b7373115d36c32b6378586a3e46","additive_q4"
"1.1.0","study2","latent_additive_control",40,120,1000,4,2,4,1400001,1400002,"study2_latent_additive_control_q4_n120_ntest1000_m4_rep040.rds",47352,"57639ca8961307506e539e285e7fc4cc","study2-synthetic-shared-state-v2","b36a2b7373115d36c32b6378586a3e46","additive_q4"
"1.1.0","study2","latent_additive_control",41,120,1000,4,2,4,1410001,1410002,"study2_latent_additive_control_q4_n120_ntest1000_m4_rep041.rds",47432,"cef5813f214504126724aecc84c37573","study2-synthetic-shared-state-v2","b36a2b7373115d36c32b6378586a3e46","additive_q4"
"1.1.0","study2","latent_additive_control",42,120,1000,4,2,4,1420001,1420002,"study2_latent_additive_control_q4_n120_ntest1000_m4_rep042.rds",47436,"921d732d8a2cd2fc165036cf55c1b604","study2-synthetic-shared-state-v2","b36a2b7373115d36c32b6378586a3e46","additive_q4"
"1.1.0","study2","latent_additive_control",43,120,1000,4,2,4,1430001,1430002,"study2_latent_additive_control_q4_n120_ntest1000_m4_rep043.rds",46792,"075da006401ac161997d38c318b71884","study2-synthetic-shared-state-v2","b36a2b7373115d36c32b6378586a3e46","additive_q4"
"1.1.0","study2","latent_additive_control",44,120,1000,4,2,4,1440001,1440002,"study2_latent_additive_control_q4_n120_ntest1000_m4_rep044.rds",47408,"dde28d8ce76bee1b6b6011c4d0a6fd88","study2-synthetic-shared-state-v2","b36a2b7373115d36c32b6378586a3e46","additive_q4"
"1.1.0","study2","latent_additive_control",45,120,1000,4,2,4,1450001,1450002,"study2_latent_additive_control_q4_n120_ntest1000_m4_rep045.rds",46736,"61e487661ea24a278d238b496eabfda6","study2-synthetic-shared-state-v2","b36a2b7373115d36c32b6378586a3e46","additive_q4"
"1.1.0","study2","latent_additive_control",46,120,1000,4,2,4,1460001,1460002,"study2_latent_additive_control_q4_n120_ntest1000_m4_rep046.rds",47436,"3f505659f7ba80cea6ef6976f145b2fb","study2-synthetic-shared-state-v2","b36a2b7373115d36c32b6378586a3e46","additive_q4"
"1.1.0","study2","latent_additive_control",47,120,1000,4,2,4,1470001,1470002,"study2_latent_additive_control_q4_n120_ntest1000_m4_rep047.rds",47508,"2fa6d1623ed55e8cf7c5048487c80fd3","study2-synthetic-shared-state-v2","b36a2b7373115d36c32b6378586a3e46","additive_q4"
"1.1.0","study2","latent_additive_control",48,120,1000,4,2,4,1480001,1480002,"study2_latent_additive_control_q4_n120_ntest1000_m4_rep048.rds",46644,"8326ecabefe5d5f229fb47201593e257","study2-synthetic-shared-state-v2","b36a2b7373115d36c32b6378586a3e46","additive_q4"
"1.1.0","study2","latent_additive_control",49,120,1000,4,2,4,1490001,1490002,"study2_latent_additive_control_q4_n120_ntest1000_m4_rep049.rds",47076,"ef60124d61ad29d7c306df4717224d95","study2-synthetic-shared-state-v2","b36a2b7373115d36c32b6378586a3e46","additive_q4"
"1.1.0","study2","latent_additive_control",50,120,1000,4,2,4,1500001,1500002,"study2_latent_additive_control_q4_n120_ntest1000_m4_rep050.rds",47512,"614c6447aaba04d8834c1f689f47fe45","study2-synthetic-shared-state-v2","b36a2b7373115d36c32b6378586a3e46","additive_q4"
"1.1.0","study2","high_uncertainty",1,120,1000,4,2,4,1010001,1010002,"study2_high_uncertainty_q4_n120_ntest1000_m4_rep001.rds",47356,"9379f8ad02da04f292daf083f2578f0b","study2-synthetic-shared-state-v2","31012fc361600eb3ed02e6b2d57efd2a","high_uncertainty_q4"
"1.1.0","study2","high_uncertainty",2,120,1000,4,2,4,1020001,1020002,"study2_high_uncertainty_q4_n120_ntest1000_m4_rep002.rds",47484,"ca35c04aa1d911db3a9cd681eec92d7e","study2-synthetic-shared-state-v2","31012fc361600eb3ed02e6b2d57efd2a","high_uncertainty_q4"
"1.1.0","study2","high_uncertainty",3,120,1000,4,2,4,1030001,1030002,"study2_high_uncertainty_q4_n120_ntest1000_m4_rep003.rds",47436,"1f5bf8286ab4d2b61ca2304d8ebc4a76","study2-synthetic-shared-state-v2","31012fc361600eb3ed02e6b2d57efd2a","high_uncertainty_q4"
"1.1.0","study2","high_uncertainty",4,120,1000,4,2,4,1040001,1040002,"study2_high_uncertainty_q4_n120_ntest1000_m4_rep004.rds",47392,"32ab7187e0f387d54e1d0a546e8c02d0","study2-synthetic-shared-state-v2","31012fc361600eb3ed02e6b2d57efd2a","high_uncertainty_q4"
"1.1.0","study2","high_uncertainty",5,120,1000,4,2,4,1050001,1050002,"study2_high_uncertainty_q4_n120_ntest1000_m4_rep005.rds",46852,"8019fc26c6ba2fc2385331a07f04da77","study2-synthetic-shared-state-v2","31012fc361600eb3ed02e6b2d57efd2a","high_uncertainty_q4"
"1.1.0","study2","high_uncertainty",6,120,1000,4,2,4,1060001,1060002,"study2_high_uncertainty_q4_n120_ntest1000_m4_rep006.rds",47488,"d7fddda7214385917767d1d8722beebc","study2-synthetic-shared-state-v2","31012fc361600eb3ed02e6b2d57efd2a","high_uncertainty_q4"
"1.1.0","study2","high_uncertainty",7,120,1000,4,2,4,1070001,1070002,"study2_high_uncertainty_q4_n120_ntest1000_m4_rep007.rds",47400,"457b1111c17f87e33e7a08ff78f44ab3","study2-synthetic-shared-state-v2","31012fc361600eb3ed02e6b2d57efd2a","high_uncertainty_q4"
"1.1.0","study2","high_uncertainty",8,120,1000,4,2,4,1080001,1080002,"study2_high_uncertainty_q4_n120_ntest1000_m4_rep008.rds",47404,"36ed0e8eab046a87fc687dbb5b87a0a0","study2-synthetic-shared-state-v2","31012fc361600eb3ed02e6b2d57efd2a","high_uncertainty_q4"
"1.1.0","study2","high_uncertainty",9,120,1000,4,2,4,1090001,1090002,"study2_high_uncertainty_q4_n120_ntest1000_m4_rep009.rds",47476,"408c2a3954d46158d3355f5aecc4a7a6","study2-synthetic-shared-state-v2","31012fc361600eb3ed02e6b2d57efd2a","high_uncertainty_q4"
"1.1.0","study2","high_uncertainty",10,120,1000,4,2,4,1100001,1100002,"study2_high_uncertainty_q4_n120_ntest1000_m4_rep010.rds",47372,"034f54008bcbdf19e789210c2db0c249","study2-synthetic-shared-state-v2","31012fc361600eb3ed02e6b2d57efd2a","high_uncertainty_q4"
"1.1.0","study2","high_uncertainty",11,120,1000,4,2,4,1110001,1110002,"study2_high_uncertainty_q4_n120_ntest1000_m4_rep011.rds",47408,"67fb1d184872dde56461120ae9651818","study2-synthetic-shared-state-v2","31012fc361600eb3ed02e6b2d57efd2a","high_uncertainty_q4"
"1.1.0","study2","high_uncertainty",12,120,1000,4,2,4,1120001,1120002,"study2_high_uncertainty_q4_n120_ntest1000_m4_rep012.rds",46624,"2a8a2a7fc2b2363a4d7d3329ddf0a6c7","study2-synthetic-shared-state-v2","31012fc361600eb3ed02e6b2d57efd2a","high_uncertainty_q4"
"1.1.0","study2","high_uncertainty",13,120,1000,4,2,4,1130001,1130002,"study2_high_uncertainty_q4_n120_ntest1000_m4_rep013.rds",47440,"4a00ef1fbf3861cb1dd8219760e4e31e","study2-synthetic-shared-state-v2","31012fc361600eb3ed02e6b2d57efd2a","high_uncertainty_q4"
"1.1.0","study2","high_uncertainty",14,120,1000,4,2,4,1140001,1140002,"study2_high_uncertainty_q4_n120_ntest1000_m4_rep014.rds",47364,"3c45ba8270b2bdb7a5724c8e8a34cd05","study2-synthetic-shared-state-v2","31012fc361600eb3ed02e6b2d57efd2a","high_uncertainty_q4"
"1.1.0","study2","high_uncertainty",15,120,1000,4,2,4,1150001,1150002,"study2_high_uncertainty_q4_n120_ntest1000_m4_rep015.rds",46664,"616fab7106962cb7de5074270264a7eb","study2-synthetic-shared-state-v2","31012fc361600eb3ed02e6b2d57efd2a","high_uncertainty_q4"
"1.1.0","study2","high_uncertainty",16,120,1000,4,2,4,1160001,1160002,"study2_high_uncertainty_q4_n120_ntest1000_m4_rep016.rds",47276,"1c5a0c50192b6f3664e651c211707476","study2-synthetic-shared-state-v2","31012fc361600eb3ed02e6b2d57efd2a","high_uncertainty_q4"
"1.1.0","study2","high_uncertainty",17,120,1000,4,2,4,1170001,1170002,"study2_high_uncertainty_q4_n120_ntest1000_m4_rep017.rds",47416,"b0633274624968d3563feac558d4305f","study2-synthetic-shared-state-v2","31012fc361600eb3ed02e6b2d57efd2a","high_uncertainty_q4"
"1.1.0","study2","high_uncertainty",18,120,1000,4,2,4,1180001,1180002,"study2_high_uncertainty_q4_n120_ntest1000_m4_rep018.rds",47444,"9f8a304111831b40e6696c2b43a61670","study2-synthetic-shared-state-v2","31012fc361600eb3ed02e6b2d57efd2a","high_uncertainty_q4"
"1.1.0","study2","high_uncertainty",19,120,1000,4,2,4,1190001,1190002,"study2_high_uncertainty_q4_n120_ntest1000_m4_rep019.rds",47436,"559483d96ab9e6d49cc6a823859dd7ca","study2-synthetic-shared-state-v2","31012fc361600eb3ed02e6b2d57efd2a","high_uncertainty_q4"
"1.1.0","study2","high_uncertainty",20,120,1000,4,2,4,1200001,1200002,"study2_high_uncertainty_q4_n120_ntest1000_m4_rep020.rds",47328,"283cf850ceb8190182b077aeeb6037c6","study2-synthetic-shared-state-v2","31012fc361600eb3ed02e6b2d57efd2a","high_uncertainty_q4"
"1.1.0","study2","high_uncertainty",21,120,1000,4,2,4,1210001,1210002,"study2_high_uncertainty_q4_n120_ntest1000_m4_rep021.rds",47480,"2c9985021ec15fa374176f79d6f3873c","study2-synthetic-shared-state-v2","31012fc361600eb3ed02e6b2d57efd2a","high_uncertainty_q4"
"1.1.0","study2","high_uncertainty",22,120,1000,4,2,4,1220001,1220002,"study2_high_uncertainty_q4_n120_ntest1000_m4_rep022.rds",47392,"e3305d431f0069930c59969b7645ce09","study2-synthetic-shared-state-v2","31012fc361600eb3ed02e6b2d57efd2a","high_uncertainty_q4"
"1.1.0","study2","high_uncertainty",23,120,1000,4,2,4,1230001,1230002,"study2_high_uncertainty_q4_n120_ntest1000_m4_rep023.rds",47444,"2504b31964792e95f1d6e4015b63fc0d","study2-synthetic-shared-state-v2","31012fc361600eb3ed02e6b2d57efd2a","high_uncertainty_q4"
"1.1.0","study2","high_uncertainty",24,120,1000,4,2,4,1240001,1240002,"study2_high_uncertainty_q4_n120_ntest1000_m4_rep024.rds",47420,"24fb1c5677c35f39bd37437c83076304","study2-synthetic-shared-state-v2","31012fc361600eb3ed02e6b2d57efd2a","high_uncertainty_q4"
"1.1.0","study2","high_uncertainty",25,120,1000,4,2,4,1250001,1250002,"study2_high_uncertainty_q4_n120_ntest1000_m4_rep025.rds",47412,"a7d88f4a85aa3b12b4efb9250ce1c637","study2-synthetic-shared-state-v2","31012fc361600eb3ed02e6b2d57efd2a","high_uncertainty_q4"
"1.1.0","study2","high_uncertainty",26,120,1000,4,2,4,1260001,1260002,"study2_high_uncertainty_q4_n120_ntest1000_m4_rep026.rds",47408,"64a1b7c7e54916b19e032669201f7f69","study2-synthetic-shared-state-v2","31012fc361600eb3ed02e6b2d57efd2a","high_uncertainty_q4"
"1.1.0","study2","high_uncertainty",27,120,1000,4,2,4,1270001,1270002,"study2_high_uncertainty_q4_n120_ntest1000_m4_rep027.rds",47432,"746b4739a096985901911098d83d9f69","study2-synthetic-shared-state-v2","31012fc361600eb3ed02e6b2d57efd2a","high_uncertainty_q4"
"1.1.0","study2","high_uncertainty",28,120,1000,4,2,4,1280001,1280002,"study2_high_uncertainty_q4_n120_ntest1000_m4_rep028.rds",47432,"6be1bef6368eea7608fb55f22f4be7a7","study2-synthetic-shared-state-v2","31012fc361600eb3ed02e6b2d57efd2a","high_uncertainty_q4"
"1.1.0","study2","high_uncertainty",29,120,1000,4,2,4,1290001,1290002,"study2_high_uncertainty_q4_n120_ntest1000_m4_rep029.rds",47396,"f00f0819a594d1a6ebbfb62e7a2d5754","study2-synthetic-shared-state-v2","31012fc361600eb3ed02e6b2d57efd2a","high_uncertainty_q4"
"1.1.0","study2","high_uncertainty",30,120,1000,4,2,4,1300001,1300002,"study2_high_uncertainty_q4_n120_ntest1000_m4_rep030.rds",47396,"047d954ce64583ce2c9a10733c7e11c6","study2-synthetic-shared-state-v2","31012fc361600eb3ed02e6b2d57efd2a","high_uncertainty_q4"
"1.1.0","study2","high_uncertainty",31,120,1000,4,2,4,1310001,1310002,"study2_high_uncertainty_q4_n120_ntest1000_m4_rep031.rds",47456,"f3b54470bfe751c612fce2c67a44ca30","study2-synthetic-shared-state-v2","31012fc361600eb3ed02e6b2d57efd2a","high_uncertainty_q4"
"1.1.0","study2","high_uncertainty",32,120,1000,4,2,4,1320001,1320002,"study2_high_uncertainty_q4_n120_ntest1000_m4_rep032.rds",46628,"70c03d8baffa2a295f195da9004145cf","study2-synthetic-shared-state-v2","31012fc361600eb3ed02e6b2d57efd2a","high_uncertainty_q4"
"1.1.0","study2","high_uncertainty",33,120,1000,4,2,4,1330001,1330002,"study2_high_uncertainty_q4_n120_ntest1000_m4_rep033.rds",46672,"012451248ceb45f8df6a4c4705145a53","study2-synthetic-shared-state-v2","31012fc361600eb3ed02e6b2d57efd2a","high_uncertainty_q4"
"1.1.0","study2","high_uncertainty",34,120,1000,4,2,4,1340001,1340002,"study2_high_uncertainty_q4_n120_ntest1000_m4_rep034.rds",47388,"588d08e87f4a20013ef22a8b232fad63","study2-synthetic-shared-state-v2","31012fc361600eb3ed02e6b2d57efd2a","high_uncertainty_q4"
"1.1.0","study2","high_uncertainty",35,120,1000,4,2,4,1350001,1350002,"study2_high_uncertainty_q4_n120_ntest1000_m4_rep035.rds",47424,"c2031753df346007dfee883a8188bc9e","study2-synthetic-shared-state-v2","31012fc361600eb3ed02e6b2d57efd2a","high_uncertainty_q4"
"1.1.0","study2","high_uncertainty",36,120,1000,4,2,4,1360001,1360002,"study2_high_uncertainty_q4_n120_ntest1000_m4_rep036.rds",47404,"16bb35be712e3f3958e5e4eafab29168","study2-synthetic-shared-state-v2","31012fc361600eb3ed02e6b2d57efd2a","high_uncertainty_q4"
"1.1.0","study2","high_uncertainty",37,120,1000,4,2,4,1370001,1370002,"study2_high_uncertainty_q4_n120_ntest1000_m4_rep037.rds",47420,"4cc75a329a74d4eaa4b3f5f0e3d0ace6","study2-synthetic-shared-state-v2","31012fc361600eb3ed02e6b2d57efd2a","high_uncertainty_q4"
"1.1.0","study2","high_uncertainty",38,120,1000,4,2,4,1380001,1380002,"study2_high_uncertainty_q4_n120_ntest1000_m4_rep038.rds",47440,"cd2c8c57d8d2d6763e8a635ed63be39d","study2-synthetic-shared-state-v2","31012fc361600eb3ed02e6b2d57efd2a","high_uncertainty_q4"
"1.1.0","study2","high_uncertainty",39,120,1000,4,2,4,1390001,1390002,"study2_high_uncertainty_q4_n120_ntest1000_m4_rep039.rds",47440,"73c13ae17239859bb7d6348e6671aa8d","study2-synthetic-shared-state-v2","31012fc361600eb3ed02e6b2d57efd2a","high_uncertainty_q4"
"1.1.0","study2","high_uncertainty",40,120,1000,4,2,4,1400001,1400002,"study2_high_uncertainty_q4_n120_ntest1000_m4_rep040.rds",47344,"fc2607f92870576f3858f264c9f16ee9","study2-synthetic-shared-state-v2","31012fc361600eb3ed02e6b2d57efd2a","high_uncertainty_q4"
"1.1.0","study2","high_uncertainty",41,120,1000,4,2,4,1410001,1410002,"study2_high_uncertainty_q4_n120_ntest1000_m4_rep041.rds",47428,"081f3afd82925e0a7a2f609d7f27c9e2","study2-synthetic-shared-state-v2","31012fc361600eb3ed02e6b2d57efd2a","high_uncertainty_q4"
"1.1.0","study2","high_uncertainty",42,120,1000,4,2,4,1420001,1420002,"study2_high_uncertainty_q4_n120_ntest1000_m4_rep042.rds",47424,"b0bb537fb030c02bd93c1d1cf3330834","study2-synthetic-shared-state-v2","31012fc361600eb3ed02e6b2d57efd2a","high_uncertainty_q4"
"1.1.0","study2","high_uncertainty",43,120,1000,4,2,4,1430001,1430002,"study2_high_uncertainty_q4_n120_ntest1000_m4_rep043.rds",47432,"2f8beb47f56edf658dbfb6440148b410","study2-synthetic-shared-state-v2","31012fc361600eb3ed02e6b2d57efd2a","high_uncertainty_q4"
"1.1.0","study2","high_uncertainty",44,120,1000,4,2,4,1440001,1440002,"study2_high_uncertainty_q4_n120_ntest1000_m4_rep044.rds",47420,"cfdc0a19eb9ab8c8979cdd88a5aaf785","study2-synthetic-shared-state-v2","31012fc361600eb3ed02e6b2d57efd2a","high_uncertainty_q4"
"1.1.0","study2","high_uncertainty",45,120,1000,4,2,4,1450001,1450002,"study2_high_uncertainty_q4_n120_ntest1000_m4_rep045.rds",46616,"6e5a9a49a676e1326a147c2d2f602f90","study2-synthetic-shared-state-v2","31012fc361600eb3ed02e6b2d57efd2a","high_uncertainty_q4"
"1.1.0","study2","high_uncertainty",46,120,1000,4,2,4,1460001,1460002,"study2_high_uncertainty_q4_n120_ntest1000_m4_rep046.rds",46648,"0eea433a965b37445ab247578ddc7e1b","study2-synthetic-shared-state-v2","31012fc361600eb3ed02e6b2d57efd2a","high_uncertainty_q4"
"1.1.0","study2","high_uncertainty",47,120,1000,4,2,4,1470001,1470002,"study2_high_uncertainty_q4_n120_ntest1000_m4_rep047.rds",47448,"386ec27ffea6bd41bcf2ca28210dbcdb","study2-synthetic-shared-state-v2","31012fc361600eb3ed02e6b2d57efd2a","high_uncertainty_q4"
"1.1.0","study2","high_uncertainty",48,120,1000,4,2,4,1480001,1480002,"study2_high_uncertainty_q4_n120_ntest1000_m4_rep048.rds",47428,"525dfb36fe3562b6e8b17b7a3b92f058","study2-synthetic-shared-state-v2","31012fc361600eb3ed02e6b2d57efd2a","high_uncertainty_q4"
"1.1.0","study2","high_uncertainty",49,120,1000,4,2,4,1490001,1490002,"study2_high_uncertainty_q4_n120_ntest1000_m4_rep049.rds",46648,"4eb13d2ac606775732f56b9e8327924d","study2-synthetic-shared-state-v2","31012fc361600eb3ed02e6b2d57efd2a","high_uncertainty_q4"
"1.1.0","study2","high_uncertainty",50,120,1000,4,2,4,1500001,1500002,"study2_high_uncertainty_q4_n120_ntest1000_m4_rep050.rds",47512,"269f2d294346663cfbb9776edc383875","study2-synthetic-shared-state-v2","31012fc361600eb3ed02e6b2d57efd2a","high_uncertainty_q4"
"1.1.0","study2","logistic_misspec",1,120,1000,4,2,4,1010001,1010002,"study2_logistic_misspec_q4_n120_ntest1000_m4_rep001.rds",47360,"c5d0534ba0bd3a358fde98ae1ae03702","study2-synthetic-shared-state-v2","799d9ed9398fac7c0103a53ad06463eb","logistic_q4"
"1.1.0","study2","logistic_misspec",2,120,1000,4,2,4,1020001,1020002,"study2_logistic_misspec_q4_n120_ntest1000_m4_rep002.rds",47460,"7b762593afb91bb0602e0d068cdb9437","study2-synthetic-shared-state-v2","799d9ed9398fac7c0103a53ad06463eb","logistic_q4"
"1.1.0","study2","logistic_misspec",3,120,1000,4,2,4,1030001,1030002,"study2_logistic_misspec_q4_n120_ntest1000_m4_rep003.rds",47436,"d27d0ec1f880d60051f0acc06b1be22d","study2-synthetic-shared-state-v2","799d9ed9398fac7c0103a53ad06463eb","logistic_q4"
"1.1.0","study2","logistic_misspec",4,120,1000,4,2,4,1040001,1040002,"study2_logistic_misspec_q4_n120_ntest1000_m4_rep004.rds",47236,"de78c90a78bfefa84cb1d1bf60464fa0","study2-synthetic-shared-state-v2","799d9ed9398fac7c0103a53ad06463eb","logistic_q4"
"1.1.0","study2","logistic_misspec",5,120,1000,4,2,4,1050001,1050002,"study2_logistic_misspec_q4_n120_ntest1000_m4_rep005.rds",47480,"af700bb4025b0c3841b3c66ddefde888","study2-synthetic-shared-state-v2","799d9ed9398fac7c0103a53ad06463eb","logistic_q4"
"1.1.0","study2","logistic_misspec",6,120,1000,4,2,4,1060001,1060002,"study2_logistic_misspec_q4_n120_ntest1000_m4_rep006.rds",47452,"906a0839028357ae8cede44c9070c623","study2-synthetic-shared-state-v2","799d9ed9398fac7c0103a53ad06463eb","logistic_q4"
"1.1.0","study2","logistic_misspec",7,120,1000,4,2,4,1070001,1070002,"study2_logistic_misspec_q4_n120_ntest1000_m4_rep007.rds",47416,"60b426e5893259977024198911e87ed7","study2-synthetic-shared-state-v2","799d9ed9398fac7c0103a53ad06463eb","logistic_q4"
"1.1.0","study2","logistic_misspec",8,120,1000,4,2,4,1080001,1080002,"study2_logistic_misspec_q4_n120_ntest1000_m4_rep008.rds",47392,"72ea7f73bf3fa612befe952db5788388","study2-synthetic-shared-state-v2","799d9ed9398fac7c0103a53ad06463eb","logistic_q4"
"1.1.0","study2","logistic_misspec",9,120,1000,4,2,4,1090001,1090002,"study2_logistic_misspec_q4_n120_ntest1000_m4_rep009.rds",47464,"2ae3fef28708ab555d0f124c46dd7d52","study2-synthetic-shared-state-v2","799d9ed9398fac7c0103a53ad06463eb","logistic_q4"
"1.1.0","study2","logistic_misspec",10,120,1000,4,2,4,1100001,1100002,"study2_logistic_misspec_q4_n120_ntest1000_m4_rep010.rds",47348,"a6cb841d04425306e639dc2c25b505e2","study2-synthetic-shared-state-v2","799d9ed9398fac7c0103a53ad06463eb","logistic_q4"
"1.1.0","study2","logistic_misspec",11,120,1000,4,2,4,1110001,1110002,"study2_logistic_misspec_q4_n120_ntest1000_m4_rep011.rds",46680,"911b3e2ddda8df088451515928a74f3f","study2-synthetic-shared-state-v2","799d9ed9398fac7c0103a53ad06463eb","logistic_q4"
"1.1.0","study2","logistic_misspec",12,120,1000,4,2,4,1120001,1120002,"study2_logistic_misspec_q4_n120_ntest1000_m4_rep012.rds",46676,"963fce41b62a3d7ab880fa09694aa227","study2-synthetic-shared-state-v2","799d9ed9398fac7c0103a53ad06463eb","logistic_q4"
"1.1.0","study2","logistic_misspec",13,120,1000,4,2,4,1130001,1130002,"study2_logistic_misspec_q4_n120_ntest1000_m4_rep013.rds",47376,"3b03aeca299f71b068605512c6db4fe3","study2-synthetic-shared-state-v2","799d9ed9398fac7c0103a53ad06463eb","logistic_q4"
"1.1.0","study2","logistic_misspec",14,120,1000,4,2,4,1140001,1140002,"study2_logistic_misspec_q4_n120_ntest1000_m4_rep014.rds",47376,"1c1d90896db2ef31f9c1d672c39e769b","study2-synthetic-shared-state-v2","799d9ed9398fac7c0103a53ad06463eb","logistic_q4"
"1.1.0","study2","logistic_misspec",15,120,1000,4,2,4,1150001,1150002,"study2_logistic_misspec_q4_n120_ntest1000_m4_rep015.rds",46684,"11f3fd4eb1bb0b0cb35849614975e5b8","study2-synthetic-shared-state-v2","799d9ed9398fac7c0103a53ad06463eb","logistic_q4"
"1.1.0","study2","logistic_misspec",16,120,1000,4,2,4,1160001,1160002,"study2_logistic_misspec_q4_n120_ntest1000_m4_rep016.rds",47284,"53fc15a4600154568bee97c258ba22b6","study2-synthetic-shared-state-v2","799d9ed9398fac7c0103a53ad06463eb","logistic_q4"
"1.1.0","study2","logistic_misspec",17,120,1000,4,2,4,1170001,1170002,"study2_logistic_misspec_q4_n120_ntest1000_m4_rep017.rds",47376,"1b0075269815dee1e6e2757af6354ce7","study2-synthetic-shared-state-v2","799d9ed9398fac7c0103a53ad06463eb","logistic_q4"
"1.1.0","study2","logistic_misspec",18,120,1000,4,2,4,1180001,1180002,"study2_logistic_misspec_q4_n120_ntest1000_m4_rep018.rds",47452,"91b25f279c1b37c71138fa13aa296c55","study2-synthetic-shared-state-v2","799d9ed9398fac7c0103a53ad06463eb","logistic_q4"
"1.1.0","study2","logistic_misspec",19,120,1000,4,2,4,1190001,1190002,"study2_logistic_misspec_q4_n120_ntest1000_m4_rep019.rds",47440,"0ef1c7ad6ae90cf92c70f210adfc491a","study2-synthetic-shared-state-v2","799d9ed9398fac7c0103a53ad06463eb","logistic_q4"
"1.1.0","study2","logistic_misspec",20,120,1000,4,2,4,1200001,1200002,"study2_logistic_misspec_q4_n120_ntest1000_m4_rep020.rds",47324,"c6c17e3b1a9c1b60240d1ecb540fe624","study2-synthetic-shared-state-v2","799d9ed9398fac7c0103a53ad06463eb","logistic_q4"
"1.1.0","study2","logistic_misspec",21,120,1000,4,2,4,1210001,1210002,"study2_logistic_misspec_q4_n120_ntest1000_m4_rep021.rds",46672,"8b472c0d4ef63bbf2519396a7ea8f303","study2-synthetic-shared-state-v2","799d9ed9398fac7c0103a53ad06463eb","logistic_q4"
"1.1.0","study2","logistic_misspec",22,120,1000,4,2,4,1220001,1220002,"study2_logistic_misspec_q4_n120_ntest1000_m4_rep022.rds",47284,"8ecb2a3072eb482d1022cb0b8b203fd5","study2-synthetic-shared-state-v2","799d9ed9398fac7c0103a53ad06463eb","logistic_q4"
"1.1.0","study2","logistic_misspec",23,120,1000,4,2,4,1230001,1230002,"study2_logistic_misspec_q4_n120_ntest1000_m4_rep023.rds",47384,"5a6b4a41f42afb8ae557ae2ea322ee05","study2-synthetic-shared-state-v2","799d9ed9398fac7c0103a53ad06463eb","logistic_q4"
"1.1.0","study2","logistic_misspec",24,120,1000,4,2,4,1240001,1240002,"study2_logistic_misspec_q4_n120_ntest1000_m4_rep024.rds",47396,"b3b8b3407bbb2cbca8ed26c024ab4780","study2-synthetic-shared-state-v2","799d9ed9398fac7c0103a53ad06463eb","logistic_q4"
"1.1.0","study2","logistic_misspec",25,120,1000,4,2,4,1250001,1250002,"study2_logistic_misspec_q4_n120_ntest1000_m4_rep025.rds",47360,"c216b653cf56dca027c6d6ca18390bdb","study2-synthetic-shared-state-v2","799d9ed9398fac7c0103a53ad06463eb","logistic_q4"
"1.1.0","study2","logistic_misspec",26,120,1000,4,2,4,1260001,1260002,"study2_logistic_misspec_q4_n120_ntest1000_m4_rep026.rds",47476,"7a26eed42b14dbb7996fb62cb46d911d","study2-synthetic-shared-state-v2","799d9ed9398fac7c0103a53ad06463eb","logistic_q4"
"1.1.0","study2","logistic_misspec",27,120,1000,4,2,4,1270001,1270002,"study2_logistic_misspec_q4_n120_ntest1000_m4_rep027.rds",47412,"c83169920c2aa6092521394b97ab81b8","study2-synthetic-shared-state-v2","799d9ed9398fac7c0103a53ad06463eb","logistic_q4"
"1.1.0","study2","logistic_misspec",28,120,1000,4,2,4,1280001,1280002,"study2_logistic_misspec_q4_n120_ntest1000_m4_rep028.rds",47424,"78d3507caaaf8f5f3be250fad57f3f88","study2-synthetic-shared-state-v2","799d9ed9398fac7c0103a53ad06463eb","logistic_q4"
"1.1.0","study2","logistic_misspec",29,120,1000,4,2,4,1290001,1290002,"study2_logistic_misspec_q4_n120_ntest1000_m4_rep029.rds",47388,"bec9e0292499dd9c2b9be5fcc59137ae","study2-synthetic-shared-state-v2","799d9ed9398fac7c0103a53ad06463eb","logistic_q4"
"1.1.0","study2","logistic_misspec",30,120,1000,4,2,4,1300001,1300002,"study2_logistic_misspec_q4_n120_ntest1000_m4_rep030.rds",47408,"fac1cea304b8a9f9d8c0d44deb8c1cd8","study2-synthetic-shared-state-v2","799d9ed9398fac7c0103a53ad06463eb","logistic_q4"
"1.1.0","study2","logistic_misspec",31,120,1000,4,2,4,1310001,1310002,"study2_logistic_misspec_q4_n120_ntest1000_m4_rep031.rds",47460,"1afeb8472e5ea38bf47248e0cdb07e03","study2-synthetic-shared-state-v2","799d9ed9398fac7c0103a53ad06463eb","logistic_q4"
"1.1.0","study2","logistic_misspec",32,120,1000,4,2,4,1320001,1320002,"study2_logistic_misspec_q4_n120_ntest1000_m4_rep032.rds",46616,"7c410e252a502cc57aed815cfa98e46d","study2-synthetic-shared-state-v2","799d9ed9398fac7c0103a53ad06463eb","logistic_q4"
"1.1.0","study2","logistic_misspec",33,120,1000,4,2,4,1330001,1330002,"study2_logistic_misspec_q4_n120_ntest1000_m4_rep033.rds",47400,"6568b3135083a6e2d5df2315ed6c8ab9","study2-synthetic-shared-state-v2","799d9ed9398fac7c0103a53ad06463eb","logistic_q4"
"1.1.0","study2","logistic_misspec",34,120,1000,4,2,4,1340001,1340002,"study2_logistic_misspec_q4_n120_ntest1000_m4_rep034.rds",47360,"91d8849587968dcd7a720247b7fab240","study2-synthetic-shared-state-v2","799d9ed9398fac7c0103a53ad06463eb","logistic_q4"
"1.1.0","study2","logistic_misspec",35,120,1000,4,2,4,1350001,1350002,"study2_logistic_misspec_q4_n120_ntest1000_m4_rep035.rds",47432,"448f6294f8963c788bb6591e394778d8","study2-synthetic-shared-state-v2","799d9ed9398fac7c0103a53ad06463eb","logistic_q4"
"1.1.0","study2","logistic_misspec",36,120,1000,4,2,4,1360001,1360002,"study2_logistic_misspec_q4_n120_ntest1000_m4_rep036.rds",47388,"ddda074c551c7437474d10ad52e2e228","study2-synthetic-shared-state-v2","799d9ed9398fac7c0103a53ad06463eb","logistic_q4"
"1.1.0","study2","logistic_misspec",37,120,1000,4,2,4,1370001,1370002,"study2_logistic_misspec_q4_n120_ntest1000_m4_rep037.rds",47404,"f10e3413ccb416431962ef06e9502831","study2-synthetic-shared-state-v2","799d9ed9398fac7c0103a53ad06463eb","logistic_q4"
"1.1.0","study2","logistic_misspec",38,120,1000,4,2,4,1380001,1380002,"study2_logistic_misspec_q4_n120_ntest1000_m4_rep038.rds",47372,"6b03f5b35f4d68a2e55cef0fb857eb90","study2-synthetic-shared-state-v2","799d9ed9398fac7c0103a53ad06463eb","logistic_q4"
"1.1.0","study2","logistic_misspec",39,120,1000,4,2,4,1390001,1390002,"study2_logistic_misspec_q4_n120_ntest1000_m4_rep039.rds",47388,"66f4f9a283c4941641c0d57f8f6813d3","study2-synthetic-shared-state-v2","799d9ed9398fac7c0103a53ad06463eb","logistic_q4"
"1.1.0","study2","logistic_misspec",40,120,1000,4,2,4,1400001,1400002,"study2_logistic_misspec_q4_n120_ntest1000_m4_rep040.rds",47376,"44b33a11a725aa2514c5a7f52a107ef0","study2-synthetic-shared-state-v2","799d9ed9398fac7c0103a53ad06463eb","logistic_q4"
"1.1.0","study2","logistic_misspec",41,120,1000,4,2,4,1410001,1410002,"study2_logistic_misspec_q4_n120_ntest1000_m4_rep041.rds",47404,"4a64458ba6afa7941f03ae7a0560537c","study2-synthetic-shared-state-v2","799d9ed9398fac7c0103a53ad06463eb","logistic_q4"
"1.1.0","study2","logistic_misspec",42,120,1000,4,2,4,1420001,1420002,"study2_logistic_misspec_q4_n120_ntest1000_m4_rep042.rds",47408,"9fac9f2265b55e65757e5e4e0f5345a5","study2-synthetic-shared-state-v2","799d9ed9398fac7c0103a53ad06463eb","logistic_q4"
"1.1.0","study2","logistic_misspec",43,120,1000,4,2,4,1430001,1430002,"study2_logistic_misspec_q4_n120_ntest1000_m4_rep043.rds",47408,"b7dc3a1ab4a9e4ad3333218acbfb516d","study2-synthetic-shared-state-v2","799d9ed9398fac7c0103a53ad06463eb","logistic_q4"
"1.1.0","study2","logistic_misspec",44,120,1000,4,2,4,1440001,1440002,"study2_logistic_misspec_q4_n120_ntest1000_m4_rep044.rds",47392,"c80f9b2f8903973aa46b295417697537","study2-synthetic-shared-state-v2","799d9ed9398fac7c0103a53ad06463eb","logistic_q4"
"1.1.0","study2","logistic_misspec",45,120,1000,4,2,4,1450001,1450002,"study2_logistic_misspec_q4_n120_ntest1000_m4_rep045.rds",47364,"d70edcb3cccdabea3dd6ba6ae5c02c35","study2-synthetic-shared-state-v2","799d9ed9398fac7c0103a53ad06463eb","logistic_q4"
"1.1.0","study2","logistic_misspec",46,120,1000,4,2,4,1460001,1460002,"study2_logistic_misspec_q4_n120_ntest1000_m4_rep046.rds",46644,"dc8b73422f0b6f45b4ead3a9207d0bab","study2-synthetic-shared-state-v2","799d9ed9398fac7c0103a53ad06463eb","logistic_q4"
"1.1.0","study2","logistic_misspec",47,120,1000,4,2,4,1470001,1470002,"study2_logistic_misspec_q4_n120_ntest1000_m4_rep047.rds",47364,"293914482c53e6f6991bdb00d128a09e","study2-synthetic-shared-state-v2","799d9ed9398fac7c0103a53ad06463eb","logistic_q4"
"1.1.0","study2","logistic_misspec",48,120,1000,4,2,4,1480001,1480002,"study2_logistic_misspec_q4_n120_ntest1000_m4_rep048.rds",47428,"c3c5f0f8af1453ad5614d781c5338f1e","study2-synthetic-shared-state-v2","799d9ed9398fac7c0103a53ad06463eb","logistic_q4"
"1.1.0","study2","logistic_misspec",49,120,1000,4,2,4,1490001,1490002,"study2_logistic_misspec_q4_n120_ntest1000_m4_rep049.rds",46676,"0d6c0c7067a336665b6ce71df9b2186d","study2-synthetic-shared-state-v2","799d9ed9398fac7c0103a53ad06463eb","logistic_q4"
"1.1.0","study2","logistic_misspec",50,120,1000,4,2,4,1500001,1500002,"study2_logistic_misspec_q4_n120_ntest1000_m4_rep050.rds",46656,"e9c13adf84ef3936804d1b3adfaeb1c7","study2-synthetic-shared-state-v2","799d9ed9398fac7c0103a53ad06463eb","logistic_q4"
"1.1.0","study2","primary",1,120,2000,6,2,4,1010001,1010002,"study2_primary_q6_n120_ntest2000_m4_rep001.rds",89324,"b6005080fed899445a20628490cd012e","study2-synthetic-shared-state-v2","3f0eac1fc801b38f61a74cc872060d22","primary_q6"
"1.1.0","study2","primary",2,120,2000,6,2,4,1020001,1020002,"study2_primary_q6_n120_ntest2000_m4_rep002.rds",89428,"eb662ece6c12e93c0cbb08f161def35f","study2-synthetic-shared-state-v2","3f0eac1fc801b38f61a74cc872060d22","primary_q6"
"1.1.0","study2","primary",3,120,2000,6,2,4,1030001,1030002,"study2_primary_q6_n120_ntest2000_m4_rep003.rds",87780,"e735fe6c5a59d3697222831038f2a071","study2-synthetic-shared-state-v2","3f0eac1fc801b38f61a74cc872060d22","primary_q6"
"1.1.0","study2","primary",4,120,2000,6,2,4,1040001,1040002,"study2_primary_q6_n120_ntest2000_m4_rep004.rds",89308,"3d77727a8b43d868ce50b6e9a2589913","study2-synthetic-shared-state-v2","3f0eac1fc801b38f61a74cc872060d22","primary_q6"
"1.1.0","study2","primary",5,120,2000,6,2,4,1050001,1050002,"study2_primary_q6_n120_ntest2000_m4_rep005.rds",89412,"5a96a46af1963516639f9a39b74fd334","study2-synthetic-shared-state-v2","3f0eac1fc801b38f61a74cc872060d22","primary_q6"
"1.1.0","study2","primary",6,120,2000,6,2,4,1060001,1060002,"study2_primary_q6_n120_ntest2000_m4_rep006.rds",89456,"98e7a0927ca30676df86c8b99ee65ba1","study2-synthetic-shared-state-v2","3f0eac1fc801b38f61a74cc872060d22","primary_q6"
"1.1.0","study2","primary",7,120,2000,6,2,4,1070001,1070002,"study2_primary_q6_n120_ntest2000_m4_rep007.rds",89348,"364465883e4542248beac44da7b8f586","study2-synthetic-shared-state-v2","3f0eac1fc801b38f61a74cc872060d22","primary_q6"
"1.1.0","study2","primary",8,120,2000,6,2,4,1080001,1080002,"study2_primary_q6_n120_ntest2000_m4_rep008.rds",87948,"cd5e2bb6d67c34b7f874970988813ade","study2-synthetic-shared-state-v2","3f0eac1fc801b38f61a74cc872060d22","primary_q6"
"1.1.0","study2","primary",9,120,2000,6,2,4,1090001,1090002,"study2_primary_q6_n120_ntest2000_m4_rep009.rds",89348,"b600cc6e23d2a12257a46a913188e3c0","study2-synthetic-shared-state-v2","3f0eac1fc801b38f61a74cc872060d22","primary_q6"
"1.1.0","study2","primary",10,120,2000,6,2,4,1100001,1100002,"study2_primary_q6_n120_ntest2000_m4_rep010.rds",88368,"1ff50dda9022e5bf3f36c98188e272be","study2-synthetic-shared-state-v2","3f0eac1fc801b38f61a74cc872060d22","primary_q6"
"1.1.0","study2","primary",11,120,2000,6,2,4,1110001,1110002,"study2_primary_q6_n120_ntest2000_m4_rep011.rds",87700,"1f476e3417a2c0126c792d1d36d57b16","study2-synthetic-shared-state-v2","3f0eac1fc801b38f61a74cc872060d22","primary_q6"
"1.1.0","study2","primary",12,120,2000,6,2,4,1120001,1120002,"study2_primary_q6_n120_ntest2000_m4_rep012.rds",89392,"3a58db15cea5a7ab294f6fa33aa2f57f","study2-synthetic-shared-state-v2","3f0eac1fc801b38f61a74cc872060d22","primary_q6"
"1.1.0","study2","primary",13,120,2000,6,2,4,1130001,1130002,"study2_primary_q6_n120_ntest2000_m4_rep013.rds",87816,"6c356659e192bcfee8f5356484460dea","study2-synthetic-shared-state-v2","3f0eac1fc801b38f61a74cc872060d22","primary_q6"
"1.1.0","study2","primary",14,120,2000,6,2,4,1140001,1140002,"study2_primary_q6_n120_ntest2000_m4_rep014.rds",87840,"a8156981007508f02a75708c68521ee0","study2-synthetic-shared-state-v2","3f0eac1fc801b38f61a74cc872060d22","primary_q6"
"1.1.0","study2","primary",15,120,2000,6,2,4,1150001,1150002,"study2_primary_q6_n120_ntest2000_m4_rep015.rds",87800,"9b65e899107f7afad5caff0566051770","study2-synthetic-shared-state-v2","3f0eac1fc801b38f61a74cc872060d22","primary_q6"
"1.1.0","study2","primary",16,120,2000,6,2,4,1160001,1160002,"study2_primary_q6_n120_ntest2000_m4_rep016.rds",87788,"ee83e7284c6e25e19121f551d31f86e4","study2-synthetic-shared-state-v2","3f0eac1fc801b38f61a74cc872060d22","primary_q6"
"1.1.0","study2","primary",17,120,2000,6,2,4,1170001,1170002,"study2_primary_q6_n120_ntest2000_m4_rep017.rds",89348,"09f49544ee5691c97f4cbd57476fe4b7","study2-synthetic-shared-state-v2","3f0eac1fc801b38f61a74cc872060d22","primary_q6"
"1.1.0","study2","primary",18,120,2000,6,2,4,1180001,1180002,"study2_primary_q6_n120_ntest2000_m4_rep018.rds",87840,"cae8f97994f22cd033c389fd8fc63b1b","study2-synthetic-shared-state-v2","3f0eac1fc801b38f61a74cc872060d22","primary_q6"
"1.1.0","study2","primary",19,120,2000,6,2,4,1190001,1190002,"study2_primary_q6_n120_ntest2000_m4_rep019.rds",88080,"0db72ff05e9e8dc48c4f3a85633c856e","study2-synthetic-shared-state-v2","3f0eac1fc801b38f61a74cc872060d22","primary_q6"
"1.1.0","study2","primary",20,120,2000,6,2,4,1200001,1200002,"study2_primary_q6_n120_ntest2000_m4_rep020.rds",89264,"1111e497fc2419343c2bada738cd3ed0","study2-synthetic-shared-state-v2","3f0eac1fc801b38f61a74cc872060d22","primary_q6"
"1.1.0","study2","primary",21,120,2000,6,2,4,1210001,1210002,"study2_primary_q6_n120_ntest2000_m4_rep021.rds",89448,"36c364b1570082a86bf6d63e81eda0a0","study2-synthetic-shared-state-v2","3f0eac1fc801b38f61a74cc872060d22","primary_q6"
"1.1.0","study2","primary",22,120,2000,6,2,4,1220001,1220002,"study2_primary_q6_n120_ntest2000_m4_rep022.rds",88876,"5af84681eaf585ca8f51afabf3eff0c3","study2-synthetic-shared-state-v2","3f0eac1fc801b38f61a74cc872060d22","primary_q6"
"1.1.0","study2","primary",23,120,2000,6,2,4,1230001,1230002,"study2_primary_q6_n120_ntest2000_m4_rep023.rds",89352,"b5395fd44a0a26356145165e48d8250e","study2-synthetic-shared-state-v2","3f0eac1fc801b38f61a74cc872060d22","primary_q6"
"1.1.0","study2","primary",24,120,2000,6,2,4,1240001,1240002,"study2_primary_q6_n120_ntest2000_m4_rep024.rds",87732,"08a49047e0ce6dc7cfa9e7738df1b9cd","study2-synthetic-shared-state-v2","3f0eac1fc801b38f61a74cc872060d22","primary_q6"
"1.1.0","study2","primary",25,120,2000,6,2,4,1250001,1250002,"study2_primary_q6_n120_ntest2000_m4_rep025.rds",87836,"5320f3ed8980ffcc57e135b9be21d767","study2-synthetic-shared-state-v2","3f0eac1fc801b38f61a74cc872060d22","primary_q6"
"1.1.0","study2","primary",26,120,2000,6,2,4,1260001,1260002,"study2_primary_q6_n120_ntest2000_m4_rep026.rds",87752,"df42047661969d63227a54d802fd88d1","study2-synthetic-shared-state-v2","3f0eac1fc801b38f61a74cc872060d22","primary_q6"
"1.1.0","study2","primary",27,120,2000,6,2,4,1270001,1270002,"study2_primary_q6_n120_ntest2000_m4_rep027.rds",89372,"6dab2c6e99a58cd205d95d54b8de6a01","study2-synthetic-shared-state-v2","3f0eac1fc801b38f61a74cc872060d22","primary_q6"
"1.1.0","study2","primary",28,120,2000,6,2,4,1280001,1280002,"study2_primary_q6_n120_ntest2000_m4_rep028.rds",87800,"74342b9c20a60a52b6b6b2953cf7114a","study2-synthetic-shared-state-v2","3f0eac1fc801b38f61a74cc872060d22","primary_q6"
"1.1.0","study2","primary",29,120,2000,6,2,4,1290001,1290002,"study2_primary_q6_n120_ntest2000_m4_rep029.rds",88452,"77dfa9959c683cbfb0df804836ad4b94","study2-synthetic-shared-state-v2","3f0eac1fc801b38f61a74cc872060d22","primary_q6"
"1.1.0","study2","primary",30,120,2000,6,2,4,1300001,1300002,"study2_primary_q6_n120_ntest2000_m4_rep030.rds",87704,"be9565b840550bce5a2f03a884bc9397","study2-synthetic-shared-state-v2","3f0eac1fc801b38f61a74cc872060d22","primary_q6"
"1.1.0","study2","primary",31,120,2000,6,2,4,1310001,1310002,"study2_primary_q6_n120_ntest2000_m4_rep031.rds",87988,"aac8138d2276af304b97c4effe78ed49","study2-synthetic-shared-state-v2","3f0eac1fc801b38f61a74cc872060d22","primary_q6"
"1.1.0","study2","primary",32,120,2000,6,2,4,1320001,1320002,"study2_primary_q6_n120_ntest2000_m4_rep032.rds",87956,"b3465eed85d614acce91fc6991655749","study2-synthetic-shared-state-v2","3f0eac1fc801b38f61a74cc872060d22","primary_q6"
"1.1.0","study2","primary",33,120,2000,6,2,4,1330001,1330002,"study2_primary_q6_n120_ntest2000_m4_rep033.rds",87796,"34a505bac5d41e2baa84e4748c4fe6b8","study2-synthetic-shared-state-v2","3f0eac1fc801b38f61a74cc872060d22","primary_q6"
"1.1.0","study2","primary",34,120,2000,6,2,4,1340001,1340002,"study2_primary_q6_n120_ntest2000_m4_rep034.rds",89404,"4c2f4dba90cd9a7ea6ea10176788a769","study2-synthetic-shared-state-v2","3f0eac1fc801b38f61a74cc872060d22","primary_q6"
"1.1.0","study2","primary",35,120,2000,6,2,4,1350001,1350002,"study2_primary_q6_n120_ntest2000_m4_rep035.rds",88620,"4c5a71c320c44dd65827106d9daaf5af","study2-synthetic-shared-state-v2","3f0eac1fc801b38f61a74cc872060d22","primary_q6"
"1.1.0","study2","primary",36,120,2000,6,2,4,1360001,1360002,"study2_primary_q6_n120_ntest2000_m4_rep036.rds",89160,"822c6d76baa2c418cb878bb6dc1aa025","study2-synthetic-shared-state-v2","3f0eac1fc801b38f61a74cc872060d22","primary_q6"
"1.1.0","study2","primary",37,120,2000,6,2,4,1370001,1370002,"study2_primary_q6_n120_ntest2000_m4_rep037.rds",89440,"dad3ea1d5306afa214da314b0745579f","study2-synthetic-shared-state-v2","3f0eac1fc801b38f61a74cc872060d22","primary_q6"
"1.1.0","study2","primary",38,120,2000,6,2,4,1380001,1380002,"study2_primary_q6_n120_ntest2000_m4_rep038.rds",87660,"4c7b385ee0d3498cad1a9faf1051eb0a","study2-synthetic-shared-state-v2","3f0eac1fc801b38f61a74cc872060d22","primary_q6"
"1.1.0","study2","primary",39,120,2000,6,2,4,1390001,1390002,"study2_primary_q6_n120_ntest2000_m4_rep039.rds",89420,"9a9157661aa576eff076ef63212315c7","study2-synthetic-shared-state-v2","3f0eac1fc801b38f61a74cc872060d22","primary_q6"
"1.1.0","study2","primary",40,120,2000,6,2,4,1400001,1400002,"study2_primary_q6_n120_ntest2000_m4_rep040.rds",88440,"993a54aa56738037a5e1807f82a08ca4","study2-synthetic-shared-state-v2","3f0eac1fc801b38f61a74cc872060d22","primary_q6"
"1.1.0","study2","primary",41,120,2000,6,2,4,1410001,1410002,"study2_primary_q6_n120_ntest2000_m4_rep041.rds",87780,"9c19991839a6d55ec5ba3b9d8db7a36c","study2-synthetic-shared-state-v2","3f0eac1fc801b38f61a74cc872060d22","primary_q6"
"1.1.0","study2","primary",42,120,2000,6,2,4,1420001,1420002,"study2_primary_q6_n120_ntest2000_m4_rep042.rds",89400,"272350a484a5c79dbf722d1451df4179","study2-synthetic-shared-state-v2","3f0eac1fc801b38f61a74cc872060d22","primary_q6"
"1.1.0","study2","primary",43,120,2000,6,2,4,1430001,1430002,"study2_primary_q6_n120_ntest2000_m4_rep043.rds",88640,"5f8eb68151d7823e3d5de4d09630d15e","study2-synthetic-shared-state-v2","3f0eac1fc801b38f61a74cc872060d22","primary_q6"
"1.1.0","study2","primary",44,120,2000,6,2,4,1440001,1440002,"study2_primary_q6_n120_ntest2000_m4_rep044.rds",89356,"6b030a91631d11091da81849141d551a","study2-synthetic-shared-state-v2","3f0eac1fc801b38f61a74cc872060d22","primary_q6"
"1.1.0","study2","primary",45,120,2000,6,2,4,1450001,1450002,"study2_primary_q6_n120_ntest2000_m4_rep045.rds",89380,"bc5641a200cd93f21ad74347b924b5d8","study2-synthetic-shared-state-v2","3f0eac1fc801b38f61a74cc872060d22","primary_q6"
"1.1.0","study2","primary",46,120,2000,6,2,4,1460001,1460002,"study2_primary_q6_n120_ntest2000_m4_rep046.rds",87800,"d1934adc77c89429414a6478708d0b83","study2-synthetic-shared-state-v2","3f0eac1fc801b38f61a74cc872060d22","primary_q6"
"1.1.0","study2","primary",47,120,2000,6,2,4,1470001,1470002,"study2_primary_q6_n120_ntest2000_m4_rep047.rds",89440,"a8c4360731484eb5ddb6357f45f7efeb","study2-synthetic-shared-state-v2","3f0eac1fc801b38f61a74cc872060d22","primary_q6"
"1.1.0","study2","primary",48,120,2000,6,2,4,1480001,1480002,"study2_primary_q6_n120_ntest2000_m4_rep048.rds",87804,"e94a43b7b02c21ba8672fa437c68ecf7","study2-synthetic-shared-state-v2","3f0eac1fc801b38f61a74cc872060d22","primary_q6"
"1.1.0","study2","primary",49,120,2000,6,2,4,1490001,1490002,"study2_primary_q6_n120_ntest2000_m4_rep049.rds",87852,"b02c93cd6e32453ffa9b554000579fbb","study2-synthetic-shared-state-v2","3f0eac1fc801b38f61a74cc872060d22","primary_q6"
"1.1.0","study2","primary",50,120,2000,6,2,4,1500001,1500002,"study2_primary_q6_n120_ntest2000_m4_rep050.rds",87836,"a5e496635f2c861dea681b2bcde5d83b","study2-synthetic-shared-state-v2","3f0eac1fc801b38f61a74cc872060d22","primary_q6"
