"study","cell_id","design_role","task_type","method","n_calib","rep","planned_units"
"study2","primary_q2","primary_proxy_dimension","frozen_data","DGM",,1,1
"study2","primary_q2","primary_proxy_dimension","frozen_data","DGM",,2,1
"study2","primary_q2","primary_proxy_dimension","frozen_data","DGM",,3,1
"study2","primary_q2","primary_proxy_dimension","frozen_data","DGM",,4,1
"study2","primary_q2","primary_proxy_dimension","frozen_data","DGM",,5,1
"study2","primary_q2","primary_proxy_dimension","frozen_data","DGM",,6,1
"study2","primary_q2","primary_proxy_dimension","frozen_data","DGM",,7,1
"study2","primary_q2","primary_proxy_dimension","frozen_data","DGM",,8,1
"study2","primary_q2","primary_proxy_dimension","frozen_data","DGM",,9,1
"study2","primary_q2","primary_proxy_dimension","frozen_data","DGM",,10,1
"study2","primary_q2","primary_proxy_dimension","frozen_data","DGM",,11,1
"study2","primary_q2","primary_proxy_dimension","frozen_data","DGM",,12,1
"study2","primary_q2","primary_proxy_dimension","frozen_data","DGM",,13,1
"study2","primary_q2","primary_proxy_dimension","frozen_data","DGM",,14,1
"study2","primary_q2","primary_proxy_dimension","frozen_data","DGM",,15,1
"study2","primary_q2","primary_proxy_dimension","frozen_data","DGM",,16,1
"study2","primary_q2","primary_proxy_dimension","frozen_data","DGM",,17,1
"study2","primary_q2","primary_proxy_dimension","frozen_data","DGM",,18,1
"study2","primary_q2","primary_proxy_dimension","frozen_data","DGM",,19,1
"study2","primary_q2","primary_proxy_dimension","frozen_data","DGM",,20,1
"study2","primary_q2","primary_proxy_dimension","frozen_data","DGM",,21,1
"study2","primary_q2","primary_proxy_dimension","frozen_data","DGM",,22,1
"study2","primary_q2","primary_proxy_dimension","frozen_data","DGM",,23,1
"study2","primary_q2","primary_proxy_dimension","frozen_data","DGM",,24,1
"study2","primary_q2","primary_proxy_dimension","frozen_data","DGM",,25,1
"study2","primary_q2","primary_proxy_dimension","frozen_data","DGM",,26,1
"study2","primary_q2","primary_proxy_dimension","frozen_data","DGM",,27,1
"study2","primary_q2","primary_proxy_dimension","frozen_data","DGM",,28,1
"study2","primary_q2","primary_proxy_dimension","frozen_data","DGM",,29,1
"study2","primary_q2","primary_proxy_dimension","frozen_data","DGM",,30,1
"study2","primary_q2","primary_proxy_dimension","frozen_data","DGM",,31,1
"study2","primary_q2","primary_proxy_dimension","frozen_data","DGM",,32,1
"study2","primary_q2","primary_proxy_dimension","frozen_data","DGM",,33,1
"study2","primary_q2","primary_proxy_dimension","frozen_data","DGM",,34,1
"study2","primary_q2","primary_proxy_dimension","frozen_data","DGM",,35,1
"study2","primary_q2","primary_proxy_dimension","frozen_data","DGM",,36,1
"study2","primary_q2","primary_proxy_dimension","frozen_data","DGM",,37,1
"study2","primary_q2","primary_proxy_dimension","frozen_data","DGM",,38,1
"study2","primary_q2","primary_proxy_dimension","frozen_data","DGM",,39,1
"study2","primary_q2","primary_proxy_dimension","frozen_data","DGM",,40,1
"study2","primary_q2","primary_proxy_dimension","frozen_data","DGM",,41,1
"study2","primary_q2","primary_proxy_dimension","frozen_data","DGM",,42,1
"study2","primary_q2","primary_proxy_dimension","frozen_data","DGM",,43,1
"study2","primary_q2","primary_proxy_dimension","frozen_data","DGM",,44,1
"study2","primary_q2","primary_proxy_dimension","frozen_data","DGM",,45,1
"study2","primary_q2","primary_proxy_dimension","frozen_data","DGM",,46,1
"study2","primary_q2","primary_proxy_dimension","frozen_data","DGM",,47,1
"study2","primary_q2","primary_proxy_dimension","frozen_data","DGM",,48,1
"study2","primary_q2","primary_proxy_dimension","frozen_data","DGM",,49,1
"study2","primary_q2","primary_proxy_dimension","frozen_data","DGM",,50,1
"study2","primary_q2","primary_proxy_dimension","frozen_data","DGM",,51,1
"study2","primary_q2","primary_proxy_dimension","frozen_data","DGM",,52,1
"study2","primary_q2","primary_proxy_dimension","frozen_data","DGM",,53,1
"study2","primary_q2","primary_proxy_dimension","frozen_data","DGM",,54,1
"study2","primary_q2","primary_proxy_dimension","frozen_data","DGM",,55,1
"study2","primary_q2","primary_proxy_dimension","frozen_data","DGM",,56,1
"study2","primary_q2","primary_proxy_dimension","frozen_data","DGM",,57,1
"study2","primary_q2","primary_proxy_dimension","frozen_data","DGM",,58,1
"study2","primary_q2","primary_proxy_dimension","frozen_data","DGM",,59,1
"study2","primary_q2","primary_proxy_dimension","frozen_data","DGM",,60,1
"study2","primary_q2","primary_proxy_dimension","frozen_data","DGM",,61,1
"study2","primary_q2","primary_proxy_dimension","frozen_data","DGM",,62,1
"study2","primary_q2","primary_proxy_dimension","frozen_data","DGM",,63,1
"study2","primary_q2","primary_proxy_dimension","frozen_data","DGM",,64,1
"study2","primary_q2","primary_proxy_dimension","frozen_data","DGM",,65,1
"study2","primary_q2","primary_proxy_dimension","frozen_data","DGM",,66,1
"study2","primary_q2","primary_proxy_dimension","frozen_data","DGM",,67,1
"study2","primary_q2","primary_proxy_dimension","frozen_data","DGM",,68,1
"study2","primary_q2","primary_proxy_dimension","frozen_data","DGM",,69,1
"study2","primary_q2","primary_proxy_dimension","frozen_data","DGM",,70,1
"study2","primary_q2","primary_proxy_dimension","frozen_data","DGM",,71,1
"study2","primary_q2","primary_proxy_dimension","frozen_data","DGM",,72,1
"study2","primary_q2","primary_proxy_dimension","frozen_data","DGM",,73,1
"study2","primary_q2","primary_proxy_dimension","frozen_data","DGM",,74,1
"study2","primary_q2","primary_proxy_dimension","frozen_data","DGM",,75,1
"study2","primary_q2","primary_proxy_dimension","frozen_data","DGM",,76,1
"study2","primary_q2","primary_proxy_dimension","frozen_data","DGM",,77,1
"study2","primary_q2","primary_proxy_dimension","frozen_data","DGM",,78,1
"study2","primary_q2","primary_proxy_dimension","frozen_data","DGM",,79,1
"study2","primary_q2","primary_proxy_dimension","frozen_data","DGM",,80,1
"study2","primary_q2","primary_proxy_dimension","frozen_data","DGM",,81,1
"study2","primary_q2","primary_proxy_dimension","frozen_data","DGM",,82,1
"study2","primary_q2","primary_proxy_dimension","frozen_data","DGM",,83,1
"study2","primary_q2","primary_proxy_dimension","frozen_data","DGM",,84,1
"study2","primary_q2","primary_proxy_dimension","frozen_data","DGM",,85,1
"study2","primary_q2","primary_proxy_dimension","frozen_data","DGM",,86,1
"study2","primary_q2","primary_proxy_dimension","frozen_data","DGM",,87,1
"study2","primary_q2","primary_proxy_dimension","frozen_data","DGM",,88,1
"study2","primary_q2","primary_proxy_dimension","frozen_data","DGM",,89,1
"study2","primary_q2","primary_proxy_dimension","frozen_data","DGM",,90,1
"study2","primary_q2","primary_proxy_dimension","frozen_data","DGM",,91,1
"study2","primary_q2","primary_proxy_dimension","frozen_data","DGM",,92,1
"study2","primary_q2","primary_proxy_dimension","frozen_data","DGM",,93,1
"study2","primary_q2","primary_proxy_dimension","frozen_data","DGM",,94,1
"study2","primary_q2","primary_proxy_dimension","frozen_data","DGM",,95,1
"study2","primary_q2","primary_proxy_dimension","frozen_data","DGM",,96,1
"study2","primary_q2","primary_proxy_dimension","frozen_data","DGM",,97,1
"study2","primary_q2","primary_proxy_dimension","frozen_data","DGM",,98,1
"study2","primary_q2","primary_proxy_dimension","frozen_data","DGM",,99,1
"study2","primary_q2","primary_proxy_dimension","frozen_data","DGM",,100,1
"study2","primary_q2","primary_proxy_dimension","prediction_truth","DGM oracle",,1,1
"study2","primary_q2","primary_proxy_dimension","prediction_truth","DGM oracle",,2,1
"study2","primary_q2","primary_proxy_dimension","prediction_truth","DGM oracle",,3,1
"study2","primary_q2","primary_proxy_dimension","prediction_truth","DGM oracle",,4,1
"study2","primary_q2","primary_proxy_dimension","prediction_truth","DGM oracle",,5,1
"study2","primary_q2","primary_proxy_dimension","prediction_truth","DGM oracle",,6,1
"study2","primary_q2","primary_proxy_dimension","prediction_truth","DGM oracle",,7,1
"study2","primary_q2","primary_proxy_dimension","prediction_truth","DGM oracle",,8,1
"study2","primary_q2","primary_proxy_dimension","prediction_truth","DGM oracle",,9,1
"study2","primary_q2","primary_proxy_dimension","prediction_truth","DGM oracle",,10,1
"study2","primary_q2","primary_proxy_dimension","prediction_truth","DGM oracle",,11,1
"study2","primary_q2","primary_proxy_dimension","prediction_truth","DGM oracle",,12,1
"study2","primary_q2","primary_proxy_dimension","prediction_truth","DGM oracle",,13,1
"study2","primary_q2","primary_proxy_dimension","prediction_truth","DGM oracle",,14,1
"study2","primary_q2","primary_proxy_dimension","prediction_truth","DGM oracle",,15,1
"study2","primary_q2","primary_proxy_dimension","prediction_truth","DGM oracle",,16,1
"study2","primary_q2","primary_proxy_dimension","prediction_truth","DGM oracle",,17,1
"study2","primary_q2","primary_proxy_dimension","prediction_truth","DGM oracle",,18,1
"study2","primary_q2","primary_proxy_dimension","prediction_truth","DGM oracle",,19,1
"study2","primary_q2","primary_proxy_dimension","prediction_truth","DGM oracle",,20,1
"study2","primary_q2","primary_proxy_dimension","prediction_truth","DGM oracle",,21,1
"study2","primary_q2","primary_proxy_dimension","prediction_truth","DGM oracle",,22,1
"study2","primary_q2","primary_proxy_dimension","prediction_truth","DGM oracle",,23,1
"study2","primary_q2","primary_proxy_dimension","prediction_truth","DGM oracle",,24,1
"study2","primary_q2","primary_proxy_dimension","prediction_truth","DGM oracle",,25,1
"study2","primary_q2","primary_proxy_dimension","prediction_truth","DGM oracle",,26,1
"study2","primary_q2","primary_proxy_dimension","prediction_truth","DGM oracle",,27,1
"study2","primary_q2","primary_proxy_dimension","prediction_truth","DGM oracle",,28,1
"study2","primary_q2","primary_proxy_dimension","prediction_truth","DGM oracle",,29,1
"study2","primary_q2","primary_proxy_dimension","prediction_truth","DGM oracle",,30,1
"study2","primary_q2","primary_proxy_dimension","prediction_truth","DGM oracle",,31,1
"study2","primary_q2","primary_proxy_dimension","prediction_truth","DGM oracle",,32,1
"study2","primary_q2","primary_proxy_dimension","prediction_truth","DGM oracle",,33,1
"study2","primary_q2","primary_proxy_dimension","prediction_truth","DGM oracle",,34,1
"study2","primary_q2","primary_proxy_dimension","prediction_truth","DGM oracle",,35,1
"study2","primary_q2","primary_proxy_dimension","prediction_truth","DGM oracle",,36,1
"study2","primary_q2","primary_proxy_dimension","prediction_truth","DGM oracle",,37,1
"study2","primary_q2","primary_proxy_dimension","prediction_truth","DGM oracle",,38,1
"study2","primary_q2","primary_proxy_dimension","prediction_truth","DGM oracle",,39,1
"study2","primary_q2","primary_proxy_dimension","prediction_truth","DGM oracle",,40,1
"study2","primary_q2","primary_proxy_dimension","prediction_truth","DGM oracle",,41,1
"study2","primary_q2","primary_proxy_dimension","prediction_truth","DGM oracle",,42,1
"study2","primary_q2","primary_proxy_dimension","prediction_truth","DGM oracle",,43,1
"study2","primary_q2","primary_proxy_dimension","prediction_truth","DGM oracle",,44,1
"study2","primary_q2","primary_proxy_dimension","prediction_truth","DGM oracle",,45,1
"study2","primary_q2","primary_proxy_dimension","prediction_truth","DGM oracle",,46,1
"study2","primary_q2","primary_proxy_dimension","prediction_truth","DGM oracle",,47,1
"study2","primary_q2","primary_proxy_dimension","prediction_truth","DGM oracle",,48,1
"study2","primary_q2","primary_proxy_dimension","prediction_truth","DGM oracle",,49,1
"study2","primary_q2","primary_proxy_dimension","prediction_truth","DGM oracle",,50,1
"study2","primary_q2","primary_proxy_dimension","prediction_truth","DGM oracle",,51,1
"study2","primary_q2","primary_proxy_dimension","prediction_truth","DGM oracle",,52,1
"study2","primary_q2","primary_proxy_dimension","prediction_truth","DGM oracle",,53,1
"study2","primary_q2","primary_proxy_dimension","prediction_truth","DGM oracle",,54,1
"study2","primary_q2","primary_proxy_dimension","prediction_truth","DGM oracle",,55,1
"study2","primary_q2","primary_proxy_dimension","prediction_truth","DGM oracle",,56,1
"study2","primary_q2","primary_proxy_dimension","prediction_truth","DGM oracle",,57,1
"study2","primary_q2","primary_proxy_dimension","prediction_truth","DGM oracle",,58,1
"study2","primary_q2","primary_proxy_dimension","prediction_truth","DGM oracle",,59,1
"study2","primary_q2","primary_proxy_dimension","prediction_truth","DGM oracle",,60,1
"study2","primary_q2","primary_proxy_dimension","prediction_truth","DGM oracle",,61,1
"study2","primary_q2","primary_proxy_dimension","prediction_truth","DGM oracle",,62,1
"study2","primary_q2","primary_proxy_dimension","prediction_truth","DGM oracle",,63,1
"study2","primary_q2","primary_proxy_dimension","prediction_truth","DGM oracle",,64,1
"study2","primary_q2","primary_proxy_dimension","prediction_truth","DGM oracle",,65,1
"study2","primary_q2","primary_proxy_dimension","prediction_truth","DGM oracle",,66,1
"study2","primary_q2","primary_proxy_dimension","prediction_truth","DGM oracle",,67,1
"study2","primary_q2","primary_proxy_dimension","prediction_truth","DGM oracle",,68,1
"study2","primary_q2","primary_proxy_dimension","prediction_truth","DGM oracle",,69,1
"study2","primary_q2","primary_proxy_dimension","prediction_truth","DGM oracle",,70,1
"study2","primary_q2","primary_proxy_dimension","prediction_truth","DGM oracle",,71,1
"study2","primary_q2","primary_proxy_dimension","prediction_truth","DGM oracle",,72,1
"study2","primary_q2","primary_proxy_dimension","prediction_truth","DGM oracle",,73,1
"study2","primary_q2","primary_proxy_dimension","prediction_truth","DGM oracle",,74,1
"study2","primary_q2","primary_proxy_dimension","prediction_truth","DGM oracle",,75,1
"study2","primary_q2","primary_proxy_dimension","prediction_truth","DGM oracle",,76,1
"study2","primary_q2","primary_proxy_dimension","prediction_truth","DGM oracle",,77,1
"study2","primary_q2","primary_proxy_dimension","prediction_truth","DGM oracle",,78,1
"study2","primary_q2","primary_proxy_dimension","prediction_truth","DGM oracle",,79,1
"study2","primary_q2","primary_proxy_dimension","prediction_truth","DGM oracle",,80,1
"study2","primary_q2","primary_proxy_dimension","prediction_truth","DGM oracle",,81,1
"study2","primary_q2","primary_proxy_dimension","prediction_truth","DGM oracle",,82,1
"study2","primary_q2","primary_proxy_dimension","prediction_truth","DGM oracle",,83,1
"study2","primary_q2","primary_proxy_dimension","prediction_truth","DGM oracle",,84,1
"study2","primary_q2","primary_proxy_dimension","prediction_truth","DGM oracle",,85,1
"study2","primary_q2","primary_proxy_dimension","prediction_truth","DGM oracle",,86,1
"study2","primary_q2","primary_proxy_dimension","prediction_truth","DGM oracle",,87,1
"study2","primary_q2","primary_proxy_dimension","prediction_truth","DGM oracle",,88,1
"study2","primary_q2","primary_proxy_dimension","prediction_truth","DGM oracle",,89,1
"study2","primary_q2","primary_proxy_dimension","prediction_truth","DGM oracle",,90,1
"study2","primary_q2","primary_proxy_dimension","prediction_truth","DGM oracle",,91,1
"study2","primary_q2","primary_proxy_dimension","prediction_truth","DGM oracle",,92,1
"study2","primary_q2","primary_proxy_dimension","prediction_truth","DGM oracle",,93,1
"study2","primary_q2","primary_proxy_dimension","prediction_truth","DGM oracle",,94,1
"study2","primary_q2","primary_proxy_dimension","prediction_truth","DGM oracle",,95,1
"study2","primary_q2","primary_proxy_dimension","prediction_truth","DGM oracle",,96,1
"study2","primary_q2","primary_proxy_dimension","prediction_truth","DGM oracle",,97,1
"study2","primary_q2","primary_proxy_dimension","prediction_truth","DGM oracle",,98,1
"study2","primary_q2","primary_proxy_dimension","prediction_truth","DGM oracle",,99,1
"study2","primary_q2","primary_proxy_dimension","prediction_truth","DGM oracle",,100,1
"study2","primary_q2","primary_proxy_dimension","published_fit","UC-GP",,1,1
"study2","primary_q2","primary_proxy_dimension","published_fit","UC-GP",,2,1
"study2","primary_q2","primary_proxy_dimension","published_fit","UC-GP",,3,1
"study2","primary_q2","primary_proxy_dimension","published_fit","UC-GP",,4,1
"study2","primary_q2","primary_proxy_dimension","published_fit","UC-GP",,5,1
"study2","primary_q2","primary_proxy_dimension","published_fit","UC-GP",,6,1
"study2","primary_q2","primary_proxy_dimension","published_fit","UC-GP",,7,1
"study2","primary_q2","primary_proxy_dimension","published_fit","UC-GP",,8,1
"study2","primary_q2","primary_proxy_dimension","published_fit","UC-GP",,9,1
"study2","primary_q2","primary_proxy_dimension","published_fit","UC-GP",,10,1
"study2","primary_q2","primary_proxy_dimension","published_fit","UC-GP",,11,1
"study2","primary_q2","primary_proxy_dimension","published_fit","UC-GP",,12,1
"study2","primary_q2","primary_proxy_dimension","published_fit","UC-GP",,13,1
"study2","primary_q2","primary_proxy_dimension","published_fit","UC-GP",,14,1
"study2","primary_q2","primary_proxy_dimension","published_fit","UC-GP",,15,1
"study2","primary_q2","primary_proxy_dimension","published_fit","UC-GP",,16,1
"study2","primary_q2","primary_proxy_dimension","published_fit","UC-GP",,17,1
"study2","primary_q2","primary_proxy_dimension","published_fit","UC-GP",,18,1
"study2","primary_q2","primary_proxy_dimension","published_fit","UC-GP",,19,1
"study2","primary_q2","primary_proxy_dimension","published_fit","UC-GP",,20,1
"study2","primary_q2","primary_proxy_dimension","published_fit","UC-GP",,21,1
"study2","primary_q2","primary_proxy_dimension","published_fit","UC-GP",,22,1
"study2","primary_q2","primary_proxy_dimension","published_fit","UC-GP",,23,1
"study2","primary_q2","primary_proxy_dimension","published_fit","UC-GP",,24,1
"study2","primary_q2","primary_proxy_dimension","published_fit","UC-GP",,25,1
"study2","primary_q2","primary_proxy_dimension","published_fit","UC-GP",,26,1
"study2","primary_q2","primary_proxy_dimension","published_fit","UC-GP",,27,1
"study2","primary_q2","primary_proxy_dimension","published_fit","UC-GP",,28,1
"study2","primary_q2","primary_proxy_dimension","published_fit","UC-GP",,29,1
"study2","primary_q2","primary_proxy_dimension","published_fit","UC-GP",,30,1
"study2","primary_q2","primary_proxy_dimension","published_fit","UC-GP",,31,1
"study2","primary_q2","primary_proxy_dimension","published_fit","UC-GP",,32,1
"study2","primary_q2","primary_proxy_dimension","published_fit","UC-GP",,33,1
"study2","primary_q2","primary_proxy_dimension","published_fit","UC-GP",,34,1
"study2","primary_q2","primary_proxy_dimension","published_fit","UC-GP",,35,1
"study2","primary_q2","primary_proxy_dimension","published_fit","UC-GP",,36,1
"study2","primary_q2","primary_proxy_dimension","published_fit","UC-GP",,37,1
"study2","primary_q2","primary_proxy_dimension","published_fit","UC-GP",,38,1
"study2","primary_q2","primary_proxy_dimension","published_fit","UC-GP",,39,1
"study2","primary_q2","primary_proxy_dimension","published_fit","UC-GP",,40,1
"study2","primary_q2","primary_proxy_dimension","published_fit","UC-GP",,41,1
"study2","primary_q2","primary_proxy_dimension","published_fit","UC-GP",,42,1
"study2","primary_q2","primary_proxy_dimension","published_fit","UC-GP",,43,1
"study2","primary_q2","primary_proxy_dimension","published_fit","UC-GP",,44,1
"study2","primary_q2","primary_proxy_dimension","published_fit","UC-GP",,45,1
"study2","primary_q2","primary_proxy_dimension","published_fit","UC-GP",,46,1
"study2","primary_q2","primary_proxy_dimension","published_fit","UC-GP",,47,1
"study2","primary_q2","primary_proxy_dimension","published_fit","UC-GP",,48,1
"study2","primary_q2","primary_proxy_dimension","published_fit","UC-GP",,49,1
"study2","primary_q2","primary_proxy_dimension","published_fit","UC-GP",,50,1
"study2","primary_q2","primary_proxy_dimension","published_fit","UC-GP",,51,1
"study2","primary_q2","primary_proxy_dimension","published_fit","UC-GP",,52,1
"study2","primary_q2","primary_proxy_dimension","published_fit","UC-GP",,53,1
"study2","primary_q2","primary_proxy_dimension","published_fit","UC-GP",,54,1
"study2","primary_q2","primary_proxy_dimension","published_fit","UC-GP",,55,1
"study2","primary_q2","primary_proxy_dimension","published_fit","UC-GP",,56,1
"study2","primary_q2","primary_proxy_dimension","published_fit","UC-GP",,57,1
"study2","primary_q2","primary_proxy_dimension","published_fit","UC-GP",,58,1
"study2","primary_q2","primary_proxy_dimension","published_fit","UC-GP",,59,1
"study2","primary_q2","primary_proxy_dimension","published_fit","UC-GP",,60,1
"study2","primary_q2","primary_proxy_dimension","published_fit","UC-GP",,61,1
"study2","primary_q2","primary_proxy_dimension","published_fit","UC-GP",,62,1
"study2","primary_q2","primary_proxy_dimension","published_fit","UC-GP",,63,1
"study2","primary_q2","primary_proxy_dimension","published_fit","UC-GP",,64,1
"study2","primary_q2","primary_proxy_dimension","published_fit","UC-GP",,65,1
"study2","primary_q2","primary_proxy_dimension","published_fit","UC-GP",,66,1
"study2","primary_q2","primary_proxy_dimension","published_fit","UC-GP",,67,1
"study2","primary_q2","primary_proxy_dimension","published_fit","UC-GP",,68,1
"study2","primary_q2","primary_proxy_dimension","published_fit","UC-GP",,69,1
"study2","primary_q2","primary_proxy_dimension","published_fit","UC-GP",,70,1
"study2","primary_q2","primary_proxy_dimension","published_fit","UC-GP",,71,1
"study2","primary_q2","primary_proxy_dimension","published_fit","UC-GP",,72,1
"study2","primary_q2","primary_proxy_dimension","published_fit","UC-GP",,73,1
"study2","primary_q2","primary_proxy_dimension","published_fit","UC-GP",,74,1
"study2","primary_q2","primary_proxy_dimension","published_fit","UC-GP",,75,1
"study2","primary_q2","primary_proxy_dimension","published_fit","UC-GP",,76,1
"study2","primary_q2","primary_proxy_dimension","published_fit","UC-GP",,77,1
"study2","primary_q2","primary_proxy_dimension","published_fit","UC-GP",,78,1
"study2","primary_q2","primary_proxy_dimension","published_fit","UC-GP",,79,1
"study2","primary_q2","primary_proxy_dimension","published_fit","UC-GP",,80,1
"study2","primary_q2","primary_proxy_dimension","published_fit","UC-GP",,81,1
"study2","primary_q2","primary_proxy_dimension","published_fit","UC-GP",,82,1
"study2","primary_q2","primary_proxy_dimension","published_fit","UC-GP",,83,1
"study2","primary_q2","primary_proxy_dimension","published_fit","UC-GP",,84,1
"study2","primary_q2","primary_proxy_dimension","published_fit","UC-GP",,85,1
"study2","primary_q2","primary_proxy_dimension","published_fit","UC-GP",,86,1
"study2","primary_q2","primary_proxy_dimension","published_fit","UC-GP",,87,1
"study2","primary_q2","primary_proxy_dimension","published_fit","UC-GP",,88,1
"study2","primary_q2","primary_proxy_dimension","published_fit","UC-GP",,89,1
"study2","primary_q2","primary_proxy_dimension","published_fit","UC-GP",,90,1
"study2","primary_q2","primary_proxy_dimension","published_fit","UC-GP",,91,1
"study2","primary_q2","primary_proxy_dimension","published_fit","UC-GP",,92,1
"study2","primary_q2","primary_proxy_dimension","published_fit","UC-GP",,93,1
"study2","primary_q2","primary_proxy_dimension","published_fit","UC-GP",,94,1
"study2","primary_q2","primary_proxy_dimension","published_fit","UC-GP",,95,1
"study2","primary_q2","primary_proxy_dimension","published_fit","UC-GP",,96,1
"study2","primary_q2","primary_proxy_dimension","published_fit","UC-GP",,97,1
"study2","primary_q2","primary_proxy_dimension","published_fit","UC-GP",,98,1
"study2","primary_q2","primary_proxy_dimension","published_fit","UC-GP",,99,1
"study2","primary_q2","primary_proxy_dimension","published_fit","UC-GP",,100,1
"study2","primary_q2","primary_proxy_dimension","published_fit","LVGP",,1,1
"study2","primary_q2","primary_proxy_dimension","published_fit","LVGP",,2,1
"study2","primary_q2","primary_proxy_dimension","published_fit","LVGP",,3,1
"study2","primary_q2","primary_proxy_dimension","published_fit","LVGP",,4,1
"study2","primary_q2","primary_proxy_dimension","published_fit","LVGP",,5,1
"study2","primary_q2","primary_proxy_dimension","published_fit","LVGP",,6,1
"study2","primary_q2","primary_proxy_dimension","published_fit","LVGP",,7,1
"study2","primary_q2","primary_proxy_dimension","published_fit","LVGP",,8,1
"study2","primary_q2","primary_proxy_dimension","published_fit","LVGP",,9,1
"study2","primary_q2","primary_proxy_dimension","published_fit","LVGP",,10,1
"study2","primary_q2","primary_proxy_dimension","published_fit","LVGP",,11,1
"study2","primary_q2","primary_proxy_dimension","published_fit","LVGP",,12,1
"study2","primary_q2","primary_proxy_dimension","published_fit","LVGP",,13,1
"study2","primary_q2","primary_proxy_dimension","published_fit","LVGP",,14,1
"study2","primary_q2","primary_proxy_dimension","published_fit","LVGP",,15,1
"study2","primary_q2","primary_proxy_dimension","published_fit","LVGP",,16,1
"study2","primary_q2","primary_proxy_dimension","published_fit","LVGP",,17,1
"study2","primary_q2","primary_proxy_dimension","published_fit","LVGP",,18,1
"study2","primary_q2","primary_proxy_dimension","published_fit","LVGP",,19,1
"study2","primary_q2","primary_proxy_dimension","published_fit","LVGP",,20,1
"study2","primary_q2","primary_proxy_dimension","published_fit","LVGP",,21,1
"study2","primary_q2","primary_proxy_dimension","published_fit","LVGP",,22,1
"study2","primary_q2","primary_proxy_dimension","published_fit","LVGP",,23,1
"study2","primary_q2","primary_proxy_dimension","published_fit","LVGP",,24,1
"study2","primary_q2","primary_proxy_dimension","published_fit","LVGP",,25,1
"study2","primary_q2","primary_proxy_dimension","published_fit","LVGP",,26,1
"study2","primary_q2","primary_proxy_dimension","published_fit","LVGP",,27,1
"study2","primary_q2","primary_proxy_dimension","published_fit","LVGP",,28,1
"study2","primary_q2","primary_proxy_dimension","published_fit","LVGP",,29,1
"study2","primary_q2","primary_proxy_dimension","published_fit","LVGP",,30,1
"study2","primary_q2","primary_proxy_dimension","published_fit","LVGP",,31,1
"study2","primary_q2","primary_proxy_dimension","published_fit","LVGP",,32,1
"study2","primary_q2","primary_proxy_dimension","published_fit","LVGP",,33,1
"study2","primary_q2","primary_proxy_dimension","published_fit","LVGP",,34,1
"study2","primary_q2","primary_proxy_dimension","published_fit","LVGP",,35,1
"study2","primary_q2","primary_proxy_dimension","published_fit","LVGP",,36,1
"study2","primary_q2","primary_proxy_dimension","published_fit","LVGP",,37,1
"study2","primary_q2","primary_proxy_dimension","published_fit","LVGP",,38,1
"study2","primary_q2","primary_proxy_dimension","published_fit","LVGP",,39,1
"study2","primary_q2","primary_proxy_dimension","published_fit","LVGP",,40,1
"study2","primary_q2","primary_proxy_dimension","published_fit","LVGP",,41,1
"study2","primary_q2","primary_proxy_dimension","published_fit","LVGP",,42,1
"study2","primary_q2","primary_proxy_dimension","published_fit","LVGP",,43,1
"study2","primary_q2","primary_proxy_dimension","published_fit","LVGP",,44,1
"study2","primary_q2","primary_proxy_dimension","published_fit","LVGP",,45,1
"study2","primary_q2","primary_proxy_dimension","published_fit","LVGP",,46,1
"study2","primary_q2","primary_proxy_dimension","published_fit","LVGP",,47,1
"study2","primary_q2","primary_proxy_dimension","published_fit","LVGP",,48,1
"study2","primary_q2","primary_proxy_dimension","published_fit","LVGP",,49,1
"study2","primary_q2","primary_proxy_dimension","published_fit","LVGP",,50,1
"study2","primary_q2","primary_proxy_dimension","published_fit","LVGP",,51,1
"study2","primary_q2","primary_proxy_dimension","published_fit","LVGP",,52,1
"study2","primary_q2","primary_proxy_dimension","published_fit","LVGP",,53,1
"study2","primary_q2","primary_proxy_dimension","published_fit","LVGP",,54,1
"study2","primary_q2","primary_proxy_dimension","published_fit","LVGP",,55,1
"study2","primary_q2","primary_proxy_dimension","published_fit","LVGP",,56,1
"study2","primary_q2","primary_proxy_dimension","published_fit","LVGP",,57,1
"study2","primary_q2","primary_proxy_dimension","published_fit","LVGP",,58,1
"study2","primary_q2","primary_proxy_dimension","published_fit","LVGP",,59,1
"study2","primary_q2","primary_proxy_dimension","published_fit","LVGP",,60,1
"study2","primary_q2","primary_proxy_dimension","published_fit","LVGP",,61,1
"study2","primary_q2","primary_proxy_dimension","published_fit","LVGP",,62,1
"study2","primary_q2","primary_proxy_dimension","published_fit","LVGP",,63,1
"study2","primary_q2","primary_proxy_dimension","published_fit","LVGP",,64,1
"study2","primary_q2","primary_proxy_dimension","published_fit","LVGP",,65,1
"study2","primary_q2","primary_proxy_dimension","published_fit","LVGP",,66,1
"study2","primary_q2","primary_proxy_dimension","published_fit","LVGP",,67,1
"study2","primary_q2","primary_proxy_dimension","published_fit","LVGP",,68,1
"study2","primary_q2","primary_proxy_dimension","published_fit","LVGP",,69,1
"study2","primary_q2","primary_proxy_dimension","published_fit","LVGP",,70,1
"study2","primary_q2","primary_proxy_dimension","published_fit","LVGP",,71,1
"study2","primary_q2","primary_proxy_dimension","published_fit","LVGP",,72,1
"study2","primary_q2","primary_proxy_dimension","published_fit","LVGP",,73,1
"study2","primary_q2","primary_proxy_dimension","published_fit","LVGP",,74,1
"study2","primary_q2","primary_proxy_dimension","published_fit","LVGP",,75,1
"study2","primary_q2","primary_proxy_dimension","published_fit","LVGP",,76,1
"study2","primary_q2","primary_proxy_dimension","published_fit","LVGP",,77,1
"study2","primary_q2","primary_proxy_dimension","published_fit","LVGP",,78,1
"study2","primary_q2","primary_proxy_dimension","published_fit","LVGP",,79,1
"study2","primary_q2","primary_proxy_dimension","published_fit","LVGP",,80,1
"study2","primary_q2","primary_proxy_dimension","published_fit","LVGP",,81,1
"study2","primary_q2","primary_proxy_dimension","published_fit","LVGP",,82,1
"study2","primary_q2","primary_proxy_dimension","published_fit","LVGP",,83,1
"study2","primary_q2","primary_proxy_dimension","published_fit","LVGP",,84,1
"study2","primary_q2","primary_proxy_dimension","published_fit","LVGP",,85,1
"study2","primary_q2","primary_proxy_dimension","published_fit","LVGP",,86,1
"study2","primary_q2","primary_proxy_dimension","published_fit","LVGP",,87,1
"study2","primary_q2","primary_proxy_dimension","published_fit","LVGP",,88,1
"study2","primary_q2","primary_proxy_dimension","published_fit","LVGP",,89,1
"study2","primary_q2","primary_proxy_dimension","published_fit","LVGP",,90,1
"study2","primary_q2","primary_proxy_dimension","published_fit","LVGP",,91,1
"study2","primary_q2","primary_proxy_dimension","published_fit","LVGP",,92,1
"study2","primary_q2","primary_proxy_dimension","published_fit","LVGP",,93,1
"study2","primary_q2","primary_proxy_dimension","published_fit","LVGP",,94,1
"study2","primary_q2","primary_proxy_dimension","published_fit","LVGP",,95,1
"study2","primary_q2","primary_proxy_dimension","published_fit","LVGP",,96,1
"study2","primary_q2","primary_proxy_dimension","published_fit","LVGP",,97,1
"study2","primary_q2","primary_proxy_dimension","published_fit","LVGP",,98,1
"study2","primary_q2","primary_proxy_dimension","published_fit","LVGP",,99,1
"study2","primary_q2","primary_proxy_dimension","published_fit","LVGP",,100,1
"study2","primary_q2","primary_proxy_dimension","published_fit","EzGP",,1,1
"study2","primary_q2","primary_proxy_dimension","published_fit","EzGP",,2,1
"study2","primary_q2","primary_proxy_dimension","published_fit","EzGP",,3,1
"study2","primary_q2","primary_proxy_dimension","published_fit","EzGP",,4,1
"study2","primary_q2","primary_proxy_dimension","published_fit","EzGP",,5,1
"study2","primary_q2","primary_proxy_dimension","published_fit","EzGP",,6,1
"study2","primary_q2","primary_proxy_dimension","published_fit","EzGP",,7,1
"study2","primary_q2","primary_proxy_dimension","published_fit","EzGP",,8,1
"study2","primary_q2","primary_proxy_dimension","published_fit","EzGP",,9,1
"study2","primary_q2","primary_proxy_dimension","published_fit","EzGP",,10,1
"study2","primary_q2","primary_proxy_dimension","published_fit","EzGP",,11,1
"study2","primary_q2","primary_proxy_dimension","published_fit","EzGP",,12,1
"study2","primary_q2","primary_proxy_dimension","published_fit","EzGP",,13,1
"study2","primary_q2","primary_proxy_dimension","published_fit","EzGP",,14,1
"study2","primary_q2","primary_proxy_dimension","published_fit","EzGP",,15,1
"study2","primary_q2","primary_proxy_dimension","published_fit","EzGP",,16,1
"study2","primary_q2","primary_proxy_dimension","published_fit","EzGP",,17,1
"study2","primary_q2","primary_proxy_dimension","published_fit","EzGP",,18,1
"study2","primary_q2","primary_proxy_dimension","published_fit","EzGP",,19,1
"study2","primary_q2","primary_proxy_dimension","published_fit","EzGP",,20,1
"study2","primary_q2","primary_proxy_dimension","published_fit","EzGP",,21,1
"study2","primary_q2","primary_proxy_dimension","published_fit","EzGP",,22,1
"study2","primary_q2","primary_proxy_dimension","published_fit","EzGP",,23,1
"study2","primary_q2","primary_proxy_dimension","published_fit","EzGP",,24,1
"study2","primary_q2","primary_proxy_dimension","published_fit","EzGP",,25,1
"study2","primary_q2","primary_proxy_dimension","published_fit","EzGP",,26,1
"study2","primary_q2","primary_proxy_dimension","published_fit","EzGP",,27,1
"study2","primary_q2","primary_proxy_dimension","published_fit","EzGP",,28,1
"study2","primary_q2","primary_proxy_dimension","published_fit","EzGP",,29,1
"study2","primary_q2","primary_proxy_dimension","published_fit","EzGP",,30,1
"study2","primary_q2","primary_proxy_dimension","published_fit","EzGP",,31,1
"study2","primary_q2","primary_proxy_dimension","published_fit","EzGP",,32,1
"study2","primary_q2","primary_proxy_dimension","published_fit","EzGP",,33,1
"study2","primary_q2","primary_proxy_dimension","published_fit","EzGP",,34,1
"study2","primary_q2","primary_proxy_dimension","published_fit","EzGP",,35,1
"study2","primary_q2","primary_proxy_dimension","published_fit","EzGP",,36,1
"study2","primary_q2","primary_proxy_dimension","published_fit","EzGP",,37,1
"study2","primary_q2","primary_proxy_dimension","published_fit","EzGP",,38,1
"study2","primary_q2","primary_proxy_dimension","published_fit","EzGP",,39,1
"study2","primary_q2","primary_proxy_dimension","published_fit","EzGP",,40,1
"study2","primary_q2","primary_proxy_dimension","published_fit","EzGP",,41,1
"study2","primary_q2","primary_proxy_dimension","published_fit","EzGP",,42,1
"study2","primary_q2","primary_proxy_dimension","published_fit","EzGP",,43,1
"study2","primary_q2","primary_proxy_dimension","published_fit","EzGP",,44,1
"study2","primary_q2","primary_proxy_dimension","published_fit","EzGP",,45,1
"study2","primary_q2","primary_proxy_dimension","published_fit","EzGP",,46,1
"study2","primary_q2","primary_proxy_dimension","published_fit","EzGP",,47,1
"study2","primary_q2","primary_proxy_dimension","published_fit","EzGP",,48,1
"study2","primary_q2","primary_proxy_dimension","published_fit","EzGP",,49,1
"study2","primary_q2","primary_proxy_dimension","published_fit","EzGP",,50,1
"study2","primary_q2","primary_proxy_dimension","published_fit","EzGP",,51,1
"study2","primary_q2","primary_proxy_dimension","published_fit","EzGP",,52,1
"study2","primary_q2","primary_proxy_dimension","published_fit","EzGP",,53,1
"study2","primary_q2","primary_proxy_dimension","published_fit","EzGP",,54,1
"study2","primary_q2","primary_proxy_dimension","published_fit","EzGP",,55,1
"study2","primary_q2","primary_proxy_dimension","published_fit","EzGP",,56,1
"study2","primary_q2","primary_proxy_dimension","published_fit","EzGP",,57,1
"study2","primary_q2","primary_proxy_dimension","published_fit","EzGP",,58,1
"study2","primary_q2","primary_proxy_dimension","published_fit","EzGP",,59,1
"study2","primary_q2","primary_proxy_dimension","published_fit","EzGP",,60,1
"study2","primary_q2","primary_proxy_dimension","published_fit","EzGP",,61,1
"study2","primary_q2","primary_proxy_dimension","published_fit","EzGP",,62,1
"study2","primary_q2","primary_proxy_dimension","published_fit","EzGP",,63,1
"study2","primary_q2","primary_proxy_dimension","published_fit","EzGP",,64,1
"study2","primary_q2","primary_proxy_dimension","published_fit","EzGP",,65,1
"study2","primary_q2","primary_proxy_dimension","published_fit","EzGP",,66,1
"study2","primary_q2","primary_proxy_dimension","published_fit","EzGP",,67,1
"study2","primary_q2","primary_proxy_dimension","published_fit","EzGP",,68,1
"study2","primary_q2","primary_proxy_dimension","published_fit","EzGP",,69,1
"study2","primary_q2","primary_proxy_dimension","published_fit","EzGP",,70,1
"study2","primary_q2","primary_proxy_dimension","published_fit","EzGP",,71,1
"study2","primary_q2","primary_proxy_dimension","published_fit","EzGP",,72,1
"study2","primary_q2","primary_proxy_dimension","published_fit","EzGP",,73,1
"study2","primary_q2","primary_proxy_dimension","published_fit","EzGP",,74,1
"study2","primary_q2","primary_proxy_dimension","published_fit","EzGP",,75,1
"study2","primary_q2","primary_proxy_dimension","published_fit","EzGP",,76,1
"study2","primary_q2","primary_proxy_dimension","published_fit","EzGP",,77,1
"study2","primary_q2","primary_proxy_dimension","published_fit","EzGP",,78,1
"study2","primary_q2","primary_proxy_dimension","published_fit","EzGP",,79,1
"study2","primary_q2","primary_proxy_dimension","published_fit","EzGP",,80,1
"study2","primary_q2","primary_proxy_dimension","published_fit","EzGP",,81,1
"study2","primary_q2","primary_proxy_dimension","published_fit","EzGP",,82,1
"study2","primary_q2","primary_proxy_dimension","published_fit","EzGP",,83,1
"study2","primary_q2","primary_proxy_dimension","published_fit","EzGP",,84,1
"study2","primary_q2","primary_proxy_dimension","published_fit","EzGP",,85,1
"study2","primary_q2","primary_proxy_dimension","published_fit","EzGP",,86,1
"study2","primary_q2","primary_proxy_dimension","published_fit","EzGP",,87,1
"study2","primary_q2","primary_proxy_dimension","published_fit","EzGP",,88,1
"study2","primary_q2","primary_proxy_dimension","published_fit","EzGP",,89,1
"study2","primary_q2","primary_proxy_dimension","published_fit","EzGP",,90,1
"study2","primary_q2","primary_proxy_dimension","published_fit","EzGP",,91,1
"study2","primary_q2","primary_proxy_dimension","published_fit","EzGP",,92,1
"study2","primary_q2","primary_proxy_dimension","published_fit","EzGP",,93,1
"study2","primary_q2","primary_proxy_dimension","published_fit","EzGP",,94,1
"study2","primary_q2","primary_proxy_dimension","published_fit","EzGP",,95,1
"study2","primary_q2","primary_proxy_dimension","published_fit","EzGP",,96,1
"study2","primary_q2","primary_proxy_dimension","published_fit","EzGP",,97,1
"study2","primary_q2","primary_proxy_dimension","published_fit","EzGP",,98,1
"study2","primary_q2","primary_proxy_dimension","published_fit","EzGP",,99,1
"study2","primary_q2","primary_proxy_dimension","published_fit","EzGP",,100,1
"study2","primary_q2","primary_proxy_dimension","eiv_fit","EIV-GP",12,1,1
"study2","primary_q2","primary_proxy_dimension","eiv_fit","EIV-GP",12,2,1
"study2","primary_q2","primary_proxy_dimension","eiv_fit","EIV-GP",12,3,1
"study2","primary_q2","primary_proxy_dimension","eiv_fit","EIV-GP",12,4,1
"study2","primary_q2","primary_proxy_dimension","eiv_fit","EIV-GP",12,5,1
"study2","primary_q2","primary_proxy_dimension","eiv_fit","EIV-GP",12,6,1
"study2","primary_q2","primary_proxy_dimension","eiv_fit","EIV-GP",12,7,1
"study2","primary_q2","primary_proxy_dimension","eiv_fit","EIV-GP",12,8,1
"study2","primary_q2","primary_proxy_dimension","eiv_fit","EIV-GP",12,9,1
"study2","primary_q2","primary_proxy_dimension","eiv_fit","EIV-GP",12,10,1
"study2","primary_q2","primary_proxy_dimension","eiv_fit","EIV-GP",12,11,1
"study2","primary_q2","primary_proxy_dimension","eiv_fit","EIV-GP",12,12,1
"study2","primary_q2","primary_proxy_dimension","eiv_fit","EIV-GP",12,13,1
"study2","primary_q2","primary_proxy_dimension","eiv_fit","EIV-GP",12,14,1
"study2","primary_q2","primary_proxy_dimension","eiv_fit","EIV-GP",12,15,1
"study2","primary_q2","primary_proxy_dimension","eiv_fit","EIV-GP",12,16,1
"study2","primary_q2","primary_proxy_dimension","eiv_fit","EIV-GP",12,17,1
"study2","primary_q2","primary_proxy_dimension","eiv_fit","EIV-GP",12,18,1
"study2","primary_q2","primary_proxy_dimension","eiv_fit","EIV-GP",12,19,1
"study2","primary_q2","primary_proxy_dimension","eiv_fit","EIV-GP",12,20,1
"study2","primary_q2","primary_proxy_dimension","eiv_fit","EIV-GP",12,21,1
"study2","primary_q2","primary_proxy_dimension","eiv_fit","EIV-GP",12,22,1
"study2","primary_q2","primary_proxy_dimension","eiv_fit","EIV-GP",12,23,1
"study2","primary_q2","primary_proxy_dimension","eiv_fit","EIV-GP",12,24,1
"study2","primary_q2","primary_proxy_dimension","eiv_fit","EIV-GP",12,25,1
"study2","primary_q2","primary_proxy_dimension","eiv_fit","EIV-GP",12,26,1
"study2","primary_q2","primary_proxy_dimension","eiv_fit","EIV-GP",12,27,1
"study2","primary_q2","primary_proxy_dimension","eiv_fit","EIV-GP",12,28,1
"study2","primary_q2","primary_proxy_dimension","eiv_fit","EIV-GP",12,29,1
"study2","primary_q2","primary_proxy_dimension","eiv_fit","EIV-GP",12,30,1
"study2","primary_q2","primary_proxy_dimension","eiv_fit","EIV-GP",12,31,1
"study2","primary_q2","primary_proxy_dimension","eiv_fit","EIV-GP",12,32,1
"study2","primary_q2","primary_proxy_dimension","eiv_fit","EIV-GP",12,33,1
"study2","primary_q2","primary_proxy_dimension","eiv_fit","EIV-GP",12,34,1
"study2","primary_q2","primary_proxy_dimension","eiv_fit","EIV-GP",12,35,1
"study2","primary_q2","primary_proxy_dimension","eiv_fit","EIV-GP",12,36,1
"study2","primary_q2","primary_proxy_dimension","eiv_fit","EIV-GP",12,37,1
"study2","primary_q2","primary_proxy_dimension","eiv_fit","EIV-GP",12,38,1
"study2","primary_q2","primary_proxy_dimension","eiv_fit","EIV-GP",12,39,1
"study2","primary_q2","primary_proxy_dimension","eiv_fit","EIV-GP",12,40,1
"study2","primary_q2","primary_proxy_dimension","eiv_fit","EIV-GP",12,41,1
"study2","primary_q2","primary_proxy_dimension","eiv_fit","EIV-GP",12,42,1
"study2","primary_q2","primary_proxy_dimension","eiv_fit","EIV-GP",12,43,1
"study2","primary_q2","primary_proxy_dimension","eiv_fit","EIV-GP",12,44,1
"study2","primary_q2","primary_proxy_dimension","eiv_fit","EIV-GP",12,45,1
"study2","primary_q2","primary_proxy_dimension","eiv_fit","EIV-GP",12,46,1
"study2","primary_q2","primary_proxy_dimension","eiv_fit","EIV-GP",12,47,1
"study2","primary_q2","primary_proxy_dimension","eiv_fit","EIV-GP",12,48,1
"study2","primary_q2","primary_proxy_dimension","eiv_fit","EIV-GP",12,49,1
"study2","primary_q2","primary_proxy_dimension","eiv_fit","EIV-GP",12,50,1
"study2","primary_q2","primary_proxy_dimension","eiv_fit","EIV-GP",12,51,1
"study2","primary_q2","primary_proxy_dimension","eiv_fit","EIV-GP",12,52,1
"study2","primary_q2","primary_proxy_dimension","eiv_fit","EIV-GP",12,53,1
"study2","primary_q2","primary_proxy_dimension","eiv_fit","EIV-GP",12,54,1
"study2","primary_q2","primary_proxy_dimension","eiv_fit","EIV-GP",12,55,1
"study2","primary_q2","primary_proxy_dimension","eiv_fit","EIV-GP",12,56,1
"study2","primary_q2","primary_proxy_dimension","eiv_fit","EIV-GP",12,57,1
"study2","primary_q2","primary_proxy_dimension","eiv_fit","EIV-GP",12,58,1
"study2","primary_q2","primary_proxy_dimension","eiv_fit","EIV-GP",12,59,1
"study2","primary_q2","primary_proxy_dimension","eiv_fit","EIV-GP",12,60,1
"study2","primary_q2","primary_proxy_dimension","eiv_fit","EIV-GP",12,61,1
"study2","primary_q2","primary_proxy_dimension","eiv_fit","EIV-GP",12,62,1
"study2","primary_q2","primary_proxy_dimension","eiv_fit","EIV-GP",12,63,1
"study2","primary_q2","primary_proxy_dimension","eiv_fit","EIV-GP",12,64,1
"study2","primary_q2","primary_proxy_dimension","eiv_fit","EIV-GP",12,65,1
"study2","primary_q2","primary_proxy_dimension","eiv_fit","EIV-GP",12,66,1
"study2","primary_q2","primary_proxy_dimension","eiv_fit","EIV-GP",12,67,1
"study2","primary_q2","primary_proxy_dimension","eiv_fit","EIV-GP",12,68,1
"study2","primary_q2","primary_proxy_dimension","eiv_fit","EIV-GP",12,69,1
"study2","primary_q2","primary_proxy_dimension","eiv_fit","EIV-GP",12,70,1
"study2","primary_q2","primary_proxy_dimension","eiv_fit","EIV-GP",12,71,1
"study2","primary_q2","primary_proxy_dimension","eiv_fit","EIV-GP",12,72,1
"study2","primary_q2","primary_proxy_dimension","eiv_fit","EIV-GP",12,73,1
"study2","primary_q2","primary_proxy_dimension","eiv_fit","EIV-GP",12,74,1
"study2","primary_q2","primary_proxy_dimension","eiv_fit","EIV-GP",12,75,1
"study2","primary_q2","primary_proxy_dimension","eiv_fit","EIV-GP",12,76,1
"study2","primary_q2","primary_proxy_dimension","eiv_fit","EIV-GP",12,77,1
"study2","primary_q2","primary_proxy_dimension","eiv_fit","EIV-GP",12,78,1
"study2","primary_q2","primary_proxy_dimension","eiv_fit","EIV-GP",12,79,1
"study2","primary_q2","primary_proxy_dimension","eiv_fit","EIV-GP",12,80,1
"study2","primary_q2","primary_proxy_dimension","eiv_fit","EIV-GP",12,81,1
"study2","primary_q2","primary_proxy_dimension","eiv_fit","EIV-GP",12,82,1
"study2","primary_q2","primary_proxy_dimension","eiv_fit","EIV-GP",12,83,1
"study2","primary_q2","primary_proxy_dimension","eiv_fit","EIV-GP",12,84,1
"study2","primary_q2","primary_proxy_dimension","eiv_fit","EIV-GP",12,85,1
"study2","primary_q2","primary_proxy_dimension","eiv_fit","EIV-GP",12,86,1
"study2","primary_q2","primary_proxy_dimension","eiv_fit","EIV-GP",12,87,1
"study2","primary_q2","primary_proxy_dimension","eiv_fit","EIV-GP",12,88,1
"study2","primary_q2","primary_proxy_dimension","eiv_fit","EIV-GP",12,89,1
"study2","primary_q2","primary_proxy_dimension","eiv_fit","EIV-GP",12,90,1
"study2","primary_q2","primary_proxy_dimension","eiv_fit","EIV-GP",12,91,1
"study2","primary_q2","primary_proxy_dimension","eiv_fit","EIV-GP",12,92,1
"study2","primary_q2","primary_proxy_dimension","eiv_fit","EIV-GP",12,93,1
"study2","primary_q2","primary_proxy_dimension","eiv_fit","EIV-GP",12,94,1
"study2","primary_q2","primary_proxy_dimension","eiv_fit","EIV-GP",12,95,1
"study2","primary_q2","primary_proxy_dimension","eiv_fit","EIV-GP",12,96,1
"study2","primary_q2","primary_proxy_dimension","eiv_fit","EIV-GP",12,97,1
"study2","primary_q2","primary_proxy_dimension","eiv_fit","EIV-GP",12,98,1
"study2","primary_q2","primary_proxy_dimension","eiv_fit","EIV-GP",12,99,1
"study2","primary_q2","primary_proxy_dimension","eiv_fit","EIV-GP",12,100,1
"study2","primary_q2","primary_proxy_dimension","ablation_fit","RF-OM",12,1,1
"study2","primary_q2","primary_proxy_dimension","ablation_fit","RF-OM",12,2,1
"study2","primary_q2","primary_proxy_dimension","ablation_fit","RF-OM",12,3,1
"study2","primary_q2","primary_proxy_dimension","ablation_fit","RF-OM",12,4,1
"study2","primary_q2","primary_proxy_dimension","ablation_fit","RF-OM",12,5,1
"study2","primary_q2","primary_proxy_dimension","ablation_fit","RF-OM",12,6,1
"study2","primary_q2","primary_proxy_dimension","ablation_fit","RF-OM",12,7,1
"study2","primary_q2","primary_proxy_dimension","ablation_fit","RF-OM",12,8,1
"study2","primary_q2","primary_proxy_dimension","ablation_fit","RF-OM",12,9,1
"study2","primary_q2","primary_proxy_dimension","ablation_fit","RF-OM",12,10,1
"study2","primary_q2","primary_proxy_dimension","ablation_fit","RF-OM",12,11,1
"study2","primary_q2","primary_proxy_dimension","ablation_fit","RF-OM",12,12,1
"study2","primary_q2","primary_proxy_dimension","ablation_fit","RF-OM",12,13,1
"study2","primary_q2","primary_proxy_dimension","ablation_fit","RF-OM",12,14,1
"study2","primary_q2","primary_proxy_dimension","ablation_fit","RF-OM",12,15,1
"study2","primary_q2","primary_proxy_dimension","ablation_fit","RF-OM",12,16,1
"study2","primary_q2","primary_proxy_dimension","ablation_fit","RF-OM",12,17,1
"study2","primary_q2","primary_proxy_dimension","ablation_fit","RF-OM",12,18,1
"study2","primary_q2","primary_proxy_dimension","ablation_fit","RF-OM",12,19,1
"study2","primary_q2","primary_proxy_dimension","ablation_fit","RF-OM",12,20,1
"study2","primary_q2","primary_proxy_dimension","ablation_fit","RF-OM",12,21,1
"study2","primary_q2","primary_proxy_dimension","ablation_fit","RF-OM",12,22,1
"study2","primary_q2","primary_proxy_dimension","ablation_fit","RF-OM",12,23,1
"study2","primary_q2","primary_proxy_dimension","ablation_fit","RF-OM",12,24,1
"study2","primary_q2","primary_proxy_dimension","ablation_fit","RF-OM",12,25,1
"study2","primary_q2","primary_proxy_dimension","ablation_fit","RF-OM",12,26,1
"study2","primary_q2","primary_proxy_dimension","ablation_fit","RF-OM",12,27,1
"study2","primary_q2","primary_proxy_dimension","ablation_fit","RF-OM",12,28,1
"study2","primary_q2","primary_proxy_dimension","ablation_fit","RF-OM",12,29,1
"study2","primary_q2","primary_proxy_dimension","ablation_fit","RF-OM",12,30,1
"study2","primary_q2","primary_proxy_dimension","ablation_fit","RF-OM",12,31,1
"study2","primary_q2","primary_proxy_dimension","ablation_fit","RF-OM",12,32,1
"study2","primary_q2","primary_proxy_dimension","ablation_fit","RF-OM",12,33,1
"study2","primary_q2","primary_proxy_dimension","ablation_fit","RF-OM",12,34,1
"study2","primary_q2","primary_proxy_dimension","ablation_fit","RF-OM",12,35,1
"study2","primary_q2","primary_proxy_dimension","ablation_fit","RF-OM",12,36,1
"study2","primary_q2","primary_proxy_dimension","ablation_fit","RF-OM",12,37,1
"study2","primary_q2","primary_proxy_dimension","ablation_fit","RF-OM",12,38,1
"study2","primary_q2","primary_proxy_dimension","ablation_fit","RF-OM",12,39,1
"study2","primary_q2","primary_proxy_dimension","ablation_fit","RF-OM",12,40,1
"study2","primary_q2","primary_proxy_dimension","ablation_fit","RF-OM",12,41,1
"study2","primary_q2","primary_proxy_dimension","ablation_fit","RF-OM",12,42,1
"study2","primary_q2","primary_proxy_dimension","ablation_fit","RF-OM",12,43,1
"study2","primary_q2","primary_proxy_dimension","ablation_fit","RF-OM",12,44,1
"study2","primary_q2","primary_proxy_dimension","ablation_fit","RF-OM",12,45,1
"study2","primary_q2","primary_proxy_dimension","ablation_fit","RF-OM",12,46,1
"study2","primary_q2","primary_proxy_dimension","ablation_fit","RF-OM",12,47,1
"study2","primary_q2","primary_proxy_dimension","ablation_fit","RF-OM",12,48,1
"study2","primary_q2","primary_proxy_dimension","ablation_fit","RF-OM",12,49,1
"study2","primary_q2","primary_proxy_dimension","ablation_fit","RF-OM",12,50,1
"study2","primary_q2","primary_proxy_dimension","ablation_fit","RF-OM",12,51,1
"study2","primary_q2","primary_proxy_dimension","ablation_fit","RF-OM",12,52,1
"study2","primary_q2","primary_proxy_dimension","ablation_fit","RF-OM",12,53,1
"study2","primary_q2","primary_proxy_dimension","ablation_fit","RF-OM",12,54,1
"study2","primary_q2","primary_proxy_dimension","ablation_fit","RF-OM",12,55,1
"study2","primary_q2","primary_proxy_dimension","ablation_fit","RF-OM",12,56,1
"study2","primary_q2","primary_proxy_dimension","ablation_fit","RF-OM",12,57,1
"study2","primary_q2","primary_proxy_dimension","ablation_fit","RF-OM",12,58,1
"study2","primary_q2","primary_proxy_dimension","ablation_fit","RF-OM",12,59,1
"study2","primary_q2","primary_proxy_dimension","ablation_fit","RF-OM",12,60,1
"study2","primary_q2","primary_proxy_dimension","ablation_fit","RF-OM",12,61,1
"study2","primary_q2","primary_proxy_dimension","ablation_fit","RF-OM",12,62,1
"study2","primary_q2","primary_proxy_dimension","ablation_fit","RF-OM",12,63,1
"study2","primary_q2","primary_proxy_dimension","ablation_fit","RF-OM",12,64,1
"study2","primary_q2","primary_proxy_dimension","ablation_fit","RF-OM",12,65,1
"study2","primary_q2","primary_proxy_dimension","ablation_fit","RF-OM",12,66,1
"study2","primary_q2","primary_proxy_dimension","ablation_fit","RF-OM",12,67,1
"study2","primary_q2","primary_proxy_dimension","ablation_fit","RF-OM",12,68,1
"study2","primary_q2","primary_proxy_dimension","ablation_fit","RF-OM",12,69,1
"study2","primary_q2","primary_proxy_dimension","ablation_fit","RF-OM",12,70,1
"study2","primary_q2","primary_proxy_dimension","ablation_fit","RF-OM",12,71,1
"study2","primary_q2","primary_proxy_dimension","ablation_fit","RF-OM",12,72,1
"study2","primary_q2","primary_proxy_dimension","ablation_fit","RF-OM",12,73,1
"study2","primary_q2","primary_proxy_dimension","ablation_fit","RF-OM",12,74,1
"study2","primary_q2","primary_proxy_dimension","ablation_fit","RF-OM",12,75,1
"study2","primary_q2","primary_proxy_dimension","ablation_fit","RF-OM",12,76,1
"study2","primary_q2","primary_proxy_dimension","ablation_fit","RF-OM",12,77,1
"study2","primary_q2","primary_proxy_dimension","ablation_fit","RF-OM",12,78,1
"study2","primary_q2","primary_proxy_dimension","ablation_fit","RF-OM",12,79,1
"study2","primary_q2","primary_proxy_dimension","ablation_fit","RF-OM",12,80,1
"study2","primary_q2","primary_proxy_dimension","ablation_fit","RF-OM",12,81,1
"study2","primary_q2","primary_proxy_dimension","ablation_fit","RF-OM",12,82,1
"study2","primary_q2","primary_proxy_dimension","ablation_fit","RF-OM",12,83,1
"study2","primary_q2","primary_proxy_dimension","ablation_fit","RF-OM",12,84,1
"study2","primary_q2","primary_proxy_dimension","ablation_fit","RF-OM",12,85,1
"study2","primary_q2","primary_proxy_dimension","ablation_fit","RF-OM",12,86,1
"study2","primary_q2","primary_proxy_dimension","ablation_fit","RF-OM",12,87,1
"study2","primary_q2","primary_proxy_dimension","ablation_fit","RF-OM",12,88,1
"study2","primary_q2","primary_proxy_dimension","ablation_fit","RF-OM",12,89,1
"study2","primary_q2","primary_proxy_dimension","ablation_fit","RF-OM",12,90,1
"study2","primary_q2","primary_proxy_dimension","ablation_fit","RF-OM",12,91,1
"study2","primary_q2","primary_proxy_dimension","ablation_fit","RF-OM",12,92,1
"study2","primary_q2","primary_proxy_dimension","ablation_fit","RF-OM",12,93,1
"study2","primary_q2","primary_proxy_dimension","ablation_fit","RF-OM",12,94,1
"study2","primary_q2","primary_proxy_dimension","ablation_fit","RF-OM",12,95,1
"study2","primary_q2","primary_proxy_dimension","ablation_fit","RF-OM",12,96,1
"study2","primary_q2","primary_proxy_dimension","ablation_fit","RF-OM",12,97,1
"study2","primary_q2","primary_proxy_dimension","ablation_fit","RF-OM",12,98,1
"study2","primary_q2","primary_proxy_dimension","ablation_fit","RF-OM",12,99,1
"study2","primary_q2","primary_proxy_dimension","ablation_fit","RF-OM",12,100,1
"study2","primary_q2","primary_proxy_dimension","ablation_fit","PI-GP",12,1,1
"study2","primary_q2","primary_proxy_dimension","ablation_fit","PI-GP",12,2,1
"study2","primary_q2","primary_proxy_dimension","ablation_fit","PI-GP",12,3,1
"study2","primary_q2","primary_proxy_dimension","ablation_fit","PI-GP",12,4,1
"study2","primary_q2","primary_proxy_dimension","ablation_fit","PI-GP",12,5,1
"study2","primary_q2","primary_proxy_dimension","ablation_fit","PI-GP",12,6,1
"study2","primary_q2","primary_proxy_dimension","ablation_fit","PI-GP",12,7,1
"study2","primary_q2","primary_proxy_dimension","ablation_fit","PI-GP",12,8,1
"study2","primary_q2","primary_proxy_dimension","ablation_fit","PI-GP",12,9,1
"study2","primary_q2","primary_proxy_dimension","ablation_fit","PI-GP",12,10,1
"study2","primary_q2","primary_proxy_dimension","ablation_fit","PI-GP",12,11,1
"study2","primary_q2","primary_proxy_dimension","ablation_fit","PI-GP",12,12,1
"study2","primary_q2","primary_proxy_dimension","ablation_fit","PI-GP",12,13,1
"study2","primary_q2","primary_proxy_dimension","ablation_fit","PI-GP",12,14,1
"study2","primary_q2","primary_proxy_dimension","ablation_fit","PI-GP",12,15,1
"study2","primary_q2","primary_proxy_dimension","ablation_fit","PI-GP",12,16,1
"study2","primary_q2","primary_proxy_dimension","ablation_fit","PI-GP",12,17,1
"study2","primary_q2","primary_proxy_dimension","ablation_fit","PI-GP",12,18,1
"study2","primary_q2","primary_proxy_dimension","ablation_fit","PI-GP",12,19,1
"study2","primary_q2","primary_proxy_dimension","ablation_fit","PI-GP",12,20,1
"study2","primary_q2","primary_proxy_dimension","ablation_fit","PI-GP",12,21,1
"study2","primary_q2","primary_proxy_dimension","ablation_fit","PI-GP",12,22,1
"study2","primary_q2","primary_proxy_dimension","ablation_fit","PI-GP",12,23,1
"study2","primary_q2","primary_proxy_dimension","ablation_fit","PI-GP",12,24,1
"study2","primary_q2","primary_proxy_dimension","ablation_fit","PI-GP",12,25,1
"study2","primary_q2","primary_proxy_dimension","ablation_fit","PI-GP",12,26,1
"study2","primary_q2","primary_proxy_dimension","ablation_fit","PI-GP",12,27,1
"study2","primary_q2","primary_proxy_dimension","ablation_fit","PI-GP",12,28,1
"study2","primary_q2","primary_proxy_dimension","ablation_fit","PI-GP",12,29,1
"study2","primary_q2","primary_proxy_dimension","ablation_fit","PI-GP",12,30,1
"study2","primary_q2","primary_proxy_dimension","ablation_fit","PI-GP",12,31,1
"study2","primary_q2","primary_proxy_dimension","ablation_fit","PI-GP",12,32,1
"study2","primary_q2","primary_proxy_dimension","ablation_fit","PI-GP",12,33,1
"study2","primary_q2","primary_proxy_dimension","ablation_fit","PI-GP",12,34,1
"study2","primary_q2","primary_proxy_dimension","ablation_fit","PI-GP",12,35,1
"study2","primary_q2","primary_proxy_dimension","ablation_fit","PI-GP",12,36,1
"study2","primary_q2","primary_proxy_dimension","ablation_fit","PI-GP",12,37,1
"study2","primary_q2","primary_proxy_dimension","ablation_fit","PI-GP",12,38,1
"study2","primary_q2","primary_proxy_dimension","ablation_fit","PI-GP",12,39,1
"study2","primary_q2","primary_proxy_dimension","ablation_fit","PI-GP",12,40,1
"study2","primary_q2","primary_proxy_dimension","ablation_fit","PI-GP",12,41,1
"study2","primary_q2","primary_proxy_dimension","ablation_fit","PI-GP",12,42,1
"study2","primary_q2","primary_proxy_dimension","ablation_fit","PI-GP",12,43,1
"study2","primary_q2","primary_proxy_dimension","ablation_fit","PI-GP",12,44,1
"study2","primary_q2","primary_proxy_dimension","ablation_fit","PI-GP",12,45,1
"study2","primary_q2","primary_proxy_dimension","ablation_fit","PI-GP",12,46,1
"study2","primary_q2","primary_proxy_dimension","ablation_fit","PI-GP",12,47,1
"study2","primary_q2","primary_proxy_dimension","ablation_fit","PI-GP",12,48,1
"study2","primary_q2","primary_proxy_dimension","ablation_fit","PI-GP",12,49,1
"study2","primary_q2","primary_proxy_dimension","ablation_fit","PI-GP",12,50,1
"study2","primary_q2","primary_proxy_dimension","ablation_fit","PI-GP",12,51,1
"study2","primary_q2","primary_proxy_dimension","ablation_fit","PI-GP",12,52,1
"study2","primary_q2","primary_proxy_dimension","ablation_fit","PI-GP",12,53,1
"study2","primary_q2","primary_proxy_dimension","ablation_fit","PI-GP",12,54,1
"study2","primary_q2","primary_proxy_dimension","ablation_fit","PI-GP",12,55,1
"study2","primary_q2","primary_proxy_dimension","ablation_fit","PI-GP",12,56,1
"study2","primary_q2","primary_proxy_dimension","ablation_fit","PI-GP",12,57,1
"study2","primary_q2","primary_proxy_dimension","ablation_fit","PI-GP",12,58,1
"study2","primary_q2","primary_proxy_dimension","ablation_fit","PI-GP",12,59,1
"study2","primary_q2","primary_proxy_dimension","ablation_fit","PI-GP",12,60,1
"study2","primary_q2","primary_proxy_dimension","ablation_fit","PI-GP",12,61,1
"study2","primary_q2","primary_proxy_dimension","ablation_fit","PI-GP",12,62,1
"study2","primary_q2","primary_proxy_dimension","ablation_fit","PI-GP",12,63,1
"study2","primary_q2","primary_proxy_dimension","ablation_fit","PI-GP",12,64,1
"study2","primary_q2","primary_proxy_dimension","ablation_fit","PI-GP",12,65,1
"study2","primary_q2","primary_proxy_dimension","ablation_fit","PI-GP",12,66,1
"study2","primary_q2","primary_proxy_dimension","ablation_fit","PI-GP",12,67,1
"study2","primary_q2","primary_proxy_dimension","ablation_fit","PI-GP",12,68,1
"study2","primary_q2","primary_proxy_dimension","ablation_fit","PI-GP",12,69,1
"study2","primary_q2","primary_proxy_dimension","ablation_fit","PI-GP",12,70,1
"study2","primary_q2","primary_proxy_dimension","ablation_fit","PI-GP",12,71,1
"study2","primary_q2","primary_proxy_dimension","ablation_fit","PI-GP",12,72,1
"study2","primary_q2","primary_proxy_dimension","ablation_fit","PI-GP",12,73,1
"study2","primary_q2","primary_proxy_dimension","ablation_fit","PI-GP",12,74,1
"study2","primary_q2","primary_proxy_dimension","ablation_fit","PI-GP",12,75,1
"study2","primary_q2","primary_proxy_dimension","ablation_fit","PI-GP",12,76,1
"study2","primary_q2","primary_proxy_dimension","ablation_fit","PI-GP",12,77,1
"study2","primary_q2","primary_proxy_dimension","ablation_fit","PI-GP",12,78,1
"study2","primary_q2","primary_proxy_dimension","ablation_fit","PI-GP",12,79,1
"study2","primary_q2","primary_proxy_dimension","ablation_fit","PI-GP",12,80,1
"study2","primary_q2","primary_proxy_dimension","ablation_fit","PI-GP",12,81,1
"study2","primary_q2","primary_proxy_dimension","ablation_fit","PI-GP",12,82,1
"study2","primary_q2","primary_proxy_dimension","ablation_fit","PI-GP",12,83,1
"study2","primary_q2","primary_proxy_dimension","ablation_fit","PI-GP",12,84,1
"study2","primary_q2","primary_proxy_dimension","ablation_fit","PI-GP",12,85,1
"study2","primary_q2","primary_proxy_dimension","ablation_fit","PI-GP",12,86,1
"study2","primary_q2","primary_proxy_dimension","ablation_fit","PI-GP",12,87,1
"study2","primary_q2","primary_proxy_dimension","ablation_fit","PI-GP",12,88,1
"study2","primary_q2","primary_proxy_dimension","ablation_fit","PI-GP",12,89,1
"study2","primary_q2","primary_proxy_dimension","ablation_fit","PI-GP",12,90,1
"study2","primary_q2","primary_proxy_dimension","ablation_fit","PI-GP",12,91,1
"study2","primary_q2","primary_proxy_dimension","ablation_fit","PI-GP",12,92,1
"study2","primary_q2","primary_proxy_dimension","ablation_fit","PI-GP",12,93,1
"study2","primary_q2","primary_proxy_dimension","ablation_fit","PI-GP",12,94,1
"study2","primary_q2","primary_proxy_dimension","ablation_fit","PI-GP",12,95,1
"study2","primary_q2","primary_proxy_dimension","ablation_fit","PI-GP",12,96,1
"study2","primary_q2","primary_proxy_dimension","ablation_fit","PI-GP",12,97,1
"study2","primary_q2","primary_proxy_dimension","ablation_fit","PI-GP",12,98,1
"study2","primary_q2","primary_proxy_dimension","ablation_fit","PI-GP",12,99,1
"study2","primary_q2","primary_proxy_dimension","ablation_fit","PI-GP",12,100,1
"study2","primary_q2","primary_proxy_dimension","ablation_fit","CC-GP",12,1,1
"study2","primary_q2","primary_proxy_dimension","ablation_fit","CC-GP",12,2,1
"study2","primary_q2","primary_proxy_dimension","ablation_fit","CC-GP",12,3,1
"study2","primary_q2","primary_proxy_dimension","ablation_fit","CC-GP",12,4,1
"study2","primary_q2","primary_proxy_dimension","ablation_fit","CC-GP",12,5,1
"study2","primary_q2","primary_proxy_dimension","ablation_fit","CC-GP",12,6,1
"study2","primary_q2","primary_proxy_dimension","ablation_fit","CC-GP",12,7,1
"study2","primary_q2","primary_proxy_dimension","ablation_fit","CC-GP",12,8,1
"study2","primary_q2","primary_proxy_dimension","ablation_fit","CC-GP",12,9,1
"study2","primary_q2","primary_proxy_dimension","ablation_fit","CC-GP",12,10,1
"study2","primary_q2","primary_proxy_dimension","ablation_fit","CC-GP",12,11,1
"study2","primary_q2","primary_proxy_dimension","ablation_fit","CC-GP",12,12,1
"study2","primary_q2","primary_proxy_dimension","ablation_fit","CC-GP",12,13,1
"study2","primary_q2","primary_proxy_dimension","ablation_fit","CC-GP",12,14,1
"study2","primary_q2","primary_proxy_dimension","ablation_fit","CC-GP",12,15,1
"study2","primary_q2","primary_proxy_dimension","ablation_fit","CC-GP",12,16,1
"study2","primary_q2","primary_proxy_dimension","ablation_fit","CC-GP",12,17,1
"study2","primary_q2","primary_proxy_dimension","ablation_fit","CC-GP",12,18,1
"study2","primary_q2","primary_proxy_dimension","ablation_fit","CC-GP",12,19,1
"study2","primary_q2","primary_proxy_dimension","ablation_fit","CC-GP",12,20,1
"study2","primary_q2","primary_proxy_dimension","ablation_fit","CC-GP",12,21,1
"study2","primary_q2","primary_proxy_dimension","ablation_fit","CC-GP",12,22,1
"study2","primary_q2","primary_proxy_dimension","ablation_fit","CC-GP",12,23,1
"study2","primary_q2","primary_proxy_dimension","ablation_fit","CC-GP",12,24,1
"study2","primary_q2","primary_proxy_dimension","ablation_fit","CC-GP",12,25,1
"study2","primary_q2","primary_proxy_dimension","ablation_fit","CC-GP",12,26,1
"study2","primary_q2","primary_proxy_dimension","ablation_fit","CC-GP",12,27,1
"study2","primary_q2","primary_proxy_dimension","ablation_fit","CC-GP",12,28,1
"study2","primary_q2","primary_proxy_dimension","ablation_fit","CC-GP",12,29,1
"study2","primary_q2","primary_proxy_dimension","ablation_fit","CC-GP",12,30,1
"study2","primary_q2","primary_proxy_dimension","ablation_fit","CC-GP",12,31,1
"study2","primary_q2","primary_proxy_dimension","ablation_fit","CC-GP",12,32,1
"study2","primary_q2","primary_proxy_dimension","ablation_fit","CC-GP",12,33,1
"study2","primary_q2","primary_proxy_dimension","ablation_fit","CC-GP",12,34,1
"study2","primary_q2","primary_proxy_dimension","ablation_fit","CC-GP",12,35,1
"study2","primary_q2","primary_proxy_dimension","ablation_fit","CC-GP",12,36,1
"study2","primary_q2","primary_proxy_dimension","ablation_fit","CC-GP",12,37,1
"study2","primary_q2","primary_proxy_dimension","ablation_fit","CC-GP",12,38,1
"study2","primary_q2","primary_proxy_dimension","ablation_fit","CC-GP",12,39,1
"study2","primary_q2","primary_proxy_dimension","ablation_fit","CC-GP",12,40,1
"study2","primary_q2","primary_proxy_dimension","ablation_fit","CC-GP",12,41,1
"study2","primary_q2","primary_proxy_dimension","ablation_fit","CC-GP",12,42,1
"study2","primary_q2","primary_proxy_dimension","ablation_fit","CC-GP",12,43,1
"study2","primary_q2","primary_proxy_dimension","ablation_fit","CC-GP",12,44,1
"study2","primary_q2","primary_proxy_dimension","ablation_fit","CC-GP",12,45,1
"study2","primary_q2","primary_proxy_dimension","ablation_fit","CC-GP",12,46,1
"study2","primary_q2","primary_proxy_dimension","ablation_fit","CC-GP",12,47,1
"study2","primary_q2","primary_proxy_dimension","ablation_fit","CC-GP",12,48,1
"study2","primary_q2","primary_proxy_dimension","ablation_fit","CC-GP",12,49,1
"study2","primary_q2","primary_proxy_dimension","ablation_fit","CC-GP",12,50,1
"study2","primary_q2","primary_proxy_dimension","ablation_fit","CC-GP",12,51,1
"study2","primary_q2","primary_proxy_dimension","ablation_fit","CC-GP",12,52,1
"study2","primary_q2","primary_proxy_dimension","ablation_fit","CC-GP",12,53,1
"study2","primary_q2","primary_proxy_dimension","ablation_fit","CC-GP",12,54,1
"study2","primary_q2","primary_proxy_dimension","ablation_fit","CC-GP",12,55,1
"study2","primary_q2","primary_proxy_dimension","ablation_fit","CC-GP",12,56,1
"study2","primary_q2","primary_proxy_dimension","ablation_fit","CC-GP",12,57,1
"study2","primary_q2","primary_proxy_dimension","ablation_fit","CC-GP",12,58,1
"study2","primary_q2","primary_proxy_dimension","ablation_fit","CC-GP",12,59,1
"study2","primary_q2","primary_proxy_dimension","ablation_fit","CC-GP",12,60,1
"study2","primary_q2","primary_proxy_dimension","ablation_fit","CC-GP",12,61,1
"study2","primary_q2","primary_proxy_dimension","ablation_fit","CC-GP",12,62,1
"study2","primary_q2","primary_proxy_dimension","ablation_fit","CC-GP",12,63,1
"study2","primary_q2","primary_proxy_dimension","ablation_fit","CC-GP",12,64,1
"study2","primary_q2","primary_proxy_dimension","ablation_fit","CC-GP",12,65,1
"study2","primary_q2","primary_proxy_dimension","ablation_fit","CC-GP",12,66,1
"study2","primary_q2","primary_proxy_dimension","ablation_fit","CC-GP",12,67,1
"study2","primary_q2","primary_proxy_dimension","ablation_fit","CC-GP",12,68,1
"study2","primary_q2","primary_proxy_dimension","ablation_fit","CC-GP",12,69,1
"study2","primary_q2","primary_proxy_dimension","ablation_fit","CC-GP",12,70,1
"study2","primary_q2","primary_proxy_dimension","ablation_fit","CC-GP",12,71,1
"study2","primary_q2","primary_proxy_dimension","ablation_fit","CC-GP",12,72,1
"study2","primary_q2","primary_proxy_dimension","ablation_fit","CC-GP",12,73,1
"study2","primary_q2","primary_proxy_dimension","ablation_fit","CC-GP",12,74,1
"study2","primary_q2","primary_proxy_dimension","ablation_fit","CC-GP",12,75,1
"study2","primary_q2","primary_proxy_dimension","ablation_fit","CC-GP",12,76,1
"study2","primary_q2","primary_proxy_dimension","ablation_fit","CC-GP",12,77,1
"study2","primary_q2","primary_proxy_dimension","ablation_fit","CC-GP",12,78,1
"study2","primary_q2","primary_proxy_dimension","ablation_fit","CC-GP",12,79,1
"study2","primary_q2","primary_proxy_dimension","ablation_fit","CC-GP",12,80,1
"study2","primary_q2","primary_proxy_dimension","ablation_fit","CC-GP",12,81,1
"study2","primary_q2","primary_proxy_dimension","ablation_fit","CC-GP",12,82,1
"study2","primary_q2","primary_proxy_dimension","ablation_fit","CC-GP",12,83,1
"study2","primary_q2","primary_proxy_dimension","ablation_fit","CC-GP",12,84,1
"study2","primary_q2","primary_proxy_dimension","ablation_fit","CC-GP",12,85,1
"study2","primary_q2","primary_proxy_dimension","ablation_fit","CC-GP",12,86,1
"study2","primary_q2","primary_proxy_dimension","ablation_fit","CC-GP",12,87,1
"study2","primary_q2","primary_proxy_dimension","ablation_fit","CC-GP",12,88,1
"study2","primary_q2","primary_proxy_dimension","ablation_fit","CC-GP",12,89,1
"study2","primary_q2","primary_proxy_dimension","ablation_fit","CC-GP",12,90,1
"study2","primary_q2","primary_proxy_dimension","ablation_fit","CC-GP",12,91,1
"study2","primary_q2","primary_proxy_dimension","ablation_fit","CC-GP",12,92,1
"study2","primary_q2","primary_proxy_dimension","ablation_fit","CC-GP",12,93,1
"study2","primary_q2","primary_proxy_dimension","ablation_fit","CC-GP",12,94,1
"study2","primary_q2","primary_proxy_dimension","ablation_fit","CC-GP",12,95,1
"study2","primary_q2","primary_proxy_dimension","ablation_fit","CC-GP",12,96,1
"study2","primary_q2","primary_proxy_dimension","ablation_fit","CC-GP",12,97,1
"study2","primary_q2","primary_proxy_dimension","ablation_fit","CC-GP",12,98,1
"study2","primary_q2","primary_proxy_dimension","ablation_fit","CC-GP",12,99,1
"study2","primary_q2","primary_proxy_dimension","ablation_fit","CC-GP",12,100,1
"study2","primary_q3","primary_proxy_dimension","frozen_data","DGM",,1,1
"study2","primary_q3","primary_proxy_dimension","frozen_data","DGM",,2,1
"study2","primary_q3","primary_proxy_dimension","frozen_data","DGM",,3,1
"study2","primary_q3","primary_proxy_dimension","frozen_data","DGM",,4,1
"study2","primary_q3","primary_proxy_dimension","frozen_data","DGM",,5,1
"study2","primary_q3","primary_proxy_dimension","frozen_data","DGM",,6,1
"study2","primary_q3","primary_proxy_dimension","frozen_data","DGM",,7,1
"study2","primary_q3","primary_proxy_dimension","frozen_data","DGM",,8,1
"study2","primary_q3","primary_proxy_dimension","frozen_data","DGM",,9,1
"study2","primary_q3","primary_proxy_dimension","frozen_data","DGM",,10,1
"study2","primary_q3","primary_proxy_dimension","frozen_data","DGM",,11,1
"study2","primary_q3","primary_proxy_dimension","frozen_data","DGM",,12,1
"study2","primary_q3","primary_proxy_dimension","frozen_data","DGM",,13,1
"study2","primary_q3","primary_proxy_dimension","frozen_data","DGM",,14,1
"study2","primary_q3","primary_proxy_dimension","frozen_data","DGM",,15,1
"study2","primary_q3","primary_proxy_dimension","frozen_data","DGM",,16,1
"study2","primary_q3","primary_proxy_dimension","frozen_data","DGM",,17,1
"study2","primary_q3","primary_proxy_dimension","frozen_data","DGM",,18,1
"study2","primary_q3","primary_proxy_dimension","frozen_data","DGM",,19,1
"study2","primary_q3","primary_proxy_dimension","frozen_data","DGM",,20,1
"study2","primary_q3","primary_proxy_dimension","frozen_data","DGM",,21,1
"study2","primary_q3","primary_proxy_dimension","frozen_data","DGM",,22,1
"study2","primary_q3","primary_proxy_dimension","frozen_data","DGM",,23,1
"study2","primary_q3","primary_proxy_dimension","frozen_data","DGM",,24,1
"study2","primary_q3","primary_proxy_dimension","frozen_data","DGM",,25,1
"study2","primary_q3","primary_proxy_dimension","frozen_data","DGM",,26,1
"study2","primary_q3","primary_proxy_dimension","frozen_data","DGM",,27,1
"study2","primary_q3","primary_proxy_dimension","frozen_data","DGM",,28,1
"study2","primary_q3","primary_proxy_dimension","frozen_data","DGM",,29,1
"study2","primary_q3","primary_proxy_dimension","frozen_data","DGM",,30,1
"study2","primary_q3","primary_proxy_dimension","frozen_data","DGM",,31,1
"study2","primary_q3","primary_proxy_dimension","frozen_data","DGM",,32,1
"study2","primary_q3","primary_proxy_dimension","frozen_data","DGM",,33,1
"study2","primary_q3","primary_proxy_dimension","frozen_data","DGM",,34,1
"study2","primary_q3","primary_proxy_dimension","frozen_data","DGM",,35,1
"study2","primary_q3","primary_proxy_dimension","frozen_data","DGM",,36,1
"study2","primary_q3","primary_proxy_dimension","frozen_data","DGM",,37,1
"study2","primary_q3","primary_proxy_dimension","frozen_data","DGM",,38,1
"study2","primary_q3","primary_proxy_dimension","frozen_data","DGM",,39,1
"study2","primary_q3","primary_proxy_dimension","frozen_data","DGM",,40,1
"study2","primary_q3","primary_proxy_dimension","frozen_data","DGM",,41,1
"study2","primary_q3","primary_proxy_dimension","frozen_data","DGM",,42,1
"study2","primary_q3","primary_proxy_dimension","frozen_data","DGM",,43,1
"study2","primary_q3","primary_proxy_dimension","frozen_data","DGM",,44,1
"study2","primary_q3","primary_proxy_dimension","frozen_data","DGM",,45,1
"study2","primary_q3","primary_proxy_dimension","frozen_data","DGM",,46,1
"study2","primary_q3","primary_proxy_dimension","frozen_data","DGM",,47,1
"study2","primary_q3","primary_proxy_dimension","frozen_data","DGM",,48,1
"study2","primary_q3","primary_proxy_dimension","frozen_data","DGM",,49,1
"study2","primary_q3","primary_proxy_dimension","frozen_data","DGM",,50,1
"study2","primary_q3","primary_proxy_dimension","frozen_data","DGM",,51,1
"study2","primary_q3","primary_proxy_dimension","frozen_data","DGM",,52,1
"study2","primary_q3","primary_proxy_dimension","frozen_data","DGM",,53,1
"study2","primary_q3","primary_proxy_dimension","frozen_data","DGM",,54,1
"study2","primary_q3","primary_proxy_dimension","frozen_data","DGM",,55,1
"study2","primary_q3","primary_proxy_dimension","frozen_data","DGM",,56,1
"study2","primary_q3","primary_proxy_dimension","frozen_data","DGM",,57,1
"study2","primary_q3","primary_proxy_dimension","frozen_data","DGM",,58,1
"study2","primary_q3","primary_proxy_dimension","frozen_data","DGM",,59,1
"study2","primary_q3","primary_proxy_dimension","frozen_data","DGM",,60,1
"study2","primary_q3","primary_proxy_dimension","frozen_data","DGM",,61,1
"study2","primary_q3","primary_proxy_dimension","frozen_data","DGM",,62,1
"study2","primary_q3","primary_proxy_dimension","frozen_data","DGM",,63,1
"study2","primary_q3","primary_proxy_dimension","frozen_data","DGM",,64,1
"study2","primary_q3","primary_proxy_dimension","frozen_data","DGM",,65,1
"study2","primary_q3","primary_proxy_dimension","frozen_data","DGM",,66,1
"study2","primary_q3","primary_proxy_dimension","frozen_data","DGM",,67,1
"study2","primary_q3","primary_proxy_dimension","frozen_data","DGM",,68,1
"study2","primary_q3","primary_proxy_dimension","frozen_data","DGM",,69,1
"study2","primary_q3","primary_proxy_dimension","frozen_data","DGM",,70,1
"study2","primary_q3","primary_proxy_dimension","frozen_data","DGM",,71,1
"study2","primary_q3","primary_proxy_dimension","frozen_data","DGM",,72,1
"study2","primary_q3","primary_proxy_dimension","frozen_data","DGM",,73,1
"study2","primary_q3","primary_proxy_dimension","frozen_data","DGM",,74,1
"study2","primary_q3","primary_proxy_dimension","frozen_data","DGM",,75,1
"study2","primary_q3","primary_proxy_dimension","frozen_data","DGM",,76,1
"study2","primary_q3","primary_proxy_dimension","frozen_data","DGM",,77,1
"study2","primary_q3","primary_proxy_dimension","frozen_data","DGM",,78,1
"study2","primary_q3","primary_proxy_dimension","frozen_data","DGM",,79,1
"study2","primary_q3","primary_proxy_dimension","frozen_data","DGM",,80,1
"study2","primary_q3","primary_proxy_dimension","frozen_data","DGM",,81,1
"study2","primary_q3","primary_proxy_dimension","frozen_data","DGM",,82,1
"study2","primary_q3","primary_proxy_dimension","frozen_data","DGM",,83,1
"study2","primary_q3","primary_proxy_dimension","frozen_data","DGM",,84,1
"study2","primary_q3","primary_proxy_dimension","frozen_data","DGM",,85,1
"study2","primary_q3","primary_proxy_dimension","frozen_data","DGM",,86,1
"study2","primary_q3","primary_proxy_dimension","frozen_data","DGM",,87,1
"study2","primary_q3","primary_proxy_dimension","frozen_data","DGM",,88,1
"study2","primary_q3","primary_proxy_dimension","frozen_data","DGM",,89,1
"study2","primary_q3","primary_proxy_dimension","frozen_data","DGM",,90,1
"study2","primary_q3","primary_proxy_dimension","frozen_data","DGM",,91,1
"study2","primary_q3","primary_proxy_dimension","frozen_data","DGM",,92,1
"study2","primary_q3","primary_proxy_dimension","frozen_data","DGM",,93,1
"study2","primary_q3","primary_proxy_dimension","frozen_data","DGM",,94,1
"study2","primary_q3","primary_proxy_dimension","frozen_data","DGM",,95,1
"study2","primary_q3","primary_proxy_dimension","frozen_data","DGM",,96,1
"study2","primary_q3","primary_proxy_dimension","frozen_data","DGM",,97,1
"study2","primary_q3","primary_proxy_dimension","frozen_data","DGM",,98,1
"study2","primary_q3","primary_proxy_dimension","frozen_data","DGM",,99,1
"study2","primary_q3","primary_proxy_dimension","frozen_data","DGM",,100,1
"study2","primary_q3","primary_proxy_dimension","prediction_truth","DGM oracle",,1,1
"study2","primary_q3","primary_proxy_dimension","prediction_truth","DGM oracle",,2,1
"study2","primary_q3","primary_proxy_dimension","prediction_truth","DGM oracle",,3,1
"study2","primary_q3","primary_proxy_dimension","prediction_truth","DGM oracle",,4,1
"study2","primary_q3","primary_proxy_dimension","prediction_truth","DGM oracle",,5,1
"study2","primary_q3","primary_proxy_dimension","prediction_truth","DGM oracle",,6,1
"study2","primary_q3","primary_proxy_dimension","prediction_truth","DGM oracle",,7,1
"study2","primary_q3","primary_proxy_dimension","prediction_truth","DGM oracle",,8,1
"study2","primary_q3","primary_proxy_dimension","prediction_truth","DGM oracle",,9,1
"study2","primary_q3","primary_proxy_dimension","prediction_truth","DGM oracle",,10,1
"study2","primary_q3","primary_proxy_dimension","prediction_truth","DGM oracle",,11,1
"study2","primary_q3","primary_proxy_dimension","prediction_truth","DGM oracle",,12,1
"study2","primary_q3","primary_proxy_dimension","prediction_truth","DGM oracle",,13,1
"study2","primary_q3","primary_proxy_dimension","prediction_truth","DGM oracle",,14,1
"study2","primary_q3","primary_proxy_dimension","prediction_truth","DGM oracle",,15,1
"study2","primary_q3","primary_proxy_dimension","prediction_truth","DGM oracle",,16,1
"study2","primary_q3","primary_proxy_dimension","prediction_truth","DGM oracle",,17,1
"study2","primary_q3","primary_proxy_dimension","prediction_truth","DGM oracle",,18,1
"study2","primary_q3","primary_proxy_dimension","prediction_truth","DGM oracle",,19,1
"study2","primary_q3","primary_proxy_dimension","prediction_truth","DGM oracle",,20,1
"study2","primary_q3","primary_proxy_dimension","prediction_truth","DGM oracle",,21,1
"study2","primary_q3","primary_proxy_dimension","prediction_truth","DGM oracle",,22,1
"study2","primary_q3","primary_proxy_dimension","prediction_truth","DGM oracle",,23,1
"study2","primary_q3","primary_proxy_dimension","prediction_truth","DGM oracle",,24,1
"study2","primary_q3","primary_proxy_dimension","prediction_truth","DGM oracle",,25,1
"study2","primary_q3","primary_proxy_dimension","prediction_truth","DGM oracle",,26,1
"study2","primary_q3","primary_proxy_dimension","prediction_truth","DGM oracle",,27,1
"study2","primary_q3","primary_proxy_dimension","prediction_truth","DGM oracle",,28,1
"study2","primary_q3","primary_proxy_dimension","prediction_truth","DGM oracle",,29,1
"study2","primary_q3","primary_proxy_dimension","prediction_truth","DGM oracle",,30,1
"study2","primary_q3","primary_proxy_dimension","prediction_truth","DGM oracle",,31,1
"study2","primary_q3","primary_proxy_dimension","prediction_truth","DGM oracle",,32,1
"study2","primary_q3","primary_proxy_dimension","prediction_truth","DGM oracle",,33,1
"study2","primary_q3","primary_proxy_dimension","prediction_truth","DGM oracle",,34,1
"study2","primary_q3","primary_proxy_dimension","prediction_truth","DGM oracle",,35,1
"study2","primary_q3","primary_proxy_dimension","prediction_truth","DGM oracle",,36,1
"study2","primary_q3","primary_proxy_dimension","prediction_truth","DGM oracle",,37,1
"study2","primary_q3","primary_proxy_dimension","prediction_truth","DGM oracle",,38,1
"study2","primary_q3","primary_proxy_dimension","prediction_truth","DGM oracle",,39,1
"study2","primary_q3","primary_proxy_dimension","prediction_truth","DGM oracle",,40,1
"study2","primary_q3","primary_proxy_dimension","prediction_truth","DGM oracle",,41,1
"study2","primary_q3","primary_proxy_dimension","prediction_truth","DGM oracle",,42,1
"study2","primary_q3","primary_proxy_dimension","prediction_truth","DGM oracle",,43,1
"study2","primary_q3","primary_proxy_dimension","prediction_truth","DGM oracle",,44,1
"study2","primary_q3","primary_proxy_dimension","prediction_truth","DGM oracle",,45,1
"study2","primary_q3","primary_proxy_dimension","prediction_truth","DGM oracle",,46,1
"study2","primary_q3","primary_proxy_dimension","prediction_truth","DGM oracle",,47,1
"study2","primary_q3","primary_proxy_dimension","prediction_truth","DGM oracle",,48,1
"study2","primary_q3","primary_proxy_dimension","prediction_truth","DGM oracle",,49,1
"study2","primary_q3","primary_proxy_dimension","prediction_truth","DGM oracle",,50,1
"study2","primary_q3","primary_proxy_dimension","prediction_truth","DGM oracle",,51,1
"study2","primary_q3","primary_proxy_dimension","prediction_truth","DGM oracle",,52,1
"study2","primary_q3","primary_proxy_dimension","prediction_truth","DGM oracle",,53,1
"study2","primary_q3","primary_proxy_dimension","prediction_truth","DGM oracle",,54,1
"study2","primary_q3","primary_proxy_dimension","prediction_truth","DGM oracle",,55,1
"study2","primary_q3","primary_proxy_dimension","prediction_truth","DGM oracle",,56,1
"study2","primary_q3","primary_proxy_dimension","prediction_truth","DGM oracle",,57,1
"study2","primary_q3","primary_proxy_dimension","prediction_truth","DGM oracle",,58,1
"study2","primary_q3","primary_proxy_dimension","prediction_truth","DGM oracle",,59,1
"study2","primary_q3","primary_proxy_dimension","prediction_truth","DGM oracle",,60,1
"study2","primary_q3","primary_proxy_dimension","prediction_truth","DGM oracle",,61,1
"study2","primary_q3","primary_proxy_dimension","prediction_truth","DGM oracle",,62,1
"study2","primary_q3","primary_proxy_dimension","prediction_truth","DGM oracle",,63,1
"study2","primary_q3","primary_proxy_dimension","prediction_truth","DGM oracle",,64,1
"study2","primary_q3","primary_proxy_dimension","prediction_truth","DGM oracle",,65,1
"study2","primary_q3","primary_proxy_dimension","prediction_truth","DGM oracle",,66,1
"study2","primary_q3","primary_proxy_dimension","prediction_truth","DGM oracle",,67,1
"study2","primary_q3","primary_proxy_dimension","prediction_truth","DGM oracle",,68,1
"study2","primary_q3","primary_proxy_dimension","prediction_truth","DGM oracle",,69,1
"study2","primary_q3","primary_proxy_dimension","prediction_truth","DGM oracle",,70,1
"study2","primary_q3","primary_proxy_dimension","prediction_truth","DGM oracle",,71,1
"study2","primary_q3","primary_proxy_dimension","prediction_truth","DGM oracle",,72,1
"study2","primary_q3","primary_proxy_dimension","prediction_truth","DGM oracle",,73,1
"study2","primary_q3","primary_proxy_dimension","prediction_truth","DGM oracle",,74,1
"study2","primary_q3","primary_proxy_dimension","prediction_truth","DGM oracle",,75,1
"study2","primary_q3","primary_proxy_dimension","prediction_truth","DGM oracle",,76,1
"study2","primary_q3","primary_proxy_dimension","prediction_truth","DGM oracle",,77,1
"study2","primary_q3","primary_proxy_dimension","prediction_truth","DGM oracle",,78,1
"study2","primary_q3","primary_proxy_dimension","prediction_truth","DGM oracle",,79,1
"study2","primary_q3","primary_proxy_dimension","prediction_truth","DGM oracle",,80,1
"study2","primary_q3","primary_proxy_dimension","prediction_truth","DGM oracle",,81,1
"study2","primary_q3","primary_proxy_dimension","prediction_truth","DGM oracle",,82,1
"study2","primary_q3","primary_proxy_dimension","prediction_truth","DGM oracle",,83,1
"study2","primary_q3","primary_proxy_dimension","prediction_truth","DGM oracle",,84,1
"study2","primary_q3","primary_proxy_dimension","prediction_truth","DGM oracle",,85,1
"study2","primary_q3","primary_proxy_dimension","prediction_truth","DGM oracle",,86,1
"study2","primary_q3","primary_proxy_dimension","prediction_truth","DGM oracle",,87,1
"study2","primary_q3","primary_proxy_dimension","prediction_truth","DGM oracle",,88,1
"study2","primary_q3","primary_proxy_dimension","prediction_truth","DGM oracle",,89,1
"study2","primary_q3","primary_proxy_dimension","prediction_truth","DGM oracle",,90,1
"study2","primary_q3","primary_proxy_dimension","prediction_truth","DGM oracle",,91,1
"study2","primary_q3","primary_proxy_dimension","prediction_truth","DGM oracle",,92,1
"study2","primary_q3","primary_proxy_dimension","prediction_truth","DGM oracle",,93,1
"study2","primary_q3","primary_proxy_dimension","prediction_truth","DGM oracle",,94,1
"study2","primary_q3","primary_proxy_dimension","prediction_truth","DGM oracle",,95,1
"study2","primary_q3","primary_proxy_dimension","prediction_truth","DGM oracle",,96,1
"study2","primary_q3","primary_proxy_dimension","prediction_truth","DGM oracle",,97,1
"study2","primary_q3","primary_proxy_dimension","prediction_truth","DGM oracle",,98,1
"study2","primary_q3","primary_proxy_dimension","prediction_truth","DGM oracle",,99,1
"study2","primary_q3","primary_proxy_dimension","prediction_truth","DGM oracle",,100,1
"study2","primary_q3","primary_proxy_dimension","published_fit","UC-GP",,1,1
"study2","primary_q3","primary_proxy_dimension","published_fit","UC-GP",,2,1
"study2","primary_q3","primary_proxy_dimension","published_fit","UC-GP",,3,1
"study2","primary_q3","primary_proxy_dimension","published_fit","UC-GP",,4,1
"study2","primary_q3","primary_proxy_dimension","published_fit","UC-GP",,5,1
"study2","primary_q3","primary_proxy_dimension","published_fit","UC-GP",,6,1
"study2","primary_q3","primary_proxy_dimension","published_fit","UC-GP",,7,1
"study2","primary_q3","primary_proxy_dimension","published_fit","UC-GP",,8,1
"study2","primary_q3","primary_proxy_dimension","published_fit","UC-GP",,9,1
"study2","primary_q3","primary_proxy_dimension","published_fit","UC-GP",,10,1
"study2","primary_q3","primary_proxy_dimension","published_fit","UC-GP",,11,1
"study2","primary_q3","primary_proxy_dimension","published_fit","UC-GP",,12,1
"study2","primary_q3","primary_proxy_dimension","published_fit","UC-GP",,13,1
"study2","primary_q3","primary_proxy_dimension","published_fit","UC-GP",,14,1
"study2","primary_q3","primary_proxy_dimension","published_fit","UC-GP",,15,1
"study2","primary_q3","primary_proxy_dimension","published_fit","UC-GP",,16,1
"study2","primary_q3","primary_proxy_dimension","published_fit","UC-GP",,17,1
"study2","primary_q3","primary_proxy_dimension","published_fit","UC-GP",,18,1
"study2","primary_q3","primary_proxy_dimension","published_fit","UC-GP",,19,1
"study2","primary_q3","primary_proxy_dimension","published_fit","UC-GP",,20,1
"study2","primary_q3","primary_proxy_dimension","published_fit","UC-GP",,21,1
"study2","primary_q3","primary_proxy_dimension","published_fit","UC-GP",,22,1
"study2","primary_q3","primary_proxy_dimension","published_fit","UC-GP",,23,1
"study2","primary_q3","primary_proxy_dimension","published_fit","UC-GP",,24,1
"study2","primary_q3","primary_proxy_dimension","published_fit","UC-GP",,25,1
"study2","primary_q3","primary_proxy_dimension","published_fit","UC-GP",,26,1
"study2","primary_q3","primary_proxy_dimension","published_fit","UC-GP",,27,1
"study2","primary_q3","primary_proxy_dimension","published_fit","UC-GP",,28,1
"study2","primary_q3","primary_proxy_dimension","published_fit","UC-GP",,29,1
"study2","primary_q3","primary_proxy_dimension","published_fit","UC-GP",,30,1
"study2","primary_q3","primary_proxy_dimension","published_fit","UC-GP",,31,1
"study2","primary_q3","primary_proxy_dimension","published_fit","UC-GP",,32,1
"study2","primary_q3","primary_proxy_dimension","published_fit","UC-GP",,33,1
"study2","primary_q3","primary_proxy_dimension","published_fit","UC-GP",,34,1
"study2","primary_q3","primary_proxy_dimension","published_fit","UC-GP",,35,1
"study2","primary_q3","primary_proxy_dimension","published_fit","UC-GP",,36,1
"study2","primary_q3","primary_proxy_dimension","published_fit","UC-GP",,37,1
"study2","primary_q3","primary_proxy_dimension","published_fit","UC-GP",,38,1
"study2","primary_q3","primary_proxy_dimension","published_fit","UC-GP",,39,1
"study2","primary_q3","primary_proxy_dimension","published_fit","UC-GP",,40,1
"study2","primary_q3","primary_proxy_dimension","published_fit","UC-GP",,41,1
"study2","primary_q3","primary_proxy_dimension","published_fit","UC-GP",,42,1
"study2","primary_q3","primary_proxy_dimension","published_fit","UC-GP",,43,1
"study2","primary_q3","primary_proxy_dimension","published_fit","UC-GP",,44,1
"study2","primary_q3","primary_proxy_dimension","published_fit","UC-GP",,45,1
"study2","primary_q3","primary_proxy_dimension","published_fit","UC-GP",,46,1
"study2","primary_q3","primary_proxy_dimension","published_fit","UC-GP",,47,1
"study2","primary_q3","primary_proxy_dimension","published_fit","UC-GP",,48,1
"study2","primary_q3","primary_proxy_dimension","published_fit","UC-GP",,49,1
"study2","primary_q3","primary_proxy_dimension","published_fit","UC-GP",,50,1
"study2","primary_q3","primary_proxy_dimension","published_fit","UC-GP",,51,1
"study2","primary_q3","primary_proxy_dimension","published_fit","UC-GP",,52,1
"study2","primary_q3","primary_proxy_dimension","published_fit","UC-GP",,53,1
"study2","primary_q3","primary_proxy_dimension","published_fit","UC-GP",,54,1
"study2","primary_q3","primary_proxy_dimension","published_fit","UC-GP",,55,1
"study2","primary_q3","primary_proxy_dimension","published_fit","UC-GP",,56,1
"study2","primary_q3","primary_proxy_dimension","published_fit","UC-GP",,57,1
"study2","primary_q3","primary_proxy_dimension","published_fit","UC-GP",,58,1
"study2","primary_q3","primary_proxy_dimension","published_fit","UC-GP",,59,1
"study2","primary_q3","primary_proxy_dimension","published_fit","UC-GP",,60,1
"study2","primary_q3","primary_proxy_dimension","published_fit","UC-GP",,61,1
"study2","primary_q3","primary_proxy_dimension","published_fit","UC-GP",,62,1
"study2","primary_q3","primary_proxy_dimension","published_fit","UC-GP",,63,1
"study2","primary_q3","primary_proxy_dimension","published_fit","UC-GP",,64,1
"study2","primary_q3","primary_proxy_dimension","published_fit","UC-GP",,65,1
"study2","primary_q3","primary_proxy_dimension","published_fit","UC-GP",,66,1
"study2","primary_q3","primary_proxy_dimension","published_fit","UC-GP",,67,1
"study2","primary_q3","primary_proxy_dimension","published_fit","UC-GP",,68,1
"study2","primary_q3","primary_proxy_dimension","published_fit","UC-GP",,69,1
"study2","primary_q3","primary_proxy_dimension","published_fit","UC-GP",,70,1
"study2","primary_q3","primary_proxy_dimension","published_fit","UC-GP",,71,1
"study2","primary_q3","primary_proxy_dimension","published_fit","UC-GP",,72,1
"study2","primary_q3","primary_proxy_dimension","published_fit","UC-GP",,73,1
"study2","primary_q3","primary_proxy_dimension","published_fit","UC-GP",,74,1
"study2","primary_q3","primary_proxy_dimension","published_fit","UC-GP",,75,1
"study2","primary_q3","primary_proxy_dimension","published_fit","UC-GP",,76,1
"study2","primary_q3","primary_proxy_dimension","published_fit","UC-GP",,77,1
"study2","primary_q3","primary_proxy_dimension","published_fit","UC-GP",,78,1
"study2","primary_q3","primary_proxy_dimension","published_fit","UC-GP",,79,1
"study2","primary_q3","primary_proxy_dimension","published_fit","UC-GP",,80,1
"study2","primary_q3","primary_proxy_dimension","published_fit","UC-GP",,81,1
"study2","primary_q3","primary_proxy_dimension","published_fit","UC-GP",,82,1
"study2","primary_q3","primary_proxy_dimension","published_fit","UC-GP",,83,1
"study2","primary_q3","primary_proxy_dimension","published_fit","UC-GP",,84,1
"study2","primary_q3","primary_proxy_dimension","published_fit","UC-GP",,85,1
"study2","primary_q3","primary_proxy_dimension","published_fit","UC-GP",,86,1
"study2","primary_q3","primary_proxy_dimension","published_fit","UC-GP",,87,1
"study2","primary_q3","primary_proxy_dimension","published_fit","UC-GP",,88,1
"study2","primary_q3","primary_proxy_dimension","published_fit","UC-GP",,89,1
"study2","primary_q3","primary_proxy_dimension","published_fit","UC-GP",,90,1
"study2","primary_q3","primary_proxy_dimension","published_fit","UC-GP",,91,1
"study2","primary_q3","primary_proxy_dimension","published_fit","UC-GP",,92,1
"study2","primary_q3","primary_proxy_dimension","published_fit","UC-GP",,93,1
"study2","primary_q3","primary_proxy_dimension","published_fit","UC-GP",,94,1
"study2","primary_q3","primary_proxy_dimension","published_fit","UC-GP",,95,1
"study2","primary_q3","primary_proxy_dimension","published_fit","UC-GP",,96,1
"study2","primary_q3","primary_proxy_dimension","published_fit","UC-GP",,97,1
"study2","primary_q3","primary_proxy_dimension","published_fit","UC-GP",,98,1
"study2","primary_q3","primary_proxy_dimension","published_fit","UC-GP",,99,1
"study2","primary_q3","primary_proxy_dimension","published_fit","UC-GP",,100,1
"study2","primary_q3","primary_proxy_dimension","published_fit","LVGP",,1,1
"study2","primary_q3","primary_proxy_dimension","published_fit","LVGP",,2,1
"study2","primary_q3","primary_proxy_dimension","published_fit","LVGP",,3,1
"study2","primary_q3","primary_proxy_dimension","published_fit","LVGP",,4,1
"study2","primary_q3","primary_proxy_dimension","published_fit","LVGP",,5,1
"study2","primary_q3","primary_proxy_dimension","published_fit","LVGP",,6,1
"study2","primary_q3","primary_proxy_dimension","published_fit","LVGP",,7,1
"study2","primary_q3","primary_proxy_dimension","published_fit","LVGP",,8,1
"study2","primary_q3","primary_proxy_dimension","published_fit","LVGP",,9,1
"study2","primary_q3","primary_proxy_dimension","published_fit","LVGP",,10,1
"study2","primary_q3","primary_proxy_dimension","published_fit","LVGP",,11,1
"study2","primary_q3","primary_proxy_dimension","published_fit","LVGP",,12,1
"study2","primary_q3","primary_proxy_dimension","published_fit","LVGP",,13,1
"study2","primary_q3","primary_proxy_dimension","published_fit","LVGP",,14,1
"study2","primary_q3","primary_proxy_dimension","published_fit","LVGP",,15,1
"study2","primary_q3","primary_proxy_dimension","published_fit","LVGP",,16,1
"study2","primary_q3","primary_proxy_dimension","published_fit","LVGP",,17,1
"study2","primary_q3","primary_proxy_dimension","published_fit","LVGP",,18,1
"study2","primary_q3","primary_proxy_dimension","published_fit","LVGP",,19,1
"study2","primary_q3","primary_proxy_dimension","published_fit","LVGP",,20,1
"study2","primary_q3","primary_proxy_dimension","published_fit","LVGP",,21,1
"study2","primary_q3","primary_proxy_dimension","published_fit","LVGP",,22,1
"study2","primary_q3","primary_proxy_dimension","published_fit","LVGP",,23,1
"study2","primary_q3","primary_proxy_dimension","published_fit","LVGP",,24,1
"study2","primary_q3","primary_proxy_dimension","published_fit","LVGP",,25,1
"study2","primary_q3","primary_proxy_dimension","published_fit","LVGP",,26,1
"study2","primary_q3","primary_proxy_dimension","published_fit","LVGP",,27,1
"study2","primary_q3","primary_proxy_dimension","published_fit","LVGP",,28,1
"study2","primary_q3","primary_proxy_dimension","published_fit","LVGP",,29,1
"study2","primary_q3","primary_proxy_dimension","published_fit","LVGP",,30,1
"study2","primary_q3","primary_proxy_dimension","published_fit","LVGP",,31,1
"study2","primary_q3","primary_proxy_dimension","published_fit","LVGP",,32,1
"study2","primary_q3","primary_proxy_dimension","published_fit","LVGP",,33,1
"study2","primary_q3","primary_proxy_dimension","published_fit","LVGP",,34,1
"study2","primary_q3","primary_proxy_dimension","published_fit","LVGP",,35,1
"study2","primary_q3","primary_proxy_dimension","published_fit","LVGP",,36,1
"study2","primary_q3","primary_proxy_dimension","published_fit","LVGP",,37,1
"study2","primary_q3","primary_proxy_dimension","published_fit","LVGP",,38,1
"study2","primary_q3","primary_proxy_dimension","published_fit","LVGP",,39,1
"study2","primary_q3","primary_proxy_dimension","published_fit","LVGP",,40,1
"study2","primary_q3","primary_proxy_dimension","published_fit","LVGP",,41,1
"study2","primary_q3","primary_proxy_dimension","published_fit","LVGP",,42,1
"study2","primary_q3","primary_proxy_dimension","published_fit","LVGP",,43,1
"study2","primary_q3","primary_proxy_dimension","published_fit","LVGP",,44,1
"study2","primary_q3","primary_proxy_dimension","published_fit","LVGP",,45,1
"study2","primary_q3","primary_proxy_dimension","published_fit","LVGP",,46,1
"study2","primary_q3","primary_proxy_dimension","published_fit","LVGP",,47,1
"study2","primary_q3","primary_proxy_dimension","published_fit","LVGP",,48,1
"study2","primary_q3","primary_proxy_dimension","published_fit","LVGP",,49,1
"study2","primary_q3","primary_proxy_dimension","published_fit","LVGP",,50,1
"study2","primary_q3","primary_proxy_dimension","published_fit","LVGP",,51,1
"study2","primary_q3","primary_proxy_dimension","published_fit","LVGP",,52,1
"study2","primary_q3","primary_proxy_dimension","published_fit","LVGP",,53,1
"study2","primary_q3","primary_proxy_dimension","published_fit","LVGP",,54,1
"study2","primary_q3","primary_proxy_dimension","published_fit","LVGP",,55,1
"study2","primary_q3","primary_proxy_dimension","published_fit","LVGP",,56,1
"study2","primary_q3","primary_proxy_dimension","published_fit","LVGP",,57,1
"study2","primary_q3","primary_proxy_dimension","published_fit","LVGP",,58,1
"study2","primary_q3","primary_proxy_dimension","published_fit","LVGP",,59,1
"study2","primary_q3","primary_proxy_dimension","published_fit","LVGP",,60,1
"study2","primary_q3","primary_proxy_dimension","published_fit","LVGP",,61,1
"study2","primary_q3","primary_proxy_dimension","published_fit","LVGP",,62,1
"study2","primary_q3","primary_proxy_dimension","published_fit","LVGP",,63,1
"study2","primary_q3","primary_proxy_dimension","published_fit","LVGP",,64,1
"study2","primary_q3","primary_proxy_dimension","published_fit","LVGP",,65,1
"study2","primary_q3","primary_proxy_dimension","published_fit","LVGP",,66,1
"study2","primary_q3","primary_proxy_dimension","published_fit","LVGP",,67,1
"study2","primary_q3","primary_proxy_dimension","published_fit","LVGP",,68,1
"study2","primary_q3","primary_proxy_dimension","published_fit","LVGP",,69,1
"study2","primary_q3","primary_proxy_dimension","published_fit","LVGP",,70,1
"study2","primary_q3","primary_proxy_dimension","published_fit","LVGP",,71,1
"study2","primary_q3","primary_proxy_dimension","published_fit","LVGP",,72,1
"study2","primary_q3","primary_proxy_dimension","published_fit","LVGP",,73,1
"study2","primary_q3","primary_proxy_dimension","published_fit","LVGP",,74,1
"study2","primary_q3","primary_proxy_dimension","published_fit","LVGP",,75,1
"study2","primary_q3","primary_proxy_dimension","published_fit","LVGP",,76,1
"study2","primary_q3","primary_proxy_dimension","published_fit","LVGP",,77,1
"study2","primary_q3","primary_proxy_dimension","published_fit","LVGP",,78,1
"study2","primary_q3","primary_proxy_dimension","published_fit","LVGP",,79,1
"study2","primary_q3","primary_proxy_dimension","published_fit","LVGP",,80,1
"study2","primary_q3","primary_proxy_dimension","published_fit","LVGP",,81,1
"study2","primary_q3","primary_proxy_dimension","published_fit","LVGP",,82,1
"study2","primary_q3","primary_proxy_dimension","published_fit","LVGP",,83,1
"study2","primary_q3","primary_proxy_dimension","published_fit","LVGP",,84,1
"study2","primary_q3","primary_proxy_dimension","published_fit","LVGP",,85,1
"study2","primary_q3","primary_proxy_dimension","published_fit","LVGP",,86,1
"study2","primary_q3","primary_proxy_dimension","published_fit","LVGP",,87,1
"study2","primary_q3","primary_proxy_dimension","published_fit","LVGP",,88,1
"study2","primary_q3","primary_proxy_dimension","published_fit","LVGP",,89,1
"study2","primary_q3","primary_proxy_dimension","published_fit","LVGP",,90,1
"study2","primary_q3","primary_proxy_dimension","published_fit","LVGP",,91,1
"study2","primary_q3","primary_proxy_dimension","published_fit","LVGP",,92,1
"study2","primary_q3","primary_proxy_dimension","published_fit","LVGP",,93,1
"study2","primary_q3","primary_proxy_dimension","published_fit","LVGP",,94,1
"study2","primary_q3","primary_proxy_dimension","published_fit","LVGP",,95,1
"study2","primary_q3","primary_proxy_dimension","published_fit","LVGP",,96,1
"study2","primary_q3","primary_proxy_dimension","published_fit","LVGP",,97,1
"study2","primary_q3","primary_proxy_dimension","published_fit","LVGP",,98,1
"study2","primary_q3","primary_proxy_dimension","published_fit","LVGP",,99,1
"study2","primary_q3","primary_proxy_dimension","published_fit","LVGP",,100,1
"study2","primary_q3","primary_proxy_dimension","published_fit","EzGP",,1,1
"study2","primary_q3","primary_proxy_dimension","published_fit","EzGP",,2,1
"study2","primary_q3","primary_proxy_dimension","published_fit","EzGP",,3,1
"study2","primary_q3","primary_proxy_dimension","published_fit","EzGP",,4,1
"study2","primary_q3","primary_proxy_dimension","published_fit","EzGP",,5,1
"study2","primary_q3","primary_proxy_dimension","published_fit","EzGP",,6,1
"study2","primary_q3","primary_proxy_dimension","published_fit","EzGP",,7,1
"study2","primary_q3","primary_proxy_dimension","published_fit","EzGP",,8,1
"study2","primary_q3","primary_proxy_dimension","published_fit","EzGP",,9,1
"study2","primary_q3","primary_proxy_dimension","published_fit","EzGP",,10,1
"study2","primary_q3","primary_proxy_dimension","published_fit","EzGP",,11,1
"study2","primary_q3","primary_proxy_dimension","published_fit","EzGP",,12,1
"study2","primary_q3","primary_proxy_dimension","published_fit","EzGP",,13,1
"study2","primary_q3","primary_proxy_dimension","published_fit","EzGP",,14,1
"study2","primary_q3","primary_proxy_dimension","published_fit","EzGP",,15,1
"study2","primary_q3","primary_proxy_dimension","published_fit","EzGP",,16,1
"study2","primary_q3","primary_proxy_dimension","published_fit","EzGP",,17,1
"study2","primary_q3","primary_proxy_dimension","published_fit","EzGP",,18,1
"study2","primary_q3","primary_proxy_dimension","published_fit","EzGP",,19,1
"study2","primary_q3","primary_proxy_dimension","published_fit","EzGP",,20,1
"study2","primary_q3","primary_proxy_dimension","published_fit","EzGP",,21,1
"study2","primary_q3","primary_proxy_dimension","published_fit","EzGP",,22,1
"study2","primary_q3","primary_proxy_dimension","published_fit","EzGP",,23,1
"study2","primary_q3","primary_proxy_dimension","published_fit","EzGP",,24,1
"study2","primary_q3","primary_proxy_dimension","published_fit","EzGP",,25,1
"study2","primary_q3","primary_proxy_dimension","published_fit","EzGP",,26,1
"study2","primary_q3","primary_proxy_dimension","published_fit","EzGP",,27,1
"study2","primary_q3","primary_proxy_dimension","published_fit","EzGP",,28,1
"study2","primary_q3","primary_proxy_dimension","published_fit","EzGP",,29,1
"study2","primary_q3","primary_proxy_dimension","published_fit","EzGP",,30,1
"study2","primary_q3","primary_proxy_dimension","published_fit","EzGP",,31,1
"study2","primary_q3","primary_proxy_dimension","published_fit","EzGP",,32,1
"study2","primary_q3","primary_proxy_dimension","published_fit","EzGP",,33,1
"study2","primary_q3","primary_proxy_dimension","published_fit","EzGP",,34,1
"study2","primary_q3","primary_proxy_dimension","published_fit","EzGP",,35,1
"study2","primary_q3","primary_proxy_dimension","published_fit","EzGP",,36,1
"study2","primary_q3","primary_proxy_dimension","published_fit","EzGP",,37,1
"study2","primary_q3","primary_proxy_dimension","published_fit","EzGP",,38,1
"study2","primary_q3","primary_proxy_dimension","published_fit","EzGP",,39,1
"study2","primary_q3","primary_proxy_dimension","published_fit","EzGP",,40,1
"study2","primary_q3","primary_proxy_dimension","published_fit","EzGP",,41,1
"study2","primary_q3","primary_proxy_dimension","published_fit","EzGP",,42,1
"study2","primary_q3","primary_proxy_dimension","published_fit","EzGP",,43,1
"study2","primary_q3","primary_proxy_dimension","published_fit","EzGP",,44,1
"study2","primary_q3","primary_proxy_dimension","published_fit","EzGP",,45,1
"study2","primary_q3","primary_proxy_dimension","published_fit","EzGP",,46,1
"study2","primary_q3","primary_proxy_dimension","published_fit","EzGP",,47,1
"study2","primary_q3","primary_proxy_dimension","published_fit","EzGP",,48,1
"study2","primary_q3","primary_proxy_dimension","published_fit","EzGP",,49,1
"study2","primary_q3","primary_proxy_dimension","published_fit","EzGP",,50,1
"study2","primary_q3","primary_proxy_dimension","published_fit","EzGP",,51,1
"study2","primary_q3","primary_proxy_dimension","published_fit","EzGP",,52,1
"study2","primary_q3","primary_proxy_dimension","published_fit","EzGP",,53,1
"study2","primary_q3","primary_proxy_dimension","published_fit","EzGP",,54,1
"study2","primary_q3","primary_proxy_dimension","published_fit","EzGP",,55,1
"study2","primary_q3","primary_proxy_dimension","published_fit","EzGP",,56,1
"study2","primary_q3","primary_proxy_dimension","published_fit","EzGP",,57,1
"study2","primary_q3","primary_proxy_dimension","published_fit","EzGP",,58,1
"study2","primary_q3","primary_proxy_dimension","published_fit","EzGP",,59,1
"study2","primary_q3","primary_proxy_dimension","published_fit","EzGP",,60,1
"study2","primary_q3","primary_proxy_dimension","published_fit","EzGP",,61,1
"study2","primary_q3","primary_proxy_dimension","published_fit","EzGP",,62,1
"study2","primary_q3","primary_proxy_dimension","published_fit","EzGP",,63,1
"study2","primary_q3","primary_proxy_dimension","published_fit","EzGP",,64,1
"study2","primary_q3","primary_proxy_dimension","published_fit","EzGP",,65,1
"study2","primary_q3","primary_proxy_dimension","published_fit","EzGP",,66,1
"study2","primary_q3","primary_proxy_dimension","published_fit","EzGP",,67,1
"study2","primary_q3","primary_proxy_dimension","published_fit","EzGP",,68,1
"study2","primary_q3","primary_proxy_dimension","published_fit","EzGP",,69,1
"study2","primary_q3","primary_proxy_dimension","published_fit","EzGP",,70,1
"study2","primary_q3","primary_proxy_dimension","published_fit","EzGP",,71,1
"study2","primary_q3","primary_proxy_dimension","published_fit","EzGP",,72,1
"study2","primary_q3","primary_proxy_dimension","published_fit","EzGP",,73,1
"study2","primary_q3","primary_proxy_dimension","published_fit","EzGP",,74,1
"study2","primary_q3","primary_proxy_dimension","published_fit","EzGP",,75,1
"study2","primary_q3","primary_proxy_dimension","published_fit","EzGP",,76,1
"study2","primary_q3","primary_proxy_dimension","published_fit","EzGP",,77,1
"study2","primary_q3","primary_proxy_dimension","published_fit","EzGP",,78,1
"study2","primary_q3","primary_proxy_dimension","published_fit","EzGP",,79,1
"study2","primary_q3","primary_proxy_dimension","published_fit","EzGP",,80,1
"study2","primary_q3","primary_proxy_dimension","published_fit","EzGP",,81,1
"study2","primary_q3","primary_proxy_dimension","published_fit","EzGP",,82,1
"study2","primary_q3","primary_proxy_dimension","published_fit","EzGP",,83,1
"study2","primary_q3","primary_proxy_dimension","published_fit","EzGP",,84,1
"study2","primary_q3","primary_proxy_dimension","published_fit","EzGP",,85,1
"study2","primary_q3","primary_proxy_dimension","published_fit","EzGP",,86,1
"study2","primary_q3","primary_proxy_dimension","published_fit","EzGP",,87,1
"study2","primary_q3","primary_proxy_dimension","published_fit","EzGP",,88,1
"study2","primary_q3","primary_proxy_dimension","published_fit","EzGP",,89,1
"study2","primary_q3","primary_proxy_dimension","published_fit","EzGP",,90,1
"study2","primary_q3","primary_proxy_dimension","published_fit","EzGP",,91,1
"study2","primary_q3","primary_proxy_dimension","published_fit","EzGP",,92,1
"study2","primary_q3","primary_proxy_dimension","published_fit","EzGP",,93,1
"study2","primary_q3","primary_proxy_dimension","published_fit","EzGP",,94,1
"study2","primary_q3","primary_proxy_dimension","published_fit","EzGP",,95,1
"study2","primary_q3","primary_proxy_dimension","published_fit","EzGP",,96,1
"study2","primary_q3","primary_proxy_dimension","published_fit","EzGP",,97,1
"study2","primary_q3","primary_proxy_dimension","published_fit","EzGP",,98,1
"study2","primary_q3","primary_proxy_dimension","published_fit","EzGP",,99,1
"study2","primary_q3","primary_proxy_dimension","published_fit","EzGP",,100,1
"study2","primary_q3","primary_proxy_dimension","eiv_fit","EIV-GP",12,1,1
"study2","primary_q3","primary_proxy_dimension","eiv_fit","EIV-GP",12,2,1
"study2","primary_q3","primary_proxy_dimension","eiv_fit","EIV-GP",12,3,1
"study2","primary_q3","primary_proxy_dimension","eiv_fit","EIV-GP",12,4,1
"study2","primary_q3","primary_proxy_dimension","eiv_fit","EIV-GP",12,5,1
"study2","primary_q3","primary_proxy_dimension","eiv_fit","EIV-GP",12,6,1
"study2","primary_q3","primary_proxy_dimension","eiv_fit","EIV-GP",12,7,1
"study2","primary_q3","primary_proxy_dimension","eiv_fit","EIV-GP",12,8,1
"study2","primary_q3","primary_proxy_dimension","eiv_fit","EIV-GP",12,9,1
"study2","primary_q3","primary_proxy_dimension","eiv_fit","EIV-GP",12,10,1
"study2","primary_q3","primary_proxy_dimension","eiv_fit","EIV-GP",12,11,1
"study2","primary_q3","primary_proxy_dimension","eiv_fit","EIV-GP",12,12,1
"study2","primary_q3","primary_proxy_dimension","eiv_fit","EIV-GP",12,13,1
"study2","primary_q3","primary_proxy_dimension","eiv_fit","EIV-GP",12,14,1
"study2","primary_q3","primary_proxy_dimension","eiv_fit","EIV-GP",12,15,1
"study2","primary_q3","primary_proxy_dimension","eiv_fit","EIV-GP",12,16,1
"study2","primary_q3","primary_proxy_dimension","eiv_fit","EIV-GP",12,17,1
"study2","primary_q3","primary_proxy_dimension","eiv_fit","EIV-GP",12,18,1
"study2","primary_q3","primary_proxy_dimension","eiv_fit","EIV-GP",12,19,1
"study2","primary_q3","primary_proxy_dimension","eiv_fit","EIV-GP",12,20,1
"study2","primary_q3","primary_proxy_dimension","eiv_fit","EIV-GP",12,21,1
"study2","primary_q3","primary_proxy_dimension","eiv_fit","EIV-GP",12,22,1
"study2","primary_q3","primary_proxy_dimension","eiv_fit","EIV-GP",12,23,1
"study2","primary_q3","primary_proxy_dimension","eiv_fit","EIV-GP",12,24,1
"study2","primary_q3","primary_proxy_dimension","eiv_fit","EIV-GP",12,25,1
"study2","primary_q3","primary_proxy_dimension","eiv_fit","EIV-GP",12,26,1
"study2","primary_q3","primary_proxy_dimension","eiv_fit","EIV-GP",12,27,1
"study2","primary_q3","primary_proxy_dimension","eiv_fit","EIV-GP",12,28,1
"study2","primary_q3","primary_proxy_dimension","eiv_fit","EIV-GP",12,29,1
"study2","primary_q3","primary_proxy_dimension","eiv_fit","EIV-GP",12,30,1
"study2","primary_q3","primary_proxy_dimension","eiv_fit","EIV-GP",12,31,1
"study2","primary_q3","primary_proxy_dimension","eiv_fit","EIV-GP",12,32,1
"study2","primary_q3","primary_proxy_dimension","eiv_fit","EIV-GP",12,33,1
"study2","primary_q3","primary_proxy_dimension","eiv_fit","EIV-GP",12,34,1
"study2","primary_q3","primary_proxy_dimension","eiv_fit","EIV-GP",12,35,1
"study2","primary_q3","primary_proxy_dimension","eiv_fit","EIV-GP",12,36,1
"study2","primary_q3","primary_proxy_dimension","eiv_fit","EIV-GP",12,37,1
"study2","primary_q3","primary_proxy_dimension","eiv_fit","EIV-GP",12,38,1
"study2","primary_q3","primary_proxy_dimension","eiv_fit","EIV-GP",12,39,1
"study2","primary_q3","primary_proxy_dimension","eiv_fit","EIV-GP",12,40,1
"study2","primary_q3","primary_proxy_dimension","eiv_fit","EIV-GP",12,41,1
"study2","primary_q3","primary_proxy_dimension","eiv_fit","EIV-GP",12,42,1
"study2","primary_q3","primary_proxy_dimension","eiv_fit","EIV-GP",12,43,1
"study2","primary_q3","primary_proxy_dimension","eiv_fit","EIV-GP",12,44,1
"study2","primary_q3","primary_proxy_dimension","eiv_fit","EIV-GP",12,45,1
"study2","primary_q3","primary_proxy_dimension","eiv_fit","EIV-GP",12,46,1
"study2","primary_q3","primary_proxy_dimension","eiv_fit","EIV-GP",12,47,1
"study2","primary_q3","primary_proxy_dimension","eiv_fit","EIV-GP",12,48,1
"study2","primary_q3","primary_proxy_dimension","eiv_fit","EIV-GP",12,49,1
"study2","primary_q3","primary_proxy_dimension","eiv_fit","EIV-GP",12,50,1
"study2","primary_q3","primary_proxy_dimension","eiv_fit","EIV-GP",12,51,1
"study2","primary_q3","primary_proxy_dimension","eiv_fit","EIV-GP",12,52,1
"study2","primary_q3","primary_proxy_dimension","eiv_fit","EIV-GP",12,53,1
"study2","primary_q3","primary_proxy_dimension","eiv_fit","EIV-GP",12,54,1
"study2","primary_q3","primary_proxy_dimension","eiv_fit","EIV-GP",12,55,1
"study2","primary_q3","primary_proxy_dimension","eiv_fit","EIV-GP",12,56,1
"study2","primary_q3","primary_proxy_dimension","eiv_fit","EIV-GP",12,57,1
"study2","primary_q3","primary_proxy_dimension","eiv_fit","EIV-GP",12,58,1
"study2","primary_q3","primary_proxy_dimension","eiv_fit","EIV-GP",12,59,1
"study2","primary_q3","primary_proxy_dimension","eiv_fit","EIV-GP",12,60,1
"study2","primary_q3","primary_proxy_dimension","eiv_fit","EIV-GP",12,61,1
"study2","primary_q3","primary_proxy_dimension","eiv_fit","EIV-GP",12,62,1
"study2","primary_q3","primary_proxy_dimension","eiv_fit","EIV-GP",12,63,1
"study2","primary_q3","primary_proxy_dimension","eiv_fit","EIV-GP",12,64,1
"study2","primary_q3","primary_proxy_dimension","eiv_fit","EIV-GP",12,65,1
"study2","primary_q3","primary_proxy_dimension","eiv_fit","EIV-GP",12,66,1
"study2","primary_q3","primary_proxy_dimension","eiv_fit","EIV-GP",12,67,1
"study2","primary_q3","primary_proxy_dimension","eiv_fit","EIV-GP",12,68,1
"study2","primary_q3","primary_proxy_dimension","eiv_fit","EIV-GP",12,69,1
"study2","primary_q3","primary_proxy_dimension","eiv_fit","EIV-GP",12,70,1
"study2","primary_q3","primary_proxy_dimension","eiv_fit","EIV-GP",12,71,1
"study2","primary_q3","primary_proxy_dimension","eiv_fit","EIV-GP",12,72,1
"study2","primary_q3","primary_proxy_dimension","eiv_fit","EIV-GP",12,73,1
"study2","primary_q3","primary_proxy_dimension","eiv_fit","EIV-GP",12,74,1
"study2","primary_q3","primary_proxy_dimension","eiv_fit","EIV-GP",12,75,1
"study2","primary_q3","primary_proxy_dimension","eiv_fit","EIV-GP",12,76,1
"study2","primary_q3","primary_proxy_dimension","eiv_fit","EIV-GP",12,77,1
"study2","primary_q3","primary_proxy_dimension","eiv_fit","EIV-GP",12,78,1
"study2","primary_q3","primary_proxy_dimension","eiv_fit","EIV-GP",12,79,1
"study2","primary_q3","primary_proxy_dimension","eiv_fit","EIV-GP",12,80,1
"study2","primary_q3","primary_proxy_dimension","eiv_fit","EIV-GP",12,81,1
"study2","primary_q3","primary_proxy_dimension","eiv_fit","EIV-GP",12,82,1
"study2","primary_q3","primary_proxy_dimension","eiv_fit","EIV-GP",12,83,1
"study2","primary_q3","primary_proxy_dimension","eiv_fit","EIV-GP",12,84,1
"study2","primary_q3","primary_proxy_dimension","eiv_fit","EIV-GP",12,85,1
"study2","primary_q3","primary_proxy_dimension","eiv_fit","EIV-GP",12,86,1
"study2","primary_q3","primary_proxy_dimension","eiv_fit","EIV-GP",12,87,1
"study2","primary_q3","primary_proxy_dimension","eiv_fit","EIV-GP",12,88,1
"study2","primary_q3","primary_proxy_dimension","eiv_fit","EIV-GP",12,89,1
"study2","primary_q3","primary_proxy_dimension","eiv_fit","EIV-GP",12,90,1
"study2","primary_q3","primary_proxy_dimension","eiv_fit","EIV-GP",12,91,1
"study2","primary_q3","primary_proxy_dimension","eiv_fit","EIV-GP",12,92,1
"study2","primary_q3","primary_proxy_dimension","eiv_fit","EIV-GP",12,93,1
"study2","primary_q3","primary_proxy_dimension","eiv_fit","EIV-GP",12,94,1
"study2","primary_q3","primary_proxy_dimension","eiv_fit","EIV-GP",12,95,1
"study2","primary_q3","primary_proxy_dimension","eiv_fit","EIV-GP",12,96,1
"study2","primary_q3","primary_proxy_dimension","eiv_fit","EIV-GP",12,97,1
"study2","primary_q3","primary_proxy_dimension","eiv_fit","EIV-GP",12,98,1
"study2","primary_q3","primary_proxy_dimension","eiv_fit","EIV-GP",12,99,1
"study2","primary_q3","primary_proxy_dimension","eiv_fit","EIV-GP",12,100,1
"study2","primary_q3","primary_proxy_dimension","ablation_fit","RF-OM",12,1,1
"study2","primary_q3","primary_proxy_dimension","ablation_fit","RF-OM",12,2,1
"study2","primary_q3","primary_proxy_dimension","ablation_fit","RF-OM",12,3,1
"study2","primary_q3","primary_proxy_dimension","ablation_fit","RF-OM",12,4,1
"study2","primary_q3","primary_proxy_dimension","ablation_fit","RF-OM",12,5,1
"study2","primary_q3","primary_proxy_dimension","ablation_fit","RF-OM",12,6,1
"study2","primary_q3","primary_proxy_dimension","ablation_fit","RF-OM",12,7,1
"study2","primary_q3","primary_proxy_dimension","ablation_fit","RF-OM",12,8,1
"study2","primary_q3","primary_proxy_dimension","ablation_fit","RF-OM",12,9,1
"study2","primary_q3","primary_proxy_dimension","ablation_fit","RF-OM",12,10,1
"study2","primary_q3","primary_proxy_dimension","ablation_fit","RF-OM",12,11,1
"study2","primary_q3","primary_proxy_dimension","ablation_fit","RF-OM",12,12,1
"study2","primary_q3","primary_proxy_dimension","ablation_fit","RF-OM",12,13,1
"study2","primary_q3","primary_proxy_dimension","ablation_fit","RF-OM",12,14,1
"study2","primary_q3","primary_proxy_dimension","ablation_fit","RF-OM",12,15,1
"study2","primary_q3","primary_proxy_dimension","ablation_fit","RF-OM",12,16,1
"study2","primary_q3","primary_proxy_dimension","ablation_fit","RF-OM",12,17,1
"study2","primary_q3","primary_proxy_dimension","ablation_fit","RF-OM",12,18,1
"study2","primary_q3","primary_proxy_dimension","ablation_fit","RF-OM",12,19,1
"study2","primary_q3","primary_proxy_dimension","ablation_fit","RF-OM",12,20,1
"study2","primary_q3","primary_proxy_dimension","ablation_fit","RF-OM",12,21,1
"study2","primary_q3","primary_proxy_dimension","ablation_fit","RF-OM",12,22,1
"study2","primary_q3","primary_proxy_dimension","ablation_fit","RF-OM",12,23,1
"study2","primary_q3","primary_proxy_dimension","ablation_fit","RF-OM",12,24,1
"study2","primary_q3","primary_proxy_dimension","ablation_fit","RF-OM",12,25,1
"study2","primary_q3","primary_proxy_dimension","ablation_fit","RF-OM",12,26,1
"study2","primary_q3","primary_proxy_dimension","ablation_fit","RF-OM",12,27,1
"study2","primary_q3","primary_proxy_dimension","ablation_fit","RF-OM",12,28,1
"study2","primary_q3","primary_proxy_dimension","ablation_fit","RF-OM",12,29,1
"study2","primary_q3","primary_proxy_dimension","ablation_fit","RF-OM",12,30,1
"study2","primary_q3","primary_proxy_dimension","ablation_fit","RF-OM",12,31,1
"study2","primary_q3","primary_proxy_dimension","ablation_fit","RF-OM",12,32,1
"study2","primary_q3","primary_proxy_dimension","ablation_fit","RF-OM",12,33,1
"study2","primary_q3","primary_proxy_dimension","ablation_fit","RF-OM",12,34,1
"study2","primary_q3","primary_proxy_dimension","ablation_fit","RF-OM",12,35,1
"study2","primary_q3","primary_proxy_dimension","ablation_fit","RF-OM",12,36,1
"study2","primary_q3","primary_proxy_dimension","ablation_fit","RF-OM",12,37,1
"study2","primary_q3","primary_proxy_dimension","ablation_fit","RF-OM",12,38,1
"study2","primary_q3","primary_proxy_dimension","ablation_fit","RF-OM",12,39,1
"study2","primary_q3","primary_proxy_dimension","ablation_fit","RF-OM",12,40,1
"study2","primary_q3","primary_proxy_dimension","ablation_fit","RF-OM",12,41,1
"study2","primary_q3","primary_proxy_dimension","ablation_fit","RF-OM",12,42,1
"study2","primary_q3","primary_proxy_dimension","ablation_fit","RF-OM",12,43,1
"study2","primary_q3","primary_proxy_dimension","ablation_fit","RF-OM",12,44,1
"study2","primary_q3","primary_proxy_dimension","ablation_fit","RF-OM",12,45,1
"study2","primary_q3","primary_proxy_dimension","ablation_fit","RF-OM",12,46,1
"study2","primary_q3","primary_proxy_dimension","ablation_fit","RF-OM",12,47,1
"study2","primary_q3","primary_proxy_dimension","ablation_fit","RF-OM",12,48,1
"study2","primary_q3","primary_proxy_dimension","ablation_fit","RF-OM",12,49,1
"study2","primary_q3","primary_proxy_dimension","ablation_fit","RF-OM",12,50,1
"study2","primary_q3","primary_proxy_dimension","ablation_fit","RF-OM",12,51,1
"study2","primary_q3","primary_proxy_dimension","ablation_fit","RF-OM",12,52,1
"study2","primary_q3","primary_proxy_dimension","ablation_fit","RF-OM",12,53,1
"study2","primary_q3","primary_proxy_dimension","ablation_fit","RF-OM",12,54,1
"study2","primary_q3","primary_proxy_dimension","ablation_fit","RF-OM",12,55,1
"study2","primary_q3","primary_proxy_dimension","ablation_fit","RF-OM",12,56,1
"study2","primary_q3","primary_proxy_dimension","ablation_fit","RF-OM",12,57,1
"study2","primary_q3","primary_proxy_dimension","ablation_fit","RF-OM",12,58,1
"study2","primary_q3","primary_proxy_dimension","ablation_fit","RF-OM",12,59,1
"study2","primary_q3","primary_proxy_dimension","ablation_fit","RF-OM",12,60,1
"study2","primary_q3","primary_proxy_dimension","ablation_fit","RF-OM",12,61,1
"study2","primary_q3","primary_proxy_dimension","ablation_fit","RF-OM",12,62,1
"study2","primary_q3","primary_proxy_dimension","ablation_fit","RF-OM",12,63,1
"study2","primary_q3","primary_proxy_dimension","ablation_fit","RF-OM",12,64,1
"study2","primary_q3","primary_proxy_dimension","ablation_fit","RF-OM",12,65,1
"study2","primary_q3","primary_proxy_dimension","ablation_fit","RF-OM",12,66,1
"study2","primary_q3","primary_proxy_dimension","ablation_fit","RF-OM",12,67,1
"study2","primary_q3","primary_proxy_dimension","ablation_fit","RF-OM",12,68,1
"study2","primary_q3","primary_proxy_dimension","ablation_fit","RF-OM",12,69,1
"study2","primary_q3","primary_proxy_dimension","ablation_fit","RF-OM",12,70,1
"study2","primary_q3","primary_proxy_dimension","ablation_fit","RF-OM",12,71,1
"study2","primary_q3","primary_proxy_dimension","ablation_fit","RF-OM",12,72,1
"study2","primary_q3","primary_proxy_dimension","ablation_fit","RF-OM",12,73,1
"study2","primary_q3","primary_proxy_dimension","ablation_fit","RF-OM",12,74,1
"study2","primary_q3","primary_proxy_dimension","ablation_fit","RF-OM",12,75,1
"study2","primary_q3","primary_proxy_dimension","ablation_fit","RF-OM",12,76,1
"study2","primary_q3","primary_proxy_dimension","ablation_fit","RF-OM",12,77,1
"study2","primary_q3","primary_proxy_dimension","ablation_fit","RF-OM",12,78,1
"study2","primary_q3","primary_proxy_dimension","ablation_fit","RF-OM",12,79,1
"study2","primary_q3","primary_proxy_dimension","ablation_fit","RF-OM",12,80,1
"study2","primary_q3","primary_proxy_dimension","ablation_fit","RF-OM",12,81,1
"study2","primary_q3","primary_proxy_dimension","ablation_fit","RF-OM",12,82,1
"study2","primary_q3","primary_proxy_dimension","ablation_fit","RF-OM",12,83,1
"study2","primary_q3","primary_proxy_dimension","ablation_fit","RF-OM",12,84,1
"study2","primary_q3","primary_proxy_dimension","ablation_fit","RF-OM",12,85,1
"study2","primary_q3","primary_proxy_dimension","ablation_fit","RF-OM",12,86,1
"study2","primary_q3","primary_proxy_dimension","ablation_fit","RF-OM",12,87,1
"study2","primary_q3","primary_proxy_dimension","ablation_fit","RF-OM",12,88,1
"study2","primary_q3","primary_proxy_dimension","ablation_fit","RF-OM",12,89,1
"study2","primary_q3","primary_proxy_dimension","ablation_fit","RF-OM",12,90,1
"study2","primary_q3","primary_proxy_dimension","ablation_fit","RF-OM",12,91,1
"study2","primary_q3","primary_proxy_dimension","ablation_fit","RF-OM",12,92,1
"study2","primary_q3","primary_proxy_dimension","ablation_fit","RF-OM",12,93,1
"study2","primary_q3","primary_proxy_dimension","ablation_fit","RF-OM",12,94,1
"study2","primary_q3","primary_proxy_dimension","ablation_fit","RF-OM",12,95,1
"study2","primary_q3","primary_proxy_dimension","ablation_fit","RF-OM",12,96,1
"study2","primary_q3","primary_proxy_dimension","ablation_fit","RF-OM",12,97,1
"study2","primary_q3","primary_proxy_dimension","ablation_fit","RF-OM",12,98,1
"study2","primary_q3","primary_proxy_dimension","ablation_fit","RF-OM",12,99,1
"study2","primary_q3","primary_proxy_dimension","ablation_fit","RF-OM",12,100,1
"study2","primary_q3","primary_proxy_dimension","ablation_fit","PI-GP",12,1,1
"study2","primary_q3","primary_proxy_dimension","ablation_fit","PI-GP",12,2,1
"study2","primary_q3","primary_proxy_dimension","ablation_fit","PI-GP",12,3,1
"study2","primary_q3","primary_proxy_dimension","ablation_fit","PI-GP",12,4,1
"study2","primary_q3","primary_proxy_dimension","ablation_fit","PI-GP",12,5,1
"study2","primary_q3","primary_proxy_dimension","ablation_fit","PI-GP",12,6,1
"study2","primary_q3","primary_proxy_dimension","ablation_fit","PI-GP",12,7,1
"study2","primary_q3","primary_proxy_dimension","ablation_fit","PI-GP",12,8,1
"study2","primary_q3","primary_proxy_dimension","ablation_fit","PI-GP",12,9,1
"study2","primary_q3","primary_proxy_dimension","ablation_fit","PI-GP",12,10,1
"study2","primary_q3","primary_proxy_dimension","ablation_fit","PI-GP",12,11,1
"study2","primary_q3","primary_proxy_dimension","ablation_fit","PI-GP",12,12,1
"study2","primary_q3","primary_proxy_dimension","ablation_fit","PI-GP",12,13,1
"study2","primary_q3","primary_proxy_dimension","ablation_fit","PI-GP",12,14,1
"study2","primary_q3","primary_proxy_dimension","ablation_fit","PI-GP",12,15,1
"study2","primary_q3","primary_proxy_dimension","ablation_fit","PI-GP",12,16,1
"study2","primary_q3","primary_proxy_dimension","ablation_fit","PI-GP",12,17,1
"study2","primary_q3","primary_proxy_dimension","ablation_fit","PI-GP",12,18,1
"study2","primary_q3","primary_proxy_dimension","ablation_fit","PI-GP",12,19,1
"study2","primary_q3","primary_proxy_dimension","ablation_fit","PI-GP",12,20,1
"study2","primary_q3","primary_proxy_dimension","ablation_fit","PI-GP",12,21,1
"study2","primary_q3","primary_proxy_dimension","ablation_fit","PI-GP",12,22,1
"study2","primary_q3","primary_proxy_dimension","ablation_fit","PI-GP",12,23,1
"study2","primary_q3","primary_proxy_dimension","ablation_fit","PI-GP",12,24,1
"study2","primary_q3","primary_proxy_dimension","ablation_fit","PI-GP",12,25,1
"study2","primary_q3","primary_proxy_dimension","ablation_fit","PI-GP",12,26,1
"study2","primary_q3","primary_proxy_dimension","ablation_fit","PI-GP",12,27,1
"study2","primary_q3","primary_proxy_dimension","ablation_fit","PI-GP",12,28,1
"study2","primary_q3","primary_proxy_dimension","ablation_fit","PI-GP",12,29,1
"study2","primary_q3","primary_proxy_dimension","ablation_fit","PI-GP",12,30,1
"study2","primary_q3","primary_proxy_dimension","ablation_fit","PI-GP",12,31,1
"study2","primary_q3","primary_proxy_dimension","ablation_fit","PI-GP",12,32,1
"study2","primary_q3","primary_proxy_dimension","ablation_fit","PI-GP",12,33,1
"study2","primary_q3","primary_proxy_dimension","ablation_fit","PI-GP",12,34,1
"study2","primary_q3","primary_proxy_dimension","ablation_fit","PI-GP",12,35,1
"study2","primary_q3","primary_proxy_dimension","ablation_fit","PI-GP",12,36,1
"study2","primary_q3","primary_proxy_dimension","ablation_fit","PI-GP",12,37,1
"study2","primary_q3","primary_proxy_dimension","ablation_fit","PI-GP",12,38,1
"study2","primary_q3","primary_proxy_dimension","ablation_fit","PI-GP",12,39,1
"study2","primary_q3","primary_proxy_dimension","ablation_fit","PI-GP",12,40,1
"study2","primary_q3","primary_proxy_dimension","ablation_fit","PI-GP",12,41,1
"study2","primary_q3","primary_proxy_dimension","ablation_fit","PI-GP",12,42,1
"study2","primary_q3","primary_proxy_dimension","ablation_fit","PI-GP",12,43,1
"study2","primary_q3","primary_proxy_dimension","ablation_fit","PI-GP",12,44,1
"study2","primary_q3","primary_proxy_dimension","ablation_fit","PI-GP",12,45,1
"study2","primary_q3","primary_proxy_dimension","ablation_fit","PI-GP",12,46,1
"study2","primary_q3","primary_proxy_dimension","ablation_fit","PI-GP",12,47,1
"study2","primary_q3","primary_proxy_dimension","ablation_fit","PI-GP",12,48,1
"study2","primary_q3","primary_proxy_dimension","ablation_fit","PI-GP",12,49,1
"study2","primary_q3","primary_proxy_dimension","ablation_fit","PI-GP",12,50,1
"study2","primary_q3","primary_proxy_dimension","ablation_fit","PI-GP",12,51,1
"study2","primary_q3","primary_proxy_dimension","ablation_fit","PI-GP",12,52,1
"study2","primary_q3","primary_proxy_dimension","ablation_fit","PI-GP",12,53,1
"study2","primary_q3","primary_proxy_dimension","ablation_fit","PI-GP",12,54,1
"study2","primary_q3","primary_proxy_dimension","ablation_fit","PI-GP",12,55,1
"study2","primary_q3","primary_proxy_dimension","ablation_fit","PI-GP",12,56,1
"study2","primary_q3","primary_proxy_dimension","ablation_fit","PI-GP",12,57,1
"study2","primary_q3","primary_proxy_dimension","ablation_fit","PI-GP",12,58,1
"study2","primary_q3","primary_proxy_dimension","ablation_fit","PI-GP",12,59,1
"study2","primary_q3","primary_proxy_dimension","ablation_fit","PI-GP",12,60,1
"study2","primary_q3","primary_proxy_dimension","ablation_fit","PI-GP",12,61,1
"study2","primary_q3","primary_proxy_dimension","ablation_fit","PI-GP",12,62,1
"study2","primary_q3","primary_proxy_dimension","ablation_fit","PI-GP",12,63,1
"study2","primary_q3","primary_proxy_dimension","ablation_fit","PI-GP",12,64,1
"study2","primary_q3","primary_proxy_dimension","ablation_fit","PI-GP",12,65,1
"study2","primary_q3","primary_proxy_dimension","ablation_fit","PI-GP",12,66,1
"study2","primary_q3","primary_proxy_dimension","ablation_fit","PI-GP",12,67,1
"study2","primary_q3","primary_proxy_dimension","ablation_fit","PI-GP",12,68,1
"study2","primary_q3","primary_proxy_dimension","ablation_fit","PI-GP",12,69,1
"study2","primary_q3","primary_proxy_dimension","ablation_fit","PI-GP",12,70,1
"study2","primary_q3","primary_proxy_dimension","ablation_fit","PI-GP",12,71,1
"study2","primary_q3","primary_proxy_dimension","ablation_fit","PI-GP",12,72,1
"study2","primary_q3","primary_proxy_dimension","ablation_fit","PI-GP",12,73,1
"study2","primary_q3","primary_proxy_dimension","ablation_fit","PI-GP",12,74,1
"study2","primary_q3","primary_proxy_dimension","ablation_fit","PI-GP",12,75,1
"study2","primary_q3","primary_proxy_dimension","ablation_fit","PI-GP",12,76,1
"study2","primary_q3","primary_proxy_dimension","ablation_fit","PI-GP",12,77,1
"study2","primary_q3","primary_proxy_dimension","ablation_fit","PI-GP",12,78,1
"study2","primary_q3","primary_proxy_dimension","ablation_fit","PI-GP",12,79,1
"study2","primary_q3","primary_proxy_dimension","ablation_fit","PI-GP",12,80,1
"study2","primary_q3","primary_proxy_dimension","ablation_fit","PI-GP",12,81,1
"study2","primary_q3","primary_proxy_dimension","ablation_fit","PI-GP",12,82,1
"study2","primary_q3","primary_proxy_dimension","ablation_fit","PI-GP",12,83,1
"study2","primary_q3","primary_proxy_dimension","ablation_fit","PI-GP",12,84,1
"study2","primary_q3","primary_proxy_dimension","ablation_fit","PI-GP",12,85,1
"study2","primary_q3","primary_proxy_dimension","ablation_fit","PI-GP",12,86,1
"study2","primary_q3","primary_proxy_dimension","ablation_fit","PI-GP",12,87,1
"study2","primary_q3","primary_proxy_dimension","ablation_fit","PI-GP",12,88,1
"study2","primary_q3","primary_proxy_dimension","ablation_fit","PI-GP",12,89,1
"study2","primary_q3","primary_proxy_dimension","ablation_fit","PI-GP",12,90,1
"study2","primary_q3","primary_proxy_dimension","ablation_fit","PI-GP",12,91,1
"study2","primary_q3","primary_proxy_dimension","ablation_fit","PI-GP",12,92,1
"study2","primary_q3","primary_proxy_dimension","ablation_fit","PI-GP",12,93,1
"study2","primary_q3","primary_proxy_dimension","ablation_fit","PI-GP",12,94,1
"study2","primary_q3","primary_proxy_dimension","ablation_fit","PI-GP",12,95,1
"study2","primary_q3","primary_proxy_dimension","ablation_fit","PI-GP",12,96,1
"study2","primary_q3","primary_proxy_dimension","ablation_fit","PI-GP",12,97,1
"study2","primary_q3","primary_proxy_dimension","ablation_fit","PI-GP",12,98,1
"study2","primary_q3","primary_proxy_dimension","ablation_fit","PI-GP",12,99,1
"study2","primary_q3","primary_proxy_dimension","ablation_fit","PI-GP",12,100,1
"study2","primary_q3","primary_proxy_dimension","ablation_fit","CC-GP",12,1,1
"study2","primary_q3","primary_proxy_dimension","ablation_fit","CC-GP",12,2,1
"study2","primary_q3","primary_proxy_dimension","ablation_fit","CC-GP",12,3,1
"study2","primary_q3","primary_proxy_dimension","ablation_fit","CC-GP",12,4,1
"study2","primary_q3","primary_proxy_dimension","ablation_fit","CC-GP",12,5,1
"study2","primary_q3","primary_proxy_dimension","ablation_fit","CC-GP",12,6,1
"study2","primary_q3","primary_proxy_dimension","ablation_fit","CC-GP",12,7,1
"study2","primary_q3","primary_proxy_dimension","ablation_fit","CC-GP",12,8,1
"study2","primary_q3","primary_proxy_dimension","ablation_fit","CC-GP",12,9,1
"study2","primary_q3","primary_proxy_dimension","ablation_fit","CC-GP",12,10,1
"study2","primary_q3","primary_proxy_dimension","ablation_fit","CC-GP",12,11,1
"study2","primary_q3","primary_proxy_dimension","ablation_fit","CC-GP",12,12,1
"study2","primary_q3","primary_proxy_dimension","ablation_fit","CC-GP",12,13,1
"study2","primary_q3","primary_proxy_dimension","ablation_fit","CC-GP",12,14,1
"study2","primary_q3","primary_proxy_dimension","ablation_fit","CC-GP",12,15,1
"study2","primary_q3","primary_proxy_dimension","ablation_fit","CC-GP",12,16,1
"study2","primary_q3","primary_proxy_dimension","ablation_fit","CC-GP",12,17,1
"study2","primary_q3","primary_proxy_dimension","ablation_fit","CC-GP",12,18,1
"study2","primary_q3","primary_proxy_dimension","ablation_fit","CC-GP",12,19,1
"study2","primary_q3","primary_proxy_dimension","ablation_fit","CC-GP",12,20,1
"study2","primary_q3","primary_proxy_dimension","ablation_fit","CC-GP",12,21,1
"study2","primary_q3","primary_proxy_dimension","ablation_fit","CC-GP",12,22,1
"study2","primary_q3","primary_proxy_dimension","ablation_fit","CC-GP",12,23,1
"study2","primary_q3","primary_proxy_dimension","ablation_fit","CC-GP",12,24,1
"study2","primary_q3","primary_proxy_dimension","ablation_fit","CC-GP",12,25,1
"study2","primary_q3","primary_proxy_dimension","ablation_fit","CC-GP",12,26,1
"study2","primary_q3","primary_proxy_dimension","ablation_fit","CC-GP",12,27,1
"study2","primary_q3","primary_proxy_dimension","ablation_fit","CC-GP",12,28,1
"study2","primary_q3","primary_proxy_dimension","ablation_fit","CC-GP",12,29,1
"study2","primary_q3","primary_proxy_dimension","ablation_fit","CC-GP",12,30,1
"study2","primary_q3","primary_proxy_dimension","ablation_fit","CC-GP",12,31,1
"study2","primary_q3","primary_proxy_dimension","ablation_fit","CC-GP",12,32,1
"study2","primary_q3","primary_proxy_dimension","ablation_fit","CC-GP",12,33,1
"study2","primary_q3","primary_proxy_dimension","ablation_fit","CC-GP",12,34,1
"study2","primary_q3","primary_proxy_dimension","ablation_fit","CC-GP",12,35,1
"study2","primary_q3","primary_proxy_dimension","ablation_fit","CC-GP",12,36,1
"study2","primary_q3","primary_proxy_dimension","ablation_fit","CC-GP",12,37,1
"study2","primary_q3","primary_proxy_dimension","ablation_fit","CC-GP",12,38,1
"study2","primary_q3","primary_proxy_dimension","ablation_fit","CC-GP",12,39,1
"study2","primary_q3","primary_proxy_dimension","ablation_fit","CC-GP",12,40,1
"study2","primary_q3","primary_proxy_dimension","ablation_fit","CC-GP",12,41,1
"study2","primary_q3","primary_proxy_dimension","ablation_fit","CC-GP",12,42,1
"study2","primary_q3","primary_proxy_dimension","ablation_fit","CC-GP",12,43,1
"study2","primary_q3","primary_proxy_dimension","ablation_fit","CC-GP",12,44,1
"study2","primary_q3","primary_proxy_dimension","ablation_fit","CC-GP",12,45,1
"study2","primary_q3","primary_proxy_dimension","ablation_fit","CC-GP",12,46,1
"study2","primary_q3","primary_proxy_dimension","ablation_fit","CC-GP",12,47,1
"study2","primary_q3","primary_proxy_dimension","ablation_fit","CC-GP",12,48,1
"study2","primary_q3","primary_proxy_dimension","ablation_fit","CC-GP",12,49,1
"study2","primary_q3","primary_proxy_dimension","ablation_fit","CC-GP",12,50,1
"study2","primary_q3","primary_proxy_dimension","ablation_fit","CC-GP",12,51,1
"study2","primary_q3","primary_proxy_dimension","ablation_fit","CC-GP",12,52,1
"study2","primary_q3","primary_proxy_dimension","ablation_fit","CC-GP",12,53,1
"study2","primary_q3","primary_proxy_dimension","ablation_fit","CC-GP",12,54,1
"study2","primary_q3","primary_proxy_dimension","ablation_fit","CC-GP",12,55,1
"study2","primary_q3","primary_proxy_dimension","ablation_fit","CC-GP",12,56,1
"study2","primary_q3","primary_proxy_dimension","ablation_fit","CC-GP",12,57,1
"study2","primary_q3","primary_proxy_dimension","ablation_fit","CC-GP",12,58,1
"study2","primary_q3","primary_proxy_dimension","ablation_fit","CC-GP",12,59,1
"study2","primary_q3","primary_proxy_dimension","ablation_fit","CC-GP",12,60,1
"study2","primary_q3","primary_proxy_dimension","ablation_fit","CC-GP",12,61,1
"study2","primary_q3","primary_proxy_dimension","ablation_fit","CC-GP",12,62,1
"study2","primary_q3","primary_proxy_dimension","ablation_fit","CC-GP",12,63,1
"study2","primary_q3","primary_proxy_dimension","ablation_fit","CC-GP",12,64,1
"study2","primary_q3","primary_proxy_dimension","ablation_fit","CC-GP",12,65,1
"study2","primary_q3","primary_proxy_dimension","ablation_fit","CC-GP",12,66,1
"study2","primary_q3","primary_proxy_dimension","ablation_fit","CC-GP",12,67,1
"study2","primary_q3","primary_proxy_dimension","ablation_fit","CC-GP",12,68,1
"study2","primary_q3","primary_proxy_dimension","ablation_fit","CC-GP",12,69,1
"study2","primary_q3","primary_proxy_dimension","ablation_fit","CC-GP",12,70,1
"study2","primary_q3","primary_proxy_dimension","ablation_fit","CC-GP",12,71,1
"study2","primary_q3","primary_proxy_dimension","ablation_fit","CC-GP",12,72,1
"study2","primary_q3","primary_proxy_dimension","ablation_fit","CC-GP",12,73,1
"study2","primary_q3","primary_proxy_dimension","ablation_fit","CC-GP",12,74,1
"study2","primary_q3","primary_proxy_dimension","ablation_fit","CC-GP",12,75,1
"study2","primary_q3","primary_proxy_dimension","ablation_fit","CC-GP",12,76,1
"study2","primary_q3","primary_proxy_dimension","ablation_fit","CC-GP",12,77,1
"study2","primary_q3","primary_proxy_dimension","ablation_fit","CC-GP",12,78,1
"study2","primary_q3","primary_proxy_dimension","ablation_fit","CC-GP",12,79,1
"study2","primary_q3","primary_proxy_dimension","ablation_fit","CC-GP",12,80,1
"study2","primary_q3","primary_proxy_dimension","ablation_fit","CC-GP",12,81,1
"study2","primary_q3","primary_proxy_dimension","ablation_fit","CC-GP",12,82,1
"study2","primary_q3","primary_proxy_dimension","ablation_fit","CC-GP",12,83,1
"study2","primary_q3","primary_proxy_dimension","ablation_fit","CC-GP",12,84,1
"study2","primary_q3","primary_proxy_dimension","ablation_fit","CC-GP",12,85,1
"study2","primary_q3","primary_proxy_dimension","ablation_fit","CC-GP",12,86,1
"study2","primary_q3","primary_proxy_dimension","ablation_fit","CC-GP",12,87,1
"study2","primary_q3","primary_proxy_dimension","ablation_fit","CC-GP",12,88,1
"study2","primary_q3","primary_proxy_dimension","ablation_fit","CC-GP",12,89,1
"study2","primary_q3","primary_proxy_dimension","ablation_fit","CC-GP",12,90,1
"study2","primary_q3","primary_proxy_dimension","ablation_fit","CC-GP",12,91,1
"study2","primary_q3","primary_proxy_dimension","ablation_fit","CC-GP",12,92,1
"study2","primary_q3","primary_proxy_dimension","ablation_fit","CC-GP",12,93,1
"study2","primary_q3","primary_proxy_dimension","ablation_fit","CC-GP",12,94,1
"study2","primary_q3","primary_proxy_dimension","ablation_fit","CC-GP",12,95,1
"study2","primary_q3","primary_proxy_dimension","ablation_fit","CC-GP",12,96,1
"study2","primary_q3","primary_proxy_dimension","ablation_fit","CC-GP",12,97,1
"study2","primary_q3","primary_proxy_dimension","ablation_fit","CC-GP",12,98,1
"study2","primary_q3","primary_proxy_dimension","ablation_fit","CC-GP",12,99,1
"study2","primary_q3","primary_proxy_dimension","ablation_fit","CC-GP",12,100,1
"study2","primary_q4_calibration","primary_calibration_curve","frozen_data","DGM",,1,1
"study2","primary_q4_calibration","primary_calibration_curve","frozen_data","DGM",,2,1
"study2","primary_q4_calibration","primary_calibration_curve","frozen_data","DGM",,3,1
"study2","primary_q4_calibration","primary_calibration_curve","frozen_data","DGM",,4,1
"study2","primary_q4_calibration","primary_calibration_curve","frozen_data","DGM",,5,1
"study2","primary_q4_calibration","primary_calibration_curve","frozen_data","DGM",,6,1
"study2","primary_q4_calibration","primary_calibration_curve","frozen_data","DGM",,7,1
"study2","primary_q4_calibration","primary_calibration_curve","frozen_data","DGM",,8,1
"study2","primary_q4_calibration","primary_calibration_curve","frozen_data","DGM",,9,1
"study2","primary_q4_calibration","primary_calibration_curve","frozen_data","DGM",,10,1
"study2","primary_q4_calibration","primary_calibration_curve","frozen_data","DGM",,11,1
"study2","primary_q4_calibration","primary_calibration_curve","frozen_data","DGM",,12,1
"study2","primary_q4_calibration","primary_calibration_curve","frozen_data","DGM",,13,1
"study2","primary_q4_calibration","primary_calibration_curve","frozen_data","DGM",,14,1
"study2","primary_q4_calibration","primary_calibration_curve","frozen_data","DGM",,15,1
"study2","primary_q4_calibration","primary_calibration_curve","frozen_data","DGM",,16,1
"study2","primary_q4_calibration","primary_calibration_curve","frozen_data","DGM",,17,1
"study2","primary_q4_calibration","primary_calibration_curve","frozen_data","DGM",,18,1
"study2","primary_q4_calibration","primary_calibration_curve","frozen_data","DGM",,19,1
"study2","primary_q4_calibration","primary_calibration_curve","frozen_data","DGM",,20,1
"study2","primary_q4_calibration","primary_calibration_curve","frozen_data","DGM",,21,1
"study2","primary_q4_calibration","primary_calibration_curve","frozen_data","DGM",,22,1
"study2","primary_q4_calibration","primary_calibration_curve","frozen_data","DGM",,23,1
"study2","primary_q4_calibration","primary_calibration_curve","frozen_data","DGM",,24,1
"study2","primary_q4_calibration","primary_calibration_curve","frozen_data","DGM",,25,1
"study2","primary_q4_calibration","primary_calibration_curve","frozen_data","DGM",,26,1
"study2","primary_q4_calibration","primary_calibration_curve","frozen_data","DGM",,27,1
"study2","primary_q4_calibration","primary_calibration_curve","frozen_data","DGM",,28,1
"study2","primary_q4_calibration","primary_calibration_curve","frozen_data","DGM",,29,1
"study2","primary_q4_calibration","primary_calibration_curve","frozen_data","DGM",,30,1
"study2","primary_q4_calibration","primary_calibration_curve","frozen_data","DGM",,31,1
"study2","primary_q4_calibration","primary_calibration_curve","frozen_data","DGM",,32,1
"study2","primary_q4_calibration","primary_calibration_curve","frozen_data","DGM",,33,1
"study2","primary_q4_calibration","primary_calibration_curve","frozen_data","DGM",,34,1
"study2","primary_q4_calibration","primary_calibration_curve","frozen_data","DGM",,35,1
"study2","primary_q4_calibration","primary_calibration_curve","frozen_data","DGM",,36,1
"study2","primary_q4_calibration","primary_calibration_curve","frozen_data","DGM",,37,1
"study2","primary_q4_calibration","primary_calibration_curve","frozen_data","DGM",,38,1
"study2","primary_q4_calibration","primary_calibration_curve","frozen_data","DGM",,39,1
"study2","primary_q4_calibration","primary_calibration_curve","frozen_data","DGM",,40,1
"study2","primary_q4_calibration","primary_calibration_curve","frozen_data","DGM",,41,1
"study2","primary_q4_calibration","primary_calibration_curve","frozen_data","DGM",,42,1
"study2","primary_q4_calibration","primary_calibration_curve","frozen_data","DGM",,43,1
"study2","primary_q4_calibration","primary_calibration_curve","frozen_data","DGM",,44,1
"study2","primary_q4_calibration","primary_calibration_curve","frozen_data","DGM",,45,1
"study2","primary_q4_calibration","primary_calibration_curve","frozen_data","DGM",,46,1
"study2","primary_q4_calibration","primary_calibration_curve","frozen_data","DGM",,47,1
"study2","primary_q4_calibration","primary_calibration_curve","frozen_data","DGM",,48,1
"study2","primary_q4_calibration","primary_calibration_curve","frozen_data","DGM",,49,1
"study2","primary_q4_calibration","primary_calibration_curve","frozen_data","DGM",,50,1
"study2","primary_q4_calibration","primary_calibration_curve","frozen_data","DGM",,51,1
"study2","primary_q4_calibration","primary_calibration_curve","frozen_data","DGM",,52,1
"study2","primary_q4_calibration","primary_calibration_curve","frozen_data","DGM",,53,1
"study2","primary_q4_calibration","primary_calibration_curve","frozen_data","DGM",,54,1
"study2","primary_q4_calibration","primary_calibration_curve","frozen_data","DGM",,55,1
"study2","primary_q4_calibration","primary_calibration_curve","frozen_data","DGM",,56,1
"study2","primary_q4_calibration","primary_calibration_curve","frozen_data","DGM",,57,1
"study2","primary_q4_calibration","primary_calibration_curve","frozen_data","DGM",,58,1
"study2","primary_q4_calibration","primary_calibration_curve","frozen_data","DGM",,59,1
"study2","primary_q4_calibration","primary_calibration_curve","frozen_data","DGM",,60,1
"study2","primary_q4_calibration","primary_calibration_curve","frozen_data","DGM",,61,1
"study2","primary_q4_calibration","primary_calibration_curve","frozen_data","DGM",,62,1
"study2","primary_q4_calibration","primary_calibration_curve","frozen_data","DGM",,63,1
"study2","primary_q4_calibration","primary_calibration_curve","frozen_data","DGM",,64,1
"study2","primary_q4_calibration","primary_calibration_curve","frozen_data","DGM",,65,1
"study2","primary_q4_calibration","primary_calibration_curve","frozen_data","DGM",,66,1
"study2","primary_q4_calibration","primary_calibration_curve","frozen_data","DGM",,67,1
"study2","primary_q4_calibration","primary_calibration_curve","frozen_data","DGM",,68,1
"study2","primary_q4_calibration","primary_calibration_curve","frozen_data","DGM",,69,1
"study2","primary_q4_calibration","primary_calibration_curve","frozen_data","DGM",,70,1
"study2","primary_q4_calibration","primary_calibration_curve","frozen_data","DGM",,71,1
"study2","primary_q4_calibration","primary_calibration_curve","frozen_data","DGM",,72,1
"study2","primary_q4_calibration","primary_calibration_curve","frozen_data","DGM",,73,1
"study2","primary_q4_calibration","primary_calibration_curve","frozen_data","DGM",,74,1
"study2","primary_q4_calibration","primary_calibration_curve","frozen_data","DGM",,75,1
"study2","primary_q4_calibration","primary_calibration_curve","frozen_data","DGM",,76,1
"study2","primary_q4_calibration","primary_calibration_curve","frozen_data","DGM",,77,1
"study2","primary_q4_calibration","primary_calibration_curve","frozen_data","DGM",,78,1
"study2","primary_q4_calibration","primary_calibration_curve","frozen_data","DGM",,79,1
"study2","primary_q4_calibration","primary_calibration_curve","frozen_data","DGM",,80,1
"study2","primary_q4_calibration","primary_calibration_curve","frozen_data","DGM",,81,1
"study2","primary_q4_calibration","primary_calibration_curve","frozen_data","DGM",,82,1
"study2","primary_q4_calibration","primary_calibration_curve","frozen_data","DGM",,83,1
"study2","primary_q4_calibration","primary_calibration_curve","frozen_data","DGM",,84,1
"study2","primary_q4_calibration","primary_calibration_curve","frozen_data","DGM",,85,1
"study2","primary_q4_calibration","primary_calibration_curve","frozen_data","DGM",,86,1
"study2","primary_q4_calibration","primary_calibration_curve","frozen_data","DGM",,87,1
"study2","primary_q4_calibration","primary_calibration_curve","frozen_data","DGM",,88,1
"study2","primary_q4_calibration","primary_calibration_curve","frozen_data","DGM",,89,1
"study2","primary_q4_calibration","primary_calibration_curve","frozen_data","DGM",,90,1
"study2","primary_q4_calibration","primary_calibration_curve","frozen_data","DGM",,91,1
"study2","primary_q4_calibration","primary_calibration_curve","frozen_data","DGM",,92,1
"study2","primary_q4_calibration","primary_calibration_curve","frozen_data","DGM",,93,1
"study2","primary_q4_calibration","primary_calibration_curve","frozen_data","DGM",,94,1
"study2","primary_q4_calibration","primary_calibration_curve","frozen_data","DGM",,95,1
"study2","primary_q4_calibration","primary_calibration_curve","frozen_data","DGM",,96,1
"study2","primary_q4_calibration","primary_calibration_curve","frozen_data","DGM",,97,1
"study2","primary_q4_calibration","primary_calibration_curve","frozen_data","DGM",,98,1
"study2","primary_q4_calibration","primary_calibration_curve","frozen_data","DGM",,99,1
"study2","primary_q4_calibration","primary_calibration_curve","frozen_data","DGM",,100,1
"study2","primary_q4_calibration","primary_calibration_curve","prediction_truth","DGM oracle",,1,1
"study2","primary_q4_calibration","primary_calibration_curve","prediction_truth","DGM oracle",,2,1
"study2","primary_q4_calibration","primary_calibration_curve","prediction_truth","DGM oracle",,3,1
"study2","primary_q4_calibration","primary_calibration_curve","prediction_truth","DGM oracle",,4,1
"study2","primary_q4_calibration","primary_calibration_curve","prediction_truth","DGM oracle",,5,1
"study2","primary_q4_calibration","primary_calibration_curve","prediction_truth","DGM oracle",,6,1
"study2","primary_q4_calibration","primary_calibration_curve","prediction_truth","DGM oracle",,7,1
"study2","primary_q4_calibration","primary_calibration_curve","prediction_truth","DGM oracle",,8,1
"study2","primary_q4_calibration","primary_calibration_curve","prediction_truth","DGM oracle",,9,1
"study2","primary_q4_calibration","primary_calibration_curve","prediction_truth","DGM oracle",,10,1
"study2","primary_q4_calibration","primary_calibration_curve","prediction_truth","DGM oracle",,11,1
"study2","primary_q4_calibration","primary_calibration_curve","prediction_truth","DGM oracle",,12,1
"study2","primary_q4_calibration","primary_calibration_curve","prediction_truth","DGM oracle",,13,1
"study2","primary_q4_calibration","primary_calibration_curve","prediction_truth","DGM oracle",,14,1
"study2","primary_q4_calibration","primary_calibration_curve","prediction_truth","DGM oracle",,15,1
"study2","primary_q4_calibration","primary_calibration_curve","prediction_truth","DGM oracle",,16,1
"study2","primary_q4_calibration","primary_calibration_curve","prediction_truth","DGM oracle",,17,1
"study2","primary_q4_calibration","primary_calibration_curve","prediction_truth","DGM oracle",,18,1
"study2","primary_q4_calibration","primary_calibration_curve","prediction_truth","DGM oracle",,19,1
"study2","primary_q4_calibration","primary_calibration_curve","prediction_truth","DGM oracle",,20,1
"study2","primary_q4_calibration","primary_calibration_curve","prediction_truth","DGM oracle",,21,1
"study2","primary_q4_calibration","primary_calibration_curve","prediction_truth","DGM oracle",,22,1
"study2","primary_q4_calibration","primary_calibration_curve","prediction_truth","DGM oracle",,23,1
"study2","primary_q4_calibration","primary_calibration_curve","prediction_truth","DGM oracle",,24,1
"study2","primary_q4_calibration","primary_calibration_curve","prediction_truth","DGM oracle",,25,1
"study2","primary_q4_calibration","primary_calibration_curve","prediction_truth","DGM oracle",,26,1
"study2","primary_q4_calibration","primary_calibration_curve","prediction_truth","DGM oracle",,27,1
"study2","primary_q4_calibration","primary_calibration_curve","prediction_truth","DGM oracle",,28,1
"study2","primary_q4_calibration","primary_calibration_curve","prediction_truth","DGM oracle",,29,1
"study2","primary_q4_calibration","primary_calibration_curve","prediction_truth","DGM oracle",,30,1
"study2","primary_q4_calibration","primary_calibration_curve","prediction_truth","DGM oracle",,31,1
"study2","primary_q4_calibration","primary_calibration_curve","prediction_truth","DGM oracle",,32,1
"study2","primary_q4_calibration","primary_calibration_curve","prediction_truth","DGM oracle",,33,1
"study2","primary_q4_calibration","primary_calibration_curve","prediction_truth","DGM oracle",,34,1
"study2","primary_q4_calibration","primary_calibration_curve","prediction_truth","DGM oracle",,35,1
"study2","primary_q4_calibration","primary_calibration_curve","prediction_truth","DGM oracle",,36,1
"study2","primary_q4_calibration","primary_calibration_curve","prediction_truth","DGM oracle",,37,1
"study2","primary_q4_calibration","primary_calibration_curve","prediction_truth","DGM oracle",,38,1
"study2","primary_q4_calibration","primary_calibration_curve","prediction_truth","DGM oracle",,39,1
"study2","primary_q4_calibration","primary_calibration_curve","prediction_truth","DGM oracle",,40,1
"study2","primary_q4_calibration","primary_calibration_curve","prediction_truth","DGM oracle",,41,1
"study2","primary_q4_calibration","primary_calibration_curve","prediction_truth","DGM oracle",,42,1
"study2","primary_q4_calibration","primary_calibration_curve","prediction_truth","DGM oracle",,43,1
"study2","primary_q4_calibration","primary_calibration_curve","prediction_truth","DGM oracle",,44,1
"study2","primary_q4_calibration","primary_calibration_curve","prediction_truth","DGM oracle",,45,1
"study2","primary_q4_calibration","primary_calibration_curve","prediction_truth","DGM oracle",,46,1
"study2","primary_q4_calibration","primary_calibration_curve","prediction_truth","DGM oracle",,47,1
"study2","primary_q4_calibration","primary_calibration_curve","prediction_truth","DGM oracle",,48,1
"study2","primary_q4_calibration","primary_calibration_curve","prediction_truth","DGM oracle",,49,1
"study2","primary_q4_calibration","primary_calibration_curve","prediction_truth","DGM oracle",,50,1
"study2","primary_q4_calibration","primary_calibration_curve","prediction_truth","DGM oracle",,51,1
"study2","primary_q4_calibration","primary_calibration_curve","prediction_truth","DGM oracle",,52,1
"study2","primary_q4_calibration","primary_calibration_curve","prediction_truth","DGM oracle",,53,1
"study2","primary_q4_calibration","primary_calibration_curve","prediction_truth","DGM oracle",,54,1
"study2","primary_q4_calibration","primary_calibration_curve","prediction_truth","DGM oracle",,55,1
"study2","primary_q4_calibration","primary_calibration_curve","prediction_truth","DGM oracle",,56,1
"study2","primary_q4_calibration","primary_calibration_curve","prediction_truth","DGM oracle",,57,1
"study2","primary_q4_calibration","primary_calibration_curve","prediction_truth","DGM oracle",,58,1
"study2","primary_q4_calibration","primary_calibration_curve","prediction_truth","DGM oracle",,59,1
"study2","primary_q4_calibration","primary_calibration_curve","prediction_truth","DGM oracle",,60,1
"study2","primary_q4_calibration","primary_calibration_curve","prediction_truth","DGM oracle",,61,1
"study2","primary_q4_calibration","primary_calibration_curve","prediction_truth","DGM oracle",,62,1
"study2","primary_q4_calibration","primary_calibration_curve","prediction_truth","DGM oracle",,63,1
"study2","primary_q4_calibration","primary_calibration_curve","prediction_truth","DGM oracle",,64,1
"study2","primary_q4_calibration","primary_calibration_curve","prediction_truth","DGM oracle",,65,1
"study2","primary_q4_calibration","primary_calibration_curve","prediction_truth","DGM oracle",,66,1
"study2","primary_q4_calibration","primary_calibration_curve","prediction_truth","DGM oracle",,67,1
"study2","primary_q4_calibration","primary_calibration_curve","prediction_truth","DGM oracle",,68,1
"study2","primary_q4_calibration","primary_calibration_curve","prediction_truth","DGM oracle",,69,1
"study2","primary_q4_calibration","primary_calibration_curve","prediction_truth","DGM oracle",,70,1
"study2","primary_q4_calibration","primary_calibration_curve","prediction_truth","DGM oracle",,71,1
"study2","primary_q4_calibration","primary_calibration_curve","prediction_truth","DGM oracle",,72,1
"study2","primary_q4_calibration","primary_calibration_curve","prediction_truth","DGM oracle",,73,1
"study2","primary_q4_calibration","primary_calibration_curve","prediction_truth","DGM oracle",,74,1
"study2","primary_q4_calibration","primary_calibration_curve","prediction_truth","DGM oracle",,75,1
"study2","primary_q4_calibration","primary_calibration_curve","prediction_truth","DGM oracle",,76,1
"study2","primary_q4_calibration","primary_calibration_curve","prediction_truth","DGM oracle",,77,1
"study2","primary_q4_calibration","primary_calibration_curve","prediction_truth","DGM oracle",,78,1
"study2","primary_q4_calibration","primary_calibration_curve","prediction_truth","DGM oracle",,79,1
"study2","primary_q4_calibration","primary_calibration_curve","prediction_truth","DGM oracle",,80,1
"study2","primary_q4_calibration","primary_calibration_curve","prediction_truth","DGM oracle",,81,1
"study2","primary_q4_calibration","primary_calibration_curve","prediction_truth","DGM oracle",,82,1
"study2","primary_q4_calibration","primary_calibration_curve","prediction_truth","DGM oracle",,83,1
"study2","primary_q4_calibration","primary_calibration_curve","prediction_truth","DGM oracle",,84,1
"study2","primary_q4_calibration","primary_calibration_curve","prediction_truth","DGM oracle",,85,1
"study2","primary_q4_calibration","primary_calibration_curve","prediction_truth","DGM oracle",,86,1
"study2","primary_q4_calibration","primary_calibration_curve","prediction_truth","DGM oracle",,87,1
"study2","primary_q4_calibration","primary_calibration_curve","prediction_truth","DGM oracle",,88,1
"study2","primary_q4_calibration","primary_calibration_curve","prediction_truth","DGM oracle",,89,1
"study2","primary_q4_calibration","primary_calibration_curve","prediction_truth","DGM oracle",,90,1
"study2","primary_q4_calibration","primary_calibration_curve","prediction_truth","DGM oracle",,91,1
"study2","primary_q4_calibration","primary_calibration_curve","prediction_truth","DGM oracle",,92,1
"study2","primary_q4_calibration","primary_calibration_curve","prediction_truth","DGM oracle",,93,1
"study2","primary_q4_calibration","primary_calibration_curve","prediction_truth","DGM oracle",,94,1
"study2","primary_q4_calibration","primary_calibration_curve","prediction_truth","DGM oracle",,95,1
"study2","primary_q4_calibration","primary_calibration_curve","prediction_truth","DGM oracle",,96,1
"study2","primary_q4_calibration","primary_calibration_curve","prediction_truth","DGM oracle",,97,1
"study2","primary_q4_calibration","primary_calibration_curve","prediction_truth","DGM oracle",,98,1
"study2","primary_q4_calibration","primary_calibration_curve","prediction_truth","DGM oracle",,99,1
"study2","primary_q4_calibration","primary_calibration_curve","prediction_truth","DGM oracle",,100,1
"study2","primary_q4_calibration","primary_calibration_curve","published_fit","UC-GP",,1,1
"study2","primary_q4_calibration","primary_calibration_curve","published_fit","UC-GP",,2,1
"study2","primary_q4_calibration","primary_calibration_curve","published_fit","UC-GP",,3,1
"study2","primary_q4_calibration","primary_calibration_curve","published_fit","UC-GP",,4,1
"study2","primary_q4_calibration","primary_calibration_curve","published_fit","UC-GP",,5,1
"study2","primary_q4_calibration","primary_calibration_curve","published_fit","UC-GP",,6,1
"study2","primary_q4_calibration","primary_calibration_curve","published_fit","UC-GP",,7,1
"study2","primary_q4_calibration","primary_calibration_curve","published_fit","UC-GP",,8,1
"study2","primary_q4_calibration","primary_calibration_curve","published_fit","UC-GP",,9,1
"study2","primary_q4_calibration","primary_calibration_curve","published_fit","UC-GP",,10,1
"study2","primary_q4_calibration","primary_calibration_curve","published_fit","UC-GP",,11,1
"study2","primary_q4_calibration","primary_calibration_curve","published_fit","UC-GP",,12,1
"study2","primary_q4_calibration","primary_calibration_curve","published_fit","UC-GP",,13,1
"study2","primary_q4_calibration","primary_calibration_curve","published_fit","UC-GP",,14,1
"study2","primary_q4_calibration","primary_calibration_curve","published_fit","UC-GP",,15,1
"study2","primary_q4_calibration","primary_calibration_curve","published_fit","UC-GP",,16,1
"study2","primary_q4_calibration","primary_calibration_curve","published_fit","UC-GP",,17,1
"study2","primary_q4_calibration","primary_calibration_curve","published_fit","UC-GP",,18,1
"study2","primary_q4_calibration","primary_calibration_curve","published_fit","UC-GP",,19,1
"study2","primary_q4_calibration","primary_calibration_curve","published_fit","UC-GP",,20,1
"study2","primary_q4_calibration","primary_calibration_curve","published_fit","UC-GP",,21,1
"study2","primary_q4_calibration","primary_calibration_curve","published_fit","UC-GP",,22,1
"study2","primary_q4_calibration","primary_calibration_curve","published_fit","UC-GP",,23,1
"study2","primary_q4_calibration","primary_calibration_curve","published_fit","UC-GP",,24,1
"study2","primary_q4_calibration","primary_calibration_curve","published_fit","UC-GP",,25,1
"study2","primary_q4_calibration","primary_calibration_curve","published_fit","UC-GP",,26,1
"study2","primary_q4_calibration","primary_calibration_curve","published_fit","UC-GP",,27,1
"study2","primary_q4_calibration","primary_calibration_curve","published_fit","UC-GP",,28,1
"study2","primary_q4_calibration","primary_calibration_curve","published_fit","UC-GP",,29,1
"study2","primary_q4_calibration","primary_calibration_curve","published_fit","UC-GP",,30,1
"study2","primary_q4_calibration","primary_calibration_curve","published_fit","UC-GP",,31,1
"study2","primary_q4_calibration","primary_calibration_curve","published_fit","UC-GP",,32,1
"study2","primary_q4_calibration","primary_calibration_curve","published_fit","UC-GP",,33,1
"study2","primary_q4_calibration","primary_calibration_curve","published_fit","UC-GP",,34,1
"study2","primary_q4_calibration","primary_calibration_curve","published_fit","UC-GP",,35,1
"study2","primary_q4_calibration","primary_calibration_curve","published_fit","UC-GP",,36,1
"study2","primary_q4_calibration","primary_calibration_curve","published_fit","UC-GP",,37,1
"study2","primary_q4_calibration","primary_calibration_curve","published_fit","UC-GP",,38,1
"study2","primary_q4_calibration","primary_calibration_curve","published_fit","UC-GP",,39,1
"study2","primary_q4_calibration","primary_calibration_curve","published_fit","UC-GP",,40,1
"study2","primary_q4_calibration","primary_calibration_curve","published_fit","UC-GP",,41,1
"study2","primary_q4_calibration","primary_calibration_curve","published_fit","UC-GP",,42,1
"study2","primary_q4_calibration","primary_calibration_curve","published_fit","UC-GP",,43,1
"study2","primary_q4_calibration","primary_calibration_curve","published_fit","UC-GP",,44,1
"study2","primary_q4_calibration","primary_calibration_curve","published_fit","UC-GP",,45,1
"study2","primary_q4_calibration","primary_calibration_curve","published_fit","UC-GP",,46,1
"study2","primary_q4_calibration","primary_calibration_curve","published_fit","UC-GP",,47,1
"study2","primary_q4_calibration","primary_calibration_curve","published_fit","UC-GP",,48,1
"study2","primary_q4_calibration","primary_calibration_curve","published_fit","UC-GP",,49,1
"study2","primary_q4_calibration","primary_calibration_curve","published_fit","UC-GP",,50,1
"study2","primary_q4_calibration","primary_calibration_curve","published_fit","UC-GP",,51,1
"study2","primary_q4_calibration","primary_calibration_curve","published_fit","UC-GP",,52,1
"study2","primary_q4_calibration","primary_calibration_curve","published_fit","UC-GP",,53,1
"study2","primary_q4_calibration","primary_calibration_curve","published_fit","UC-GP",,54,1
"study2","primary_q4_calibration","primary_calibration_curve","published_fit","UC-GP",,55,1
"study2","primary_q4_calibration","primary_calibration_curve","published_fit","UC-GP",,56,1
"study2","primary_q4_calibration","primary_calibration_curve","published_fit","UC-GP",,57,1
"study2","primary_q4_calibration","primary_calibration_curve","published_fit","UC-GP",,58,1
"study2","primary_q4_calibration","primary_calibration_curve","published_fit","UC-GP",,59,1
"study2","primary_q4_calibration","primary_calibration_curve","published_fit","UC-GP",,60,1
"study2","primary_q4_calibration","primary_calibration_curve","published_fit","UC-GP",,61,1
"study2","primary_q4_calibration","primary_calibration_curve","published_fit","UC-GP",,62,1
"study2","primary_q4_calibration","primary_calibration_curve","published_fit","UC-GP",,63,1
"study2","primary_q4_calibration","primary_calibration_curve","published_fit","UC-GP",,64,1
"study2","primary_q4_calibration","primary_calibration_curve","published_fit","UC-GP",,65,1
"study2","primary_q4_calibration","primary_calibration_curve","published_fit","UC-GP",,66,1
"study2","primary_q4_calibration","primary_calibration_curve","published_fit","UC-GP",,67,1
"study2","primary_q4_calibration","primary_calibration_curve","published_fit","UC-GP",,68,1
"study2","primary_q4_calibration","primary_calibration_curve","published_fit","UC-GP",,69,1
"study2","primary_q4_calibration","primary_calibration_curve","published_fit","UC-GP",,70,1
"study2","primary_q4_calibration","primary_calibration_curve","published_fit","UC-GP",,71,1
"study2","primary_q4_calibration","primary_calibration_curve","published_fit","UC-GP",,72,1
"study2","primary_q4_calibration","primary_calibration_curve","published_fit","UC-GP",,73,1
"study2","primary_q4_calibration","primary_calibration_curve","published_fit","UC-GP",,74,1
"study2","primary_q4_calibration","primary_calibration_curve","published_fit","UC-GP",,75,1
"study2","primary_q4_calibration","primary_calibration_curve","published_fit","UC-GP",,76,1
"study2","primary_q4_calibration","primary_calibration_curve","published_fit","UC-GP",,77,1
"study2","primary_q4_calibration","primary_calibration_curve","published_fit","UC-GP",,78,1
"study2","primary_q4_calibration","primary_calibration_curve","published_fit","UC-GP",,79,1
"study2","primary_q4_calibration","primary_calibration_curve","published_fit","UC-GP",,80,1
"study2","primary_q4_calibration","primary_calibration_curve","published_fit","UC-GP",,81,1
"study2","primary_q4_calibration","primary_calibration_curve","published_fit","UC-GP",,82,1
"study2","primary_q4_calibration","primary_calibration_curve","published_fit","UC-GP",,83,1
"study2","primary_q4_calibration","primary_calibration_curve","published_fit","UC-GP",,84,1
"study2","primary_q4_calibration","primary_calibration_curve","published_fit","UC-GP",,85,1
"study2","primary_q4_calibration","primary_calibration_curve","published_fit","UC-GP",,86,1
"study2","primary_q4_calibration","primary_calibration_curve","published_fit","UC-GP",,87,1
"study2","primary_q4_calibration","primary_calibration_curve","published_fit","UC-GP",,88,1
"study2","primary_q4_calibration","primary_calibration_curve","published_fit","UC-GP",,89,1
"study2","primary_q4_calibration","primary_calibration_curve","published_fit","UC-GP",,90,1
"study2","primary_q4_calibration","primary_calibration_curve","published_fit","UC-GP",,91,1
"study2","primary_q4_calibration","primary_calibration_curve","published_fit","UC-GP",,92,1
"study2","primary_q4_calibration","primary_calibration_curve","published_fit","UC-GP",,93,1
"study2","primary_q4_calibration","primary_calibration_curve","published_fit","UC-GP",,94,1
"study2","primary_q4_calibration","primary_calibration_curve","published_fit","UC-GP",,95,1
"study2","primary_q4_calibration","primary_calibration_curve","published_fit","UC-GP",,96,1
"study2","primary_q4_calibration","primary_calibration_curve","published_fit","UC-GP",,97,1
"study2","primary_q4_calibration","primary_calibration_curve","published_fit","UC-GP",,98,1
"study2","primary_q4_calibration","primary_calibration_curve","published_fit","UC-GP",,99,1
"study2","primary_q4_calibration","primary_calibration_curve","published_fit","UC-GP",,100,1
"study2","primary_q4_calibration","primary_calibration_curve","published_fit","LVGP",,1,1
"study2","primary_q4_calibration","primary_calibration_curve","published_fit","LVGP",,2,1
"study2","primary_q4_calibration","primary_calibration_curve","published_fit","LVGP",,3,1
"study2","primary_q4_calibration","primary_calibration_curve","published_fit","LVGP",,4,1
"study2","primary_q4_calibration","primary_calibration_curve","published_fit","LVGP",,5,1
"study2","primary_q4_calibration","primary_calibration_curve","published_fit","LVGP",,6,1
"study2","primary_q4_calibration","primary_calibration_curve","published_fit","LVGP",,7,1
"study2","primary_q4_calibration","primary_calibration_curve","published_fit","LVGP",,8,1
"study2","primary_q4_calibration","primary_calibration_curve","published_fit","LVGP",,9,1
"study2","primary_q4_calibration","primary_calibration_curve","published_fit","LVGP",,10,1
"study2","primary_q4_calibration","primary_calibration_curve","published_fit","LVGP",,11,1
"study2","primary_q4_calibration","primary_calibration_curve","published_fit","LVGP",,12,1
"study2","primary_q4_calibration","primary_calibration_curve","published_fit","LVGP",,13,1
"study2","primary_q4_calibration","primary_calibration_curve","published_fit","LVGP",,14,1
"study2","primary_q4_calibration","primary_calibration_curve","published_fit","LVGP",,15,1
"study2","primary_q4_calibration","primary_calibration_curve","published_fit","LVGP",,16,1
"study2","primary_q4_calibration","primary_calibration_curve","published_fit","LVGP",,17,1
"study2","primary_q4_calibration","primary_calibration_curve","published_fit","LVGP",,18,1
"study2","primary_q4_calibration","primary_calibration_curve","published_fit","LVGP",,19,1
"study2","primary_q4_calibration","primary_calibration_curve","published_fit","LVGP",,20,1
"study2","primary_q4_calibration","primary_calibration_curve","published_fit","LVGP",,21,1
"study2","primary_q4_calibration","primary_calibration_curve","published_fit","LVGP",,22,1
"study2","primary_q4_calibration","primary_calibration_curve","published_fit","LVGP",,23,1
"study2","primary_q4_calibration","primary_calibration_curve","published_fit","LVGP",,24,1
"study2","primary_q4_calibration","primary_calibration_curve","published_fit","LVGP",,25,1
"study2","primary_q4_calibration","primary_calibration_curve","published_fit","LVGP",,26,1
"study2","primary_q4_calibration","primary_calibration_curve","published_fit","LVGP",,27,1
"study2","primary_q4_calibration","primary_calibration_curve","published_fit","LVGP",,28,1
"study2","primary_q4_calibration","primary_calibration_curve","published_fit","LVGP",,29,1
"study2","primary_q4_calibration","primary_calibration_curve","published_fit","LVGP",,30,1
"study2","primary_q4_calibration","primary_calibration_curve","published_fit","LVGP",,31,1
"study2","primary_q4_calibration","primary_calibration_curve","published_fit","LVGP",,32,1
"study2","primary_q4_calibration","primary_calibration_curve","published_fit","LVGP",,33,1
"study2","primary_q4_calibration","primary_calibration_curve","published_fit","LVGP",,34,1
"study2","primary_q4_calibration","primary_calibration_curve","published_fit","LVGP",,35,1
"study2","primary_q4_calibration","primary_calibration_curve","published_fit","LVGP",,36,1
"study2","primary_q4_calibration","primary_calibration_curve","published_fit","LVGP",,37,1
"study2","primary_q4_calibration","primary_calibration_curve","published_fit","LVGP",,38,1
"study2","primary_q4_calibration","primary_calibration_curve","published_fit","LVGP",,39,1
"study2","primary_q4_calibration","primary_calibration_curve","published_fit","LVGP",,40,1
"study2","primary_q4_calibration","primary_calibration_curve","published_fit","LVGP",,41,1
"study2","primary_q4_calibration","primary_calibration_curve","published_fit","LVGP",,42,1
"study2","primary_q4_calibration","primary_calibration_curve","published_fit","LVGP",,43,1
"study2","primary_q4_calibration","primary_calibration_curve","published_fit","LVGP",,44,1
"study2","primary_q4_calibration","primary_calibration_curve","published_fit","LVGP",,45,1
"study2","primary_q4_calibration","primary_calibration_curve","published_fit","LVGP",,46,1
"study2","primary_q4_calibration","primary_calibration_curve","published_fit","LVGP",,47,1
"study2","primary_q4_calibration","primary_calibration_curve","published_fit","LVGP",,48,1
"study2","primary_q4_calibration","primary_calibration_curve","published_fit","LVGP",,49,1
"study2","primary_q4_calibration","primary_calibration_curve","published_fit","LVGP",,50,1
"study2","primary_q4_calibration","primary_calibration_curve","published_fit","LVGP",,51,1
"study2","primary_q4_calibration","primary_calibration_curve","published_fit","LVGP",,52,1
"study2","primary_q4_calibration","primary_calibration_curve","published_fit","LVGP",,53,1
"study2","primary_q4_calibration","primary_calibration_curve","published_fit","LVGP",,54,1
"study2","primary_q4_calibration","primary_calibration_curve","published_fit","LVGP",,55,1
"study2","primary_q4_calibration","primary_calibration_curve","published_fit","LVGP",,56,1
"study2","primary_q4_calibration","primary_calibration_curve","published_fit","LVGP",,57,1
"study2","primary_q4_calibration","primary_calibration_curve","published_fit","LVGP",,58,1
"study2","primary_q4_calibration","primary_calibration_curve","published_fit","LVGP",,59,1
"study2","primary_q4_calibration","primary_calibration_curve","published_fit","LVGP",,60,1
"study2","primary_q4_calibration","primary_calibration_curve","published_fit","LVGP",,61,1
"study2","primary_q4_calibration","primary_calibration_curve","published_fit","LVGP",,62,1
"study2","primary_q4_calibration","primary_calibration_curve","published_fit","LVGP",,63,1
"study2","primary_q4_calibration","primary_calibration_curve","published_fit","LVGP",,64,1
"study2","primary_q4_calibration","primary_calibration_curve","published_fit","LVGP",,65,1
"study2","primary_q4_calibration","primary_calibration_curve","published_fit","LVGP",,66,1
"study2","primary_q4_calibration","primary_calibration_curve","published_fit","LVGP",,67,1
"study2","primary_q4_calibration","primary_calibration_curve","published_fit","LVGP",,68,1
"study2","primary_q4_calibration","primary_calibration_curve","published_fit","LVGP",,69,1
"study2","primary_q4_calibration","primary_calibration_curve","published_fit","LVGP",,70,1
"study2","primary_q4_calibration","primary_calibration_curve","published_fit","LVGP",,71,1
"study2","primary_q4_calibration","primary_calibration_curve","published_fit","LVGP",,72,1
"study2","primary_q4_calibration","primary_calibration_curve","published_fit","LVGP",,73,1
"study2","primary_q4_calibration","primary_calibration_curve","published_fit","LVGP",,74,1
"study2","primary_q4_calibration","primary_calibration_curve","published_fit","LVGP",,75,1
"study2","primary_q4_calibration","primary_calibration_curve","published_fit","LVGP",,76,1
"study2","primary_q4_calibration","primary_calibration_curve","published_fit","LVGP",,77,1
"study2","primary_q4_calibration","primary_calibration_curve","published_fit","LVGP",,78,1
"study2","primary_q4_calibration","primary_calibration_curve","published_fit","LVGP",,79,1
"study2","primary_q4_calibration","primary_calibration_curve","published_fit","LVGP",,80,1
"study2","primary_q4_calibration","primary_calibration_curve","published_fit","LVGP",,81,1
"study2","primary_q4_calibration","primary_calibration_curve","published_fit","LVGP",,82,1
"study2","primary_q4_calibration","primary_calibration_curve","published_fit","LVGP",,83,1
"study2","primary_q4_calibration","primary_calibration_curve","published_fit","LVGP",,84,1
"study2","primary_q4_calibration","primary_calibration_curve","published_fit","LVGP",,85,1
"study2","primary_q4_calibration","primary_calibration_curve","published_fit","LVGP",,86,1
"study2","primary_q4_calibration","primary_calibration_curve","published_fit","LVGP",,87,1
"study2","primary_q4_calibration","primary_calibration_curve","published_fit","LVGP",,88,1
"study2","primary_q4_calibration","primary_calibration_curve","published_fit","LVGP",,89,1
"study2","primary_q4_calibration","primary_calibration_curve","published_fit","LVGP",,90,1
"study2","primary_q4_calibration","primary_calibration_curve","published_fit","LVGP",,91,1
"study2","primary_q4_calibration","primary_calibration_curve","published_fit","LVGP",,92,1
"study2","primary_q4_calibration","primary_calibration_curve","published_fit","LVGP",,93,1
"study2","primary_q4_calibration","primary_calibration_curve","published_fit","LVGP",,94,1
"study2","primary_q4_calibration","primary_calibration_curve","published_fit","LVGP",,95,1
"study2","primary_q4_calibration","primary_calibration_curve","published_fit","LVGP",,96,1
"study2","primary_q4_calibration","primary_calibration_curve","published_fit","LVGP",,97,1
"study2","primary_q4_calibration","primary_calibration_curve","published_fit","LVGP",,98,1
"study2","primary_q4_calibration","primary_calibration_curve","published_fit","LVGP",,99,1
"study2","primary_q4_calibration","primary_calibration_curve","published_fit","LVGP",,100,1
"study2","primary_q4_calibration","primary_calibration_curve","published_fit","EzGP",,1,1
"study2","primary_q4_calibration","primary_calibration_curve","published_fit","EzGP",,2,1
"study2","primary_q4_calibration","primary_calibration_curve","published_fit","EzGP",,3,1
"study2","primary_q4_calibration","primary_calibration_curve","published_fit","EzGP",,4,1
"study2","primary_q4_calibration","primary_calibration_curve","published_fit","EzGP",,5,1
"study2","primary_q4_calibration","primary_calibration_curve","published_fit","EzGP",,6,1
"study2","primary_q4_calibration","primary_calibration_curve","published_fit","EzGP",,7,1
"study2","primary_q4_calibration","primary_calibration_curve","published_fit","EzGP",,8,1
"study2","primary_q4_calibration","primary_calibration_curve","published_fit","EzGP",,9,1
"study2","primary_q4_calibration","primary_calibration_curve","published_fit","EzGP",,10,1
"study2","primary_q4_calibration","primary_calibration_curve","published_fit","EzGP",,11,1
"study2","primary_q4_calibration","primary_calibration_curve","published_fit","EzGP",,12,1
"study2","primary_q4_calibration","primary_calibration_curve","published_fit","EzGP",,13,1
"study2","primary_q4_calibration","primary_calibration_curve","published_fit","EzGP",,14,1
"study2","primary_q4_calibration","primary_calibration_curve","published_fit","EzGP",,15,1
"study2","primary_q4_calibration","primary_calibration_curve","published_fit","EzGP",,16,1
"study2","primary_q4_calibration","primary_calibration_curve","published_fit","EzGP",,17,1
"study2","primary_q4_calibration","primary_calibration_curve","published_fit","EzGP",,18,1
"study2","primary_q4_calibration","primary_calibration_curve","published_fit","EzGP",,19,1
"study2","primary_q4_calibration","primary_calibration_curve","published_fit","EzGP",,20,1
"study2","primary_q4_calibration","primary_calibration_curve","published_fit","EzGP",,21,1
"study2","primary_q4_calibration","primary_calibration_curve","published_fit","EzGP",,22,1
"study2","primary_q4_calibration","primary_calibration_curve","published_fit","EzGP",,23,1
"study2","primary_q4_calibration","primary_calibration_curve","published_fit","EzGP",,24,1
"study2","primary_q4_calibration","primary_calibration_curve","published_fit","EzGP",,25,1
"study2","primary_q4_calibration","primary_calibration_curve","published_fit","EzGP",,26,1
"study2","primary_q4_calibration","primary_calibration_curve","published_fit","EzGP",,27,1
"study2","primary_q4_calibration","primary_calibration_curve","published_fit","EzGP",,28,1
"study2","primary_q4_calibration","primary_calibration_curve","published_fit","EzGP",,29,1
"study2","primary_q4_calibration","primary_calibration_curve","published_fit","EzGP",,30,1
"study2","primary_q4_calibration","primary_calibration_curve","published_fit","EzGP",,31,1
"study2","primary_q4_calibration","primary_calibration_curve","published_fit","EzGP",,32,1
"study2","primary_q4_calibration","primary_calibration_curve","published_fit","EzGP",,33,1
"study2","primary_q4_calibration","primary_calibration_curve","published_fit","EzGP",,34,1
"study2","primary_q4_calibration","primary_calibration_curve","published_fit","EzGP",,35,1
"study2","primary_q4_calibration","primary_calibration_curve","published_fit","EzGP",,36,1
"study2","primary_q4_calibration","primary_calibration_curve","published_fit","EzGP",,37,1
"study2","primary_q4_calibration","primary_calibration_curve","published_fit","EzGP",,38,1
"study2","primary_q4_calibration","primary_calibration_curve","published_fit","EzGP",,39,1
"study2","primary_q4_calibration","primary_calibration_curve","published_fit","EzGP",,40,1
"study2","primary_q4_calibration","primary_calibration_curve","published_fit","EzGP",,41,1
"study2","primary_q4_calibration","primary_calibration_curve","published_fit","EzGP",,42,1
"study2","primary_q4_calibration","primary_calibration_curve","published_fit","EzGP",,43,1
"study2","primary_q4_calibration","primary_calibration_curve","published_fit","EzGP",,44,1
"study2","primary_q4_calibration","primary_calibration_curve","published_fit","EzGP",,45,1
"study2","primary_q4_calibration","primary_calibration_curve","published_fit","EzGP",,46,1
"study2","primary_q4_calibration","primary_calibration_curve","published_fit","EzGP",,47,1
"study2","primary_q4_calibration","primary_calibration_curve","published_fit","EzGP",,48,1
"study2","primary_q4_calibration","primary_calibration_curve","published_fit","EzGP",,49,1
"study2","primary_q4_calibration","primary_calibration_curve","published_fit","EzGP",,50,1
"study2","primary_q4_calibration","primary_calibration_curve","published_fit","EzGP",,51,1
"study2","primary_q4_calibration","primary_calibration_curve","published_fit","EzGP",,52,1
"study2","primary_q4_calibration","primary_calibration_curve","published_fit","EzGP",,53,1
"study2","primary_q4_calibration","primary_calibration_curve","published_fit","EzGP",,54,1
"study2","primary_q4_calibration","primary_calibration_curve","published_fit","EzGP",,55,1
"study2","primary_q4_calibration","primary_calibration_curve","published_fit","EzGP",,56,1
"study2","primary_q4_calibration","primary_calibration_curve","published_fit","EzGP",,57,1
"study2","primary_q4_calibration","primary_calibration_curve","published_fit","EzGP",,58,1
"study2","primary_q4_calibration","primary_calibration_curve","published_fit","EzGP",,59,1
"study2","primary_q4_calibration","primary_calibration_curve","published_fit","EzGP",,60,1
"study2","primary_q4_calibration","primary_calibration_curve","published_fit","EzGP",,61,1
"study2","primary_q4_calibration","primary_calibration_curve","published_fit","EzGP",,62,1
"study2","primary_q4_calibration","primary_calibration_curve","published_fit","EzGP",,63,1
"study2","primary_q4_calibration","primary_calibration_curve","published_fit","EzGP",,64,1
"study2","primary_q4_calibration","primary_calibration_curve","published_fit","EzGP",,65,1
"study2","primary_q4_calibration","primary_calibration_curve","published_fit","EzGP",,66,1
"study2","primary_q4_calibration","primary_calibration_curve","published_fit","EzGP",,67,1
"study2","primary_q4_calibration","primary_calibration_curve","published_fit","EzGP",,68,1
"study2","primary_q4_calibration","primary_calibration_curve","published_fit","EzGP",,69,1
"study2","primary_q4_calibration","primary_calibration_curve","published_fit","EzGP",,70,1
"study2","primary_q4_calibration","primary_calibration_curve","published_fit","EzGP",,71,1
"study2","primary_q4_calibration","primary_calibration_curve","published_fit","EzGP",,72,1
"study2","primary_q4_calibration","primary_calibration_curve","published_fit","EzGP",,73,1
"study2","primary_q4_calibration","primary_calibration_curve","published_fit","EzGP",,74,1
"study2","primary_q4_calibration","primary_calibration_curve","published_fit","EzGP",,75,1
"study2","primary_q4_calibration","primary_calibration_curve","published_fit","EzGP",,76,1
"study2","primary_q4_calibration","primary_calibration_curve","published_fit","EzGP",,77,1
"study2","primary_q4_calibration","primary_calibration_curve","published_fit","EzGP",,78,1
"study2","primary_q4_calibration","primary_calibration_curve","published_fit","EzGP",,79,1
"study2","primary_q4_calibration","primary_calibration_curve","published_fit","EzGP",,80,1
"study2","primary_q4_calibration","primary_calibration_curve","published_fit","EzGP",,81,1
"study2","primary_q4_calibration","primary_calibration_curve","published_fit","EzGP",,82,1
"study2","primary_q4_calibration","primary_calibration_curve","published_fit","EzGP",,83,1
"study2","primary_q4_calibration","primary_calibration_curve","published_fit","EzGP",,84,1
"study2","primary_q4_calibration","primary_calibration_curve","published_fit","EzGP",,85,1
"study2","primary_q4_calibration","primary_calibration_curve","published_fit","EzGP",,86,1
"study2","primary_q4_calibration","primary_calibration_curve","published_fit","EzGP",,87,1
"study2","primary_q4_calibration","primary_calibration_curve","published_fit","EzGP",,88,1
"study2","primary_q4_calibration","primary_calibration_curve","published_fit","EzGP",,89,1
"study2","primary_q4_calibration","primary_calibration_curve","published_fit","EzGP",,90,1
"study2","primary_q4_calibration","primary_calibration_curve","published_fit","EzGP",,91,1
"study2","primary_q4_calibration","primary_calibration_curve","published_fit","EzGP",,92,1
"study2","primary_q4_calibration","primary_calibration_curve","published_fit","EzGP",,93,1
"study2","primary_q4_calibration","primary_calibration_curve","published_fit","EzGP",,94,1
"study2","primary_q4_calibration","primary_calibration_curve","published_fit","EzGP",,95,1
"study2","primary_q4_calibration","primary_calibration_curve","published_fit","EzGP",,96,1
"study2","primary_q4_calibration","primary_calibration_curve","published_fit","EzGP",,97,1
"study2","primary_q4_calibration","primary_calibration_curve","published_fit","EzGP",,98,1
"study2","primary_q4_calibration","primary_calibration_curve","published_fit","EzGP",,99,1
"study2","primary_q4_calibration","primary_calibration_curve","published_fit","EzGP",,100,1
"study2","primary_q4_calibration","primary_calibration_curve","eiv_fit","EIV-GP",0,1,1
"study2","primary_q4_calibration","primary_calibration_curve","eiv_fit","EIV-GP",0,2,1
"study2","primary_q4_calibration","primary_calibration_curve","eiv_fit","EIV-GP",0,3,1
"study2","primary_q4_calibration","primary_calibration_curve","eiv_fit","EIV-GP",0,4,1
"study2","primary_q4_calibration","primary_calibration_curve","eiv_fit","EIV-GP",0,5,1
"study2","primary_q4_calibration","primary_calibration_curve","eiv_fit","EIV-GP",0,6,1
"study2","primary_q4_calibration","primary_calibration_curve","eiv_fit","EIV-GP",0,7,1
"study2","primary_q4_calibration","primary_calibration_curve","eiv_fit","EIV-GP",0,8,1
"study2","primary_q4_calibration","primary_calibration_curve","eiv_fit","EIV-GP",0,9,1
"study2","primary_q4_calibration","primary_calibration_curve","eiv_fit","EIV-GP",0,10,1
"study2","primary_q4_calibration","primary_calibration_curve","eiv_fit","EIV-GP",0,11,1
"study2","primary_q4_calibration","primary_calibration_curve","eiv_fit","EIV-GP",0,12,1
"study2","primary_q4_calibration","primary_calibration_curve","eiv_fit","EIV-GP",0,13,1
"study2","primary_q4_calibration","primary_calibration_curve","eiv_fit","EIV-GP",0,14,1
"study2","primary_q4_calibration","primary_calibration_curve","eiv_fit","EIV-GP",0,15,1
"study2","primary_q4_calibration","primary_calibration_curve","eiv_fit","EIV-GP",0,16,1
"study2","primary_q4_calibration","primary_calibration_curve","eiv_fit","EIV-GP",0,17,1
"study2","primary_q4_calibration","primary_calibration_curve","eiv_fit","EIV-GP",0,18,1
"study2","primary_q4_calibration","primary_calibration_curve","eiv_fit","EIV-GP",0,19,1
"study2","primary_q4_calibration","primary_calibration_curve","eiv_fit","EIV-GP",0,20,1
"study2","primary_q4_calibration","primary_calibration_curve","eiv_fit","EIV-GP",0,21,1
"study2","primary_q4_calibration","primary_calibration_curve","eiv_fit","EIV-GP",0,22,1
"study2","primary_q4_calibration","primary_calibration_curve","eiv_fit","EIV-GP",0,23,1
"study2","primary_q4_calibration","primary_calibration_curve","eiv_fit","EIV-GP",0,24,1
"study2","primary_q4_calibration","primary_calibration_curve","eiv_fit","EIV-GP",0,25,1
"study2","primary_q4_calibration","primary_calibration_curve","eiv_fit","EIV-GP",0,26,1
"study2","primary_q4_calibration","primary_calibration_curve","eiv_fit","EIV-GP",0,27,1
"study2","primary_q4_calibration","primary_calibration_curve","eiv_fit","EIV-GP",0,28,1
"study2","primary_q4_calibration","primary_calibration_curve","eiv_fit","EIV-GP",0,29,1
"study2","primary_q4_calibration","primary_calibration_curve","eiv_fit","EIV-GP",0,30,1
"study2","primary_q4_calibration","primary_calibration_curve","eiv_fit","EIV-GP",0,31,1
"study2","primary_q4_calibration","primary_calibration_curve","eiv_fit","EIV-GP",0,32,1
"study2","primary_q4_calibration","primary_calibration_curve","eiv_fit","EIV-GP",0,33,1
"study2","primary_q4_calibration","primary_calibration_curve","eiv_fit","EIV-GP",0,34,1
"study2","primary_q4_calibration","primary_calibration_curve","eiv_fit","EIV-GP",0,35,1
"study2","primary_q4_calibration","primary_calibration_curve","eiv_fit","EIV-GP",0,36,1
"study2","primary_q4_calibration","primary_calibration_curve","eiv_fit","EIV-GP",0,37,1
"study2","primary_q4_calibration","primary_calibration_curve","eiv_fit","EIV-GP",0,38,1
"study2","primary_q4_calibration","primary_calibration_curve","eiv_fit","EIV-GP",0,39,1
"study2","primary_q4_calibration","primary_calibration_curve","eiv_fit","EIV-GP",0,40,1
"study2","primary_q4_calibration","primary_calibration_curve","eiv_fit","EIV-GP",0,41,1
"study2","primary_q4_calibration","primary_calibration_curve","eiv_fit","EIV-GP",0,42,1
"study2","primary_q4_calibration","primary_calibration_curve","eiv_fit","EIV-GP",0,43,1
"study2","primary_q4_calibration","primary_calibration_curve","eiv_fit","EIV-GP",0,44,1
"study2","primary_q4_calibration","primary_calibration_curve","eiv_fit","EIV-GP",0,45,1
"study2","primary_q4_calibration","primary_calibration_curve","eiv_fit","EIV-GP",0,46,1
"study2","primary_q4_calibration","primary_calibration_curve","eiv_fit","EIV-GP",0,47,1
"study2","primary_q4_calibration","primary_calibration_curve","eiv_fit","EIV-GP",0,48,1
"study2","primary_q4_calibration","primary_calibration_curve","eiv_fit","EIV-GP",0,49,1
"study2","primary_q4_calibration","primary_calibration_curve","eiv_fit","EIV-GP",0,50,1
"study2","primary_q4_calibration","primary_calibration_curve","eiv_fit","EIV-GP",0,51,1
"study2","primary_q4_calibration","primary_calibration_curve","eiv_fit","EIV-GP",0,52,1
"study2","primary_q4_calibration","primary_calibration_curve","eiv_fit","EIV-GP",0,53,1
"study2","primary_q4_calibration","primary_calibration_curve","eiv_fit","EIV-GP",0,54,1
"study2","primary_q4_calibration","primary_calibration_curve","eiv_fit","EIV-GP",0,55,1
"study2","primary_q4_calibration","primary_calibration_curve","eiv_fit","EIV-GP",0,56,1
"study2","primary_q4_calibration","primary_calibration_curve","eiv_fit","EIV-GP",0,57,1
"study2","primary_q4_calibration","primary_calibration_curve","eiv_fit","EIV-GP",0,58,1
"study2","primary_q4_calibration","primary_calibration_curve","eiv_fit","EIV-GP",0,59,1
"study2","primary_q4_calibration","primary_calibration_curve","eiv_fit","EIV-GP",0,60,1
"study2","primary_q4_calibration","primary_calibration_curve","eiv_fit","EIV-GP",0,61,1
"study2","primary_q4_calibration","primary_calibration_curve","eiv_fit","EIV-GP",0,62,1
"study2","primary_q4_calibration","primary_calibration_curve","eiv_fit","EIV-GP",0,63,1
"study2","primary_q4_calibration","primary_calibration_curve","eiv_fit","EIV-GP",0,64,1
"study2","primary_q4_calibration","primary_calibration_curve","eiv_fit","EIV-GP",0,65,1
"study2","primary_q4_calibration","primary_calibration_curve","eiv_fit","EIV-GP",0,66,1
"study2","primary_q4_calibration","primary_calibration_curve","eiv_fit","EIV-GP",0,67,1
"study2","primary_q4_calibration","primary_calibration_curve","eiv_fit","EIV-GP",0,68,1
"study2","primary_q4_calibration","primary_calibration_curve","eiv_fit","EIV-GP",0,69,1
"study2","primary_q4_calibration","primary_calibration_curve","eiv_fit","EIV-GP",0,70,1
"study2","primary_q4_calibration","primary_calibration_curve","eiv_fit","EIV-GP",0,71,1
"study2","primary_q4_calibration","primary_calibration_curve","eiv_fit","EIV-GP",0,72,1
"study2","primary_q4_calibration","primary_calibration_curve","eiv_fit","EIV-GP",0,73,1
"study2","primary_q4_calibration","primary_calibration_curve","eiv_fit","EIV-GP",0,74,1
"study2","primary_q4_calibration","primary_calibration_curve","eiv_fit","EIV-GP",0,75,1
"study2","primary_q4_calibration","primary_calibration_curve","eiv_fit","EIV-GP",0,76,1
"study2","primary_q4_calibration","primary_calibration_curve","eiv_fit","EIV-GP",0,77,1
"study2","primary_q4_calibration","primary_calibration_curve","eiv_fit","EIV-GP",0,78,1
"study2","primary_q4_calibration","primary_calibration_curve","eiv_fit","EIV-GP",0,79,1
"study2","primary_q4_calibration","primary_calibration_curve","eiv_fit","EIV-GP",0,80,1
"study2","primary_q4_calibration","primary_calibration_curve","eiv_fit","EIV-GP",0,81,1
"study2","primary_q4_calibration","primary_calibration_curve","eiv_fit","EIV-GP",0,82,1
"study2","primary_q4_calibration","primary_calibration_curve","eiv_fit","EIV-GP",0,83,1
"study2","primary_q4_calibration","primary_calibration_curve","eiv_fit","EIV-GP",0,84,1
"study2","primary_q4_calibration","primary_calibration_curve","eiv_fit","EIV-GP",0,85,1
"study2","primary_q4_calibration","primary_calibration_curve","eiv_fit","EIV-GP",0,86,1
"study2","primary_q4_calibration","primary_calibration_curve","eiv_fit","EIV-GP",0,87,1
"study2","primary_q4_calibration","primary_calibration_curve","eiv_fit","EIV-GP",0,88,1
"study2","primary_q4_calibration","primary_calibration_curve","eiv_fit","EIV-GP",0,89,1
"study2","primary_q4_calibration","primary_calibration_curve","eiv_fit","EIV-GP",0,90,1
"study2","primary_q4_calibration","primary_calibration_curve","eiv_fit","EIV-GP",0,91,1
"study2","primary_q4_calibration","primary_calibration_curve","eiv_fit","EIV-GP",0,92,1
"study2","primary_q4_calibration","primary_calibration_curve","eiv_fit","EIV-GP",0,93,1
"study2","primary_q4_calibration","primary_calibration_curve","eiv_fit","EIV-GP",0,94,1
"study2","primary_q4_calibration","primary_calibration_curve","eiv_fit","EIV-GP",0,95,1
"study2","primary_q4_calibration","primary_calibration_curve","eiv_fit","EIV-GP",0,96,1
"study2","primary_q4_calibration","primary_calibration_curve","eiv_fit","EIV-GP",0,97,1
"study2","primary_q4_calibration","primary_calibration_curve","eiv_fit","EIV-GP",0,98,1
"study2","primary_q4_calibration","primary_calibration_curve","eiv_fit","EIV-GP",0,99,1
"study2","primary_q4_calibration","primary_calibration_curve","eiv_fit","EIV-GP",0,100,1
"study2","primary_q4_calibration","primary_calibration_curve","eiv_fit","EIV-GP",6,1,1
"study2","primary_q4_calibration","primary_calibration_curve","eiv_fit","EIV-GP",6,2,1
"study2","primary_q4_calibration","primary_calibration_curve","eiv_fit","EIV-GP",6,3,1
"study2","primary_q4_calibration","primary_calibration_curve","eiv_fit","EIV-GP",6,4,1
"study2","primary_q4_calibration","primary_calibration_curve","eiv_fit","EIV-GP",6,5,1
"study2","primary_q4_calibration","primary_calibration_curve","eiv_fit","EIV-GP",6,6,1
"study2","primary_q4_calibration","primary_calibration_curve","eiv_fit","EIV-GP",6,7,1
"study2","primary_q4_calibration","primary_calibration_curve","eiv_fit","EIV-GP",6,8,1
"study2","primary_q4_calibration","primary_calibration_curve","eiv_fit","EIV-GP",6,9,1
"study2","primary_q4_calibration","primary_calibration_curve","eiv_fit","EIV-GP",6,10,1
"study2","primary_q4_calibration","primary_calibration_curve","eiv_fit","EIV-GP",6,11,1
"study2","primary_q4_calibration","primary_calibration_curve","eiv_fit","EIV-GP",6,12,1
"study2","primary_q4_calibration","primary_calibration_curve","eiv_fit","EIV-GP",6,13,1
"study2","primary_q4_calibration","primary_calibration_curve","eiv_fit","EIV-GP",6,14,1
"study2","primary_q4_calibration","primary_calibration_curve","eiv_fit","EIV-GP",6,15,1
"study2","primary_q4_calibration","primary_calibration_curve","eiv_fit","EIV-GP",6,16,1
"study2","primary_q4_calibration","primary_calibration_curve","eiv_fit","EIV-GP",6,17,1
"study2","primary_q4_calibration","primary_calibration_curve","eiv_fit","EIV-GP",6,18,1
"study2","primary_q4_calibration","primary_calibration_curve","eiv_fit","EIV-GP",6,19,1
"study2","primary_q4_calibration","primary_calibration_curve","eiv_fit","EIV-GP",6,20,1
"study2","primary_q4_calibration","primary_calibration_curve","eiv_fit","EIV-GP",6,21,1
"study2","primary_q4_calibration","primary_calibration_curve","eiv_fit","EIV-GP",6,22,1
"study2","primary_q4_calibration","primary_calibration_curve","eiv_fit","EIV-GP",6,23,1
"study2","primary_q4_calibration","primary_calibration_curve","eiv_fit","EIV-GP",6,24,1
"study2","primary_q4_calibration","primary_calibration_curve","eiv_fit","EIV-GP",6,25,1
"study2","primary_q4_calibration","primary_calibration_curve","eiv_fit","EIV-GP",6,26,1
"study2","primary_q4_calibration","primary_calibration_curve","eiv_fit","EIV-GP",6,27,1
"study2","primary_q4_calibration","primary_calibration_curve","eiv_fit","EIV-GP",6,28,1
"study2","primary_q4_calibration","primary_calibration_curve","eiv_fit","EIV-GP",6,29,1
"study2","primary_q4_calibration","primary_calibration_curve","eiv_fit","EIV-GP",6,30,1
"study2","primary_q4_calibration","primary_calibration_curve","eiv_fit","EIV-GP",6,31,1
"study2","primary_q4_calibration","primary_calibration_curve","eiv_fit","EIV-GP",6,32,1
"study2","primary_q4_calibration","primary_calibration_curve","eiv_fit","EIV-GP",6,33,1
"study2","primary_q4_calibration","primary_calibration_curve","eiv_fit","EIV-GP",6,34,1
"study2","primary_q4_calibration","primary_calibration_curve","eiv_fit","EIV-GP",6,35,1
"study2","primary_q4_calibration","primary_calibration_curve","eiv_fit","EIV-GP",6,36,1
"study2","primary_q4_calibration","primary_calibration_curve","eiv_fit","EIV-GP",6,37,1
"study2","primary_q4_calibration","primary_calibration_curve","eiv_fit","EIV-GP",6,38,1
"study2","primary_q4_calibration","primary_calibration_curve","eiv_fit","EIV-GP",6,39,1
"study2","primary_q4_calibration","primary_calibration_curve","eiv_fit","EIV-GP",6,40,1
"study2","primary_q4_calibration","primary_calibration_curve","eiv_fit","EIV-GP",6,41,1
"study2","primary_q4_calibration","primary_calibration_curve","eiv_fit","EIV-GP",6,42,1
"study2","primary_q4_calibration","primary_calibration_curve","eiv_fit","EIV-GP",6,43,1
"study2","primary_q4_calibration","primary_calibration_curve","eiv_fit","EIV-GP",6,44,1
"study2","primary_q4_calibration","primary_calibration_curve","eiv_fit","EIV-GP",6,45,1
"study2","primary_q4_calibration","primary_calibration_curve","eiv_fit","EIV-GP",6,46,1
"study2","primary_q4_calibration","primary_calibration_curve","eiv_fit","EIV-GP",6,47,1
"study2","primary_q4_calibration","primary_calibration_curve","eiv_fit","EIV-GP",6,48,1
"study2","primary_q4_calibration","primary_calibration_curve","eiv_fit","EIV-GP",6,49,1
"study2","primary_q4_calibration","primary_calibration_curve","eiv_fit","EIV-GP",6,50,1
"study2","primary_q4_calibration","primary_calibration_curve","eiv_fit","EIV-GP",6,51,1
"study2","primary_q4_calibration","primary_calibration_curve","eiv_fit","EIV-GP",6,52,1
"study2","primary_q4_calibration","primary_calibration_curve","eiv_fit","EIV-GP",6,53,1
"study2","primary_q4_calibration","primary_calibration_curve","eiv_fit","EIV-GP",6,54,1
"study2","primary_q4_calibration","primary_calibration_curve","eiv_fit","EIV-GP",6,55,1
"study2","primary_q4_calibration","primary_calibration_curve","eiv_fit","EIV-GP",6,56,1
"study2","primary_q4_calibration","primary_calibration_curve","eiv_fit","EIV-GP",6,57,1
"study2","primary_q4_calibration","primary_calibration_curve","eiv_fit","EIV-GP",6,58,1
"study2","primary_q4_calibration","primary_calibration_curve","eiv_fit","EIV-GP",6,59,1
"study2","primary_q4_calibration","primary_calibration_curve","eiv_fit","EIV-GP",6,60,1
"study2","primary_q4_calibration","primary_calibration_curve","eiv_fit","EIV-GP",6,61,1
"study2","primary_q4_calibration","primary_calibration_curve","eiv_fit","EIV-GP",6,62,1
"study2","primary_q4_calibration","primary_calibration_curve","eiv_fit","EIV-GP",6,63,1
"study2","primary_q4_calibration","primary_calibration_curve","eiv_fit","EIV-GP",6,64,1
"study2","primary_q4_calibration","primary_calibration_curve","eiv_fit","EIV-GP",6,65,1
"study2","primary_q4_calibration","primary_calibration_curve","eiv_fit","EIV-GP",6,66,1
"study2","primary_q4_calibration","primary_calibration_curve","eiv_fit","EIV-GP",6,67,1
"study2","primary_q4_calibration","primary_calibration_curve","eiv_fit","EIV-GP",6,68,1
"study2","primary_q4_calibration","primary_calibration_curve","eiv_fit","EIV-GP",6,69,1
"study2","primary_q4_calibration","primary_calibration_curve","eiv_fit","EIV-GP",6,70,1
"study2","primary_q4_calibration","primary_calibration_curve","eiv_fit","EIV-GP",6,71,1
"study2","primary_q4_calibration","primary_calibration_curve","eiv_fit","EIV-GP",6,72,1
"study2","primary_q4_calibration","primary_calibration_curve","eiv_fit","EIV-GP",6,73,1
"study2","primary_q4_calibration","primary_calibration_curve","eiv_fit","EIV-GP",6,74,1
"study2","primary_q4_calibration","primary_calibration_curve","eiv_fit","EIV-GP",6,75,1
"study2","primary_q4_calibration","primary_calibration_curve","eiv_fit","EIV-GP",6,76,1
"study2","primary_q4_calibration","primary_calibration_curve","eiv_fit","EIV-GP",6,77,1
"study2","primary_q4_calibration","primary_calibration_curve","eiv_fit","EIV-GP",6,78,1
"study2","primary_q4_calibration","primary_calibration_curve","eiv_fit","EIV-GP",6,79,1
"study2","primary_q4_calibration","primary_calibration_curve","eiv_fit","EIV-GP",6,80,1
"study2","primary_q4_calibration","primary_calibration_curve","eiv_fit","EIV-GP",6,81,1
"study2","primary_q4_calibration","primary_calibration_curve","eiv_fit","EIV-GP",6,82,1
"study2","primary_q4_calibration","primary_calibration_curve","eiv_fit","EIV-GP",6,83,1
"study2","primary_q4_calibration","primary_calibration_curve","eiv_fit","EIV-GP",6,84,1
"study2","primary_q4_calibration","primary_calibration_curve","eiv_fit","EIV-GP",6,85,1
"study2","primary_q4_calibration","primary_calibration_curve","eiv_fit","EIV-GP",6,86,1
"study2","primary_q4_calibration","primary_calibration_curve","eiv_fit","EIV-GP",6,87,1
"study2","primary_q4_calibration","primary_calibration_curve","eiv_fit","EIV-GP",6,88,1
"study2","primary_q4_calibration","primary_calibration_curve","eiv_fit","EIV-GP",6,89,1
"study2","primary_q4_calibration","primary_calibration_curve","eiv_fit","EIV-GP",6,90,1
"study2","primary_q4_calibration","primary_calibration_curve","eiv_fit","EIV-GP",6,91,1
"study2","primary_q4_calibration","primary_calibration_curve","eiv_fit","EIV-GP",6,92,1
"study2","primary_q4_calibration","primary_calibration_curve","eiv_fit","EIV-GP",6,93,1
"study2","primary_q4_calibration","primary_calibration_curve","eiv_fit","EIV-GP",6,94,1
"study2","primary_q4_calibration","primary_calibration_curve","eiv_fit","EIV-GP",6,95,1
"study2","primary_q4_calibration","primary_calibration_curve","eiv_fit","EIV-GP",6,96,1
"study2","primary_q4_calibration","primary_calibration_curve","eiv_fit","EIV-GP",6,97,1
"study2","primary_q4_calibration","primary_calibration_curve","eiv_fit","EIV-GP",6,98,1
"study2","primary_q4_calibration","primary_calibration_curve","eiv_fit","EIV-GP",6,99,1
"study2","primary_q4_calibration","primary_calibration_curve","eiv_fit","EIV-GP",6,100,1
"study2","primary_q4_calibration","primary_calibration_curve","eiv_fit","EIV-GP",12,1,1
"study2","primary_q4_calibration","primary_calibration_curve","eiv_fit","EIV-GP",12,2,1
"study2","primary_q4_calibration","primary_calibration_curve","eiv_fit","EIV-GP",12,3,1
"study2","primary_q4_calibration","primary_calibration_curve","eiv_fit","EIV-GP",12,4,1
"study2","primary_q4_calibration","primary_calibration_curve","eiv_fit","EIV-GP",12,5,1
"study2","primary_q4_calibration","primary_calibration_curve","eiv_fit","EIV-GP",12,6,1
"study2","primary_q4_calibration","primary_calibration_curve","eiv_fit","EIV-GP",12,7,1
"study2","primary_q4_calibration","primary_calibration_curve","eiv_fit","EIV-GP",12,8,1
"study2","primary_q4_calibration","primary_calibration_curve","eiv_fit","EIV-GP",12,9,1
"study2","primary_q4_calibration","primary_calibration_curve","eiv_fit","EIV-GP",12,10,1
"study2","primary_q4_calibration","primary_calibration_curve","eiv_fit","EIV-GP",12,11,1
"study2","primary_q4_calibration","primary_calibration_curve","eiv_fit","EIV-GP",12,12,1
"study2","primary_q4_calibration","primary_calibration_curve","eiv_fit","EIV-GP",12,13,1
"study2","primary_q4_calibration","primary_calibration_curve","eiv_fit","EIV-GP",12,14,1
"study2","primary_q4_calibration","primary_calibration_curve","eiv_fit","EIV-GP",12,15,1
"study2","primary_q4_calibration","primary_calibration_curve","eiv_fit","EIV-GP",12,16,1
"study2","primary_q4_calibration","primary_calibration_curve","eiv_fit","EIV-GP",12,17,1
"study2","primary_q4_calibration","primary_calibration_curve","eiv_fit","EIV-GP",12,18,1
"study2","primary_q4_calibration","primary_calibration_curve","eiv_fit","EIV-GP",12,19,1
"study2","primary_q4_calibration","primary_calibration_curve","eiv_fit","EIV-GP",12,20,1
"study2","primary_q4_calibration","primary_calibration_curve","eiv_fit","EIV-GP",12,21,1
"study2","primary_q4_calibration","primary_calibration_curve","eiv_fit","EIV-GP",12,22,1
"study2","primary_q4_calibration","primary_calibration_curve","eiv_fit","EIV-GP",12,23,1
"study2","primary_q4_calibration","primary_calibration_curve","eiv_fit","EIV-GP",12,24,1
"study2","primary_q4_calibration","primary_calibration_curve","eiv_fit","EIV-GP",12,25,1
"study2","primary_q4_calibration","primary_calibration_curve","eiv_fit","EIV-GP",12,26,1
"study2","primary_q4_calibration","primary_calibration_curve","eiv_fit","EIV-GP",12,27,1
"study2","primary_q4_calibration","primary_calibration_curve","eiv_fit","EIV-GP",12,28,1
"study2","primary_q4_calibration","primary_calibration_curve","eiv_fit","EIV-GP",12,29,1
"study2","primary_q4_calibration","primary_calibration_curve","eiv_fit","EIV-GP",12,30,1
"study2","primary_q4_calibration","primary_calibration_curve","eiv_fit","EIV-GP",12,31,1
"study2","primary_q4_calibration","primary_calibration_curve","eiv_fit","EIV-GP",12,32,1
"study2","primary_q4_calibration","primary_calibration_curve","eiv_fit","EIV-GP",12,33,1
"study2","primary_q4_calibration","primary_calibration_curve","eiv_fit","EIV-GP",12,34,1
"study2","primary_q4_calibration","primary_calibration_curve","eiv_fit","EIV-GP",12,35,1
"study2","primary_q4_calibration","primary_calibration_curve","eiv_fit","EIV-GP",12,36,1
"study2","primary_q4_calibration","primary_calibration_curve","eiv_fit","EIV-GP",12,37,1
"study2","primary_q4_calibration","primary_calibration_curve","eiv_fit","EIV-GP",12,38,1
"study2","primary_q4_calibration","primary_calibration_curve","eiv_fit","EIV-GP",12,39,1
"study2","primary_q4_calibration","primary_calibration_curve","eiv_fit","EIV-GP",12,40,1
"study2","primary_q4_calibration","primary_calibration_curve","eiv_fit","EIV-GP",12,41,1
"study2","primary_q4_calibration","primary_calibration_curve","eiv_fit","EIV-GP",12,42,1
"study2","primary_q4_calibration","primary_calibration_curve","eiv_fit","EIV-GP",12,43,1
"study2","primary_q4_calibration","primary_calibration_curve","eiv_fit","EIV-GP",12,44,1
"study2","primary_q4_calibration","primary_calibration_curve","eiv_fit","EIV-GP",12,45,1
"study2","primary_q4_calibration","primary_calibration_curve","eiv_fit","EIV-GP",12,46,1
"study2","primary_q4_calibration","primary_calibration_curve","eiv_fit","EIV-GP",12,47,1
"study2","primary_q4_calibration","primary_calibration_curve","eiv_fit","EIV-GP",12,48,1
"study2","primary_q4_calibration","primary_calibration_curve","eiv_fit","EIV-GP",12,49,1
"study2","primary_q4_calibration","primary_calibration_curve","eiv_fit","EIV-GP",12,50,1
"study2","primary_q4_calibration","primary_calibration_curve","eiv_fit","EIV-GP",12,51,1
"study2","primary_q4_calibration","primary_calibration_curve","eiv_fit","EIV-GP",12,52,1
"study2","primary_q4_calibration","primary_calibration_curve","eiv_fit","EIV-GP",12,53,1
"study2","primary_q4_calibration","primary_calibration_curve","eiv_fit","EIV-GP",12,54,1
"study2","primary_q4_calibration","primary_calibration_curve","eiv_fit","EIV-GP",12,55,1
"study2","primary_q4_calibration","primary_calibration_curve","eiv_fit","EIV-GP",12,56,1
"study2","primary_q4_calibration","primary_calibration_curve","eiv_fit","EIV-GP",12,57,1
"study2","primary_q4_calibration","primary_calibration_curve","eiv_fit","EIV-GP",12,58,1
"study2","primary_q4_calibration","primary_calibration_curve","eiv_fit","EIV-GP",12,59,1
"study2","primary_q4_calibration","primary_calibration_curve","eiv_fit","EIV-GP",12,60,1
"study2","primary_q4_calibration","primary_calibration_curve","eiv_fit","EIV-GP",12,61,1
"study2","primary_q4_calibration","primary_calibration_curve","eiv_fit","EIV-GP",12,62,1
"study2","primary_q4_calibration","primary_calibration_curve","eiv_fit","EIV-GP",12,63,1
"study2","primary_q4_calibration","primary_calibration_curve","eiv_fit","EIV-GP",12,64,1
"study2","primary_q4_calibration","primary_calibration_curve","eiv_fit","EIV-GP",12,65,1
"study2","primary_q4_calibration","primary_calibration_curve","eiv_fit","EIV-GP",12,66,1
"study2","primary_q4_calibration","primary_calibration_curve","eiv_fit","EIV-GP",12,67,1
"study2","primary_q4_calibration","primary_calibration_curve","eiv_fit","EIV-GP",12,68,1
"study2","primary_q4_calibration","primary_calibration_curve","eiv_fit","EIV-GP",12,69,1
"study2","primary_q4_calibration","primary_calibration_curve","eiv_fit","EIV-GP",12,70,1
"study2","primary_q4_calibration","primary_calibration_curve","eiv_fit","EIV-GP",12,71,1
"study2","primary_q4_calibration","primary_calibration_curve","eiv_fit","EIV-GP",12,72,1
"study2","primary_q4_calibration","primary_calibration_curve","eiv_fit","EIV-GP",12,73,1
"study2","primary_q4_calibration","primary_calibration_curve","eiv_fit","EIV-GP",12,74,1
"study2","primary_q4_calibration","primary_calibration_curve","eiv_fit","EIV-GP",12,75,1
"study2","primary_q4_calibration","primary_calibration_curve","eiv_fit","EIV-GP",12,76,1
"study2","primary_q4_calibration","primary_calibration_curve","eiv_fit","EIV-GP",12,77,1
"study2","primary_q4_calibration","primary_calibration_curve","eiv_fit","EIV-GP",12,78,1
"study2","primary_q4_calibration","primary_calibration_curve","eiv_fit","EIV-GP",12,79,1
"study2","primary_q4_calibration","primary_calibration_curve","eiv_fit","EIV-GP",12,80,1
"study2","primary_q4_calibration","primary_calibration_curve","eiv_fit","EIV-GP",12,81,1
"study2","primary_q4_calibration","primary_calibration_curve","eiv_fit","EIV-GP",12,82,1
"study2","primary_q4_calibration","primary_calibration_curve","eiv_fit","EIV-GP",12,83,1
"study2","primary_q4_calibration","primary_calibration_curve","eiv_fit","EIV-GP",12,84,1
"study2","primary_q4_calibration","primary_calibration_curve","eiv_fit","EIV-GP",12,85,1
"study2","primary_q4_calibration","primary_calibration_curve","eiv_fit","EIV-GP",12,86,1
"study2","primary_q4_calibration","primary_calibration_curve","eiv_fit","EIV-GP",12,87,1
"study2","primary_q4_calibration","primary_calibration_curve","eiv_fit","EIV-GP",12,88,1
"study2","primary_q4_calibration","primary_calibration_curve","eiv_fit","EIV-GP",12,89,1
"study2","primary_q4_calibration","primary_calibration_curve","eiv_fit","EIV-GP",12,90,1
"study2","primary_q4_calibration","primary_calibration_curve","eiv_fit","EIV-GP",12,91,1
"study2","primary_q4_calibration","primary_calibration_curve","eiv_fit","EIV-GP",12,92,1
"study2","primary_q4_calibration","primary_calibration_curve","eiv_fit","EIV-GP",12,93,1
"study2","primary_q4_calibration","primary_calibration_curve","eiv_fit","EIV-GP",12,94,1
"study2","primary_q4_calibration","primary_calibration_curve","eiv_fit","EIV-GP",12,95,1
"study2","primary_q4_calibration","primary_calibration_curve","eiv_fit","EIV-GP",12,96,1
"study2","primary_q4_calibration","primary_calibration_curve","eiv_fit","EIV-GP",12,97,1
"study2","primary_q4_calibration","primary_calibration_curve","eiv_fit","EIV-GP",12,98,1
"study2","primary_q4_calibration","primary_calibration_curve","eiv_fit","EIV-GP",12,99,1
"study2","primary_q4_calibration","primary_calibration_curve","eiv_fit","EIV-GP",12,100,1
"study2","primary_q4_calibration","primary_calibration_curve","eiv_fit","EIV-GP",24,1,1
"study2","primary_q4_calibration","primary_calibration_curve","eiv_fit","EIV-GP",24,2,1
"study2","primary_q4_calibration","primary_calibration_curve","eiv_fit","EIV-GP",24,3,1
"study2","primary_q4_calibration","primary_calibration_curve","eiv_fit","EIV-GP",24,4,1
"study2","primary_q4_calibration","primary_calibration_curve","eiv_fit","EIV-GP",24,5,1
"study2","primary_q4_calibration","primary_calibration_curve","eiv_fit","EIV-GP",24,6,1
"study2","primary_q4_calibration","primary_calibration_curve","eiv_fit","EIV-GP",24,7,1
"study2","primary_q4_calibration","primary_calibration_curve","eiv_fit","EIV-GP",24,8,1
"study2","primary_q4_calibration","primary_calibration_curve","eiv_fit","EIV-GP",24,9,1
"study2","primary_q4_calibration","primary_calibration_curve","eiv_fit","EIV-GP",24,10,1
"study2","primary_q4_calibration","primary_calibration_curve","eiv_fit","EIV-GP",24,11,1
"study2","primary_q4_calibration","primary_calibration_curve","eiv_fit","EIV-GP",24,12,1
"study2","primary_q4_calibration","primary_calibration_curve","eiv_fit","EIV-GP",24,13,1
"study2","primary_q4_calibration","primary_calibration_curve","eiv_fit","EIV-GP",24,14,1
"study2","primary_q4_calibration","primary_calibration_curve","eiv_fit","EIV-GP",24,15,1
"study2","primary_q4_calibration","primary_calibration_curve","eiv_fit","EIV-GP",24,16,1
"study2","primary_q4_calibration","primary_calibration_curve","eiv_fit","EIV-GP",24,17,1
"study2","primary_q4_calibration","primary_calibration_curve","eiv_fit","EIV-GP",24,18,1
"study2","primary_q4_calibration","primary_calibration_curve","eiv_fit","EIV-GP",24,19,1
"study2","primary_q4_calibration","primary_calibration_curve","eiv_fit","EIV-GP",24,20,1
"study2","primary_q4_calibration","primary_calibration_curve","eiv_fit","EIV-GP",24,21,1
"study2","primary_q4_calibration","primary_calibration_curve","eiv_fit","EIV-GP",24,22,1
"study2","primary_q4_calibration","primary_calibration_curve","eiv_fit","EIV-GP",24,23,1
"study2","primary_q4_calibration","primary_calibration_curve","eiv_fit","EIV-GP",24,24,1
"study2","primary_q4_calibration","primary_calibration_curve","eiv_fit","EIV-GP",24,25,1
"study2","primary_q4_calibration","primary_calibration_curve","eiv_fit","EIV-GP",24,26,1
"study2","primary_q4_calibration","primary_calibration_curve","eiv_fit","EIV-GP",24,27,1
"study2","primary_q4_calibration","primary_calibration_curve","eiv_fit","EIV-GP",24,28,1
"study2","primary_q4_calibration","primary_calibration_curve","eiv_fit","EIV-GP",24,29,1
"study2","primary_q4_calibration","primary_calibration_curve","eiv_fit","EIV-GP",24,30,1
"study2","primary_q4_calibration","primary_calibration_curve","eiv_fit","EIV-GP",24,31,1
"study2","primary_q4_calibration","primary_calibration_curve","eiv_fit","EIV-GP",24,32,1
"study2","primary_q4_calibration","primary_calibration_curve","eiv_fit","EIV-GP",24,33,1
"study2","primary_q4_calibration","primary_calibration_curve","eiv_fit","EIV-GP",24,34,1
"study2","primary_q4_calibration","primary_calibration_curve","eiv_fit","EIV-GP",24,35,1
"study2","primary_q4_calibration","primary_calibration_curve","eiv_fit","EIV-GP",24,36,1
"study2","primary_q4_calibration","primary_calibration_curve","eiv_fit","EIV-GP",24,37,1
"study2","primary_q4_calibration","primary_calibration_curve","eiv_fit","EIV-GP",24,38,1
"study2","primary_q4_calibration","primary_calibration_curve","eiv_fit","EIV-GP",24,39,1
"study2","primary_q4_calibration","primary_calibration_curve","eiv_fit","EIV-GP",24,40,1
"study2","primary_q4_calibration","primary_calibration_curve","eiv_fit","EIV-GP",24,41,1
"study2","primary_q4_calibration","primary_calibration_curve","eiv_fit","EIV-GP",24,42,1
"study2","primary_q4_calibration","primary_calibration_curve","eiv_fit","EIV-GP",24,43,1
"study2","primary_q4_calibration","primary_calibration_curve","eiv_fit","EIV-GP",24,44,1
"study2","primary_q4_calibration","primary_calibration_curve","eiv_fit","EIV-GP",24,45,1
"study2","primary_q4_calibration","primary_calibration_curve","eiv_fit","EIV-GP",24,46,1
"study2","primary_q4_calibration","primary_calibration_curve","eiv_fit","EIV-GP",24,47,1
"study2","primary_q4_calibration","primary_calibration_curve","eiv_fit","EIV-GP",24,48,1
"study2","primary_q4_calibration","primary_calibration_curve","eiv_fit","EIV-GP",24,49,1
"study2","primary_q4_calibration","primary_calibration_curve","eiv_fit","EIV-GP",24,50,1
"study2","primary_q4_calibration","primary_calibration_curve","eiv_fit","EIV-GP",24,51,1
"study2","primary_q4_calibration","primary_calibration_curve","eiv_fit","EIV-GP",24,52,1
"study2","primary_q4_calibration","primary_calibration_curve","eiv_fit","EIV-GP",24,53,1
"study2","primary_q4_calibration","primary_calibration_curve","eiv_fit","EIV-GP",24,54,1
"study2","primary_q4_calibration","primary_calibration_curve","eiv_fit","EIV-GP",24,55,1
"study2","primary_q4_calibration","primary_calibration_curve","eiv_fit","EIV-GP",24,56,1
"study2","primary_q4_calibration","primary_calibration_curve","eiv_fit","EIV-GP",24,57,1
"study2","primary_q4_calibration","primary_calibration_curve","eiv_fit","EIV-GP",24,58,1
"study2","primary_q4_calibration","primary_calibration_curve","eiv_fit","EIV-GP",24,59,1
"study2","primary_q4_calibration","primary_calibration_curve","eiv_fit","EIV-GP",24,60,1
"study2","primary_q4_calibration","primary_calibration_curve","eiv_fit","EIV-GP",24,61,1
"study2","primary_q4_calibration","primary_calibration_curve","eiv_fit","EIV-GP",24,62,1
"study2","primary_q4_calibration","primary_calibration_curve","eiv_fit","EIV-GP",24,63,1
"study2","primary_q4_calibration","primary_calibration_curve","eiv_fit","EIV-GP",24,64,1
"study2","primary_q4_calibration","primary_calibration_curve","eiv_fit","EIV-GP",24,65,1
"study2","primary_q4_calibration","primary_calibration_curve","eiv_fit","EIV-GP",24,66,1
"study2","primary_q4_calibration","primary_calibration_curve","eiv_fit","EIV-GP",24,67,1
"study2","primary_q4_calibration","primary_calibration_curve","eiv_fit","EIV-GP",24,68,1
"study2","primary_q4_calibration","primary_calibration_curve","eiv_fit","EIV-GP",24,69,1
"study2","primary_q4_calibration","primary_calibration_curve","eiv_fit","EIV-GP",24,70,1
"study2","primary_q4_calibration","primary_calibration_curve","eiv_fit","EIV-GP",24,71,1
"study2","primary_q4_calibration","primary_calibration_curve","eiv_fit","EIV-GP",24,72,1
"study2","primary_q4_calibration","primary_calibration_curve","eiv_fit","EIV-GP",24,73,1
"study2","primary_q4_calibration","primary_calibration_curve","eiv_fit","EIV-GP",24,74,1
"study2","primary_q4_calibration","primary_calibration_curve","eiv_fit","EIV-GP",24,75,1
"study2","primary_q4_calibration","primary_calibration_curve","eiv_fit","EIV-GP",24,76,1
"study2","primary_q4_calibration","primary_calibration_curve","eiv_fit","EIV-GP",24,77,1
"study2","primary_q4_calibration","primary_calibration_curve","eiv_fit","EIV-GP",24,78,1
"study2","primary_q4_calibration","primary_calibration_curve","eiv_fit","EIV-GP",24,79,1
"study2","primary_q4_calibration","primary_calibration_curve","eiv_fit","EIV-GP",24,80,1
"study2","primary_q4_calibration","primary_calibration_curve","eiv_fit","EIV-GP",24,81,1
"study2","primary_q4_calibration","primary_calibration_curve","eiv_fit","EIV-GP",24,82,1
"study2","primary_q4_calibration","primary_calibration_curve","eiv_fit","EIV-GP",24,83,1
"study2","primary_q4_calibration","primary_calibration_curve","eiv_fit","EIV-GP",24,84,1
"study2","primary_q4_calibration","primary_calibration_curve","eiv_fit","EIV-GP",24,85,1
"study2","primary_q4_calibration","primary_calibration_curve","eiv_fit","EIV-GP",24,86,1
"study2","primary_q4_calibration","primary_calibration_curve","eiv_fit","EIV-GP",24,87,1
"study2","primary_q4_calibration","primary_calibration_curve","eiv_fit","EIV-GP",24,88,1
"study2","primary_q4_calibration","primary_calibration_curve","eiv_fit","EIV-GP",24,89,1
"study2","primary_q4_calibration","primary_calibration_curve","eiv_fit","EIV-GP",24,90,1
"study2","primary_q4_calibration","primary_calibration_curve","eiv_fit","EIV-GP",24,91,1
"study2","primary_q4_calibration","primary_calibration_curve","eiv_fit","EIV-GP",24,92,1
"study2","primary_q4_calibration","primary_calibration_curve","eiv_fit","EIV-GP",24,93,1
"study2","primary_q4_calibration","primary_calibration_curve","eiv_fit","EIV-GP",24,94,1
"study2","primary_q4_calibration","primary_calibration_curve","eiv_fit","EIV-GP",24,95,1
"study2","primary_q4_calibration","primary_calibration_curve","eiv_fit","EIV-GP",24,96,1
"study2","primary_q4_calibration","primary_calibration_curve","eiv_fit","EIV-GP",24,97,1
"study2","primary_q4_calibration","primary_calibration_curve","eiv_fit","EIV-GP",24,98,1
"study2","primary_q4_calibration","primary_calibration_curve","eiv_fit","EIV-GP",24,99,1
"study2","primary_q4_calibration","primary_calibration_curve","eiv_fit","EIV-GP",24,100,1
"study2","primary_q4_calibration","primary_calibration_curve","eiv_fit","EIV-GP",48,1,1
"study2","primary_q4_calibration","primary_calibration_curve","eiv_fit","EIV-GP",48,2,1
"study2","primary_q4_calibration","primary_calibration_curve","eiv_fit","EIV-GP",48,3,1
"study2","primary_q4_calibration","primary_calibration_curve","eiv_fit","EIV-GP",48,4,1
"study2","primary_q4_calibration","primary_calibration_curve","eiv_fit","EIV-GP",48,5,1
"study2","primary_q4_calibration","primary_calibration_curve","eiv_fit","EIV-GP",48,6,1
"study2","primary_q4_calibration","primary_calibration_curve","eiv_fit","EIV-GP",48,7,1
"study2","primary_q4_calibration","primary_calibration_curve","eiv_fit","EIV-GP",48,8,1
"study2","primary_q4_calibration","primary_calibration_curve","eiv_fit","EIV-GP",48,9,1
"study2","primary_q4_calibration","primary_calibration_curve","eiv_fit","EIV-GP",48,10,1
"study2","primary_q4_calibration","primary_calibration_curve","eiv_fit","EIV-GP",48,11,1
"study2","primary_q4_calibration","primary_calibration_curve","eiv_fit","EIV-GP",48,12,1
"study2","primary_q4_calibration","primary_calibration_curve","eiv_fit","EIV-GP",48,13,1
"study2","primary_q4_calibration","primary_calibration_curve","eiv_fit","EIV-GP",48,14,1
"study2","primary_q4_calibration","primary_calibration_curve","eiv_fit","EIV-GP",48,15,1
"study2","primary_q4_calibration","primary_calibration_curve","eiv_fit","EIV-GP",48,16,1
"study2","primary_q4_calibration","primary_calibration_curve","eiv_fit","EIV-GP",48,17,1
"study2","primary_q4_calibration","primary_calibration_curve","eiv_fit","EIV-GP",48,18,1
"study2","primary_q4_calibration","primary_calibration_curve","eiv_fit","EIV-GP",48,19,1
"study2","primary_q4_calibration","primary_calibration_curve","eiv_fit","EIV-GP",48,20,1
"study2","primary_q4_calibration","primary_calibration_curve","eiv_fit","EIV-GP",48,21,1
"study2","primary_q4_calibration","primary_calibration_curve","eiv_fit","EIV-GP",48,22,1
"study2","primary_q4_calibration","primary_calibration_curve","eiv_fit","EIV-GP",48,23,1
"study2","primary_q4_calibration","primary_calibration_curve","eiv_fit","EIV-GP",48,24,1
"study2","primary_q4_calibration","primary_calibration_curve","eiv_fit","EIV-GP",48,25,1
"study2","primary_q4_calibration","primary_calibration_curve","eiv_fit","EIV-GP",48,26,1
"study2","primary_q4_calibration","primary_calibration_curve","eiv_fit","EIV-GP",48,27,1
"study2","primary_q4_calibration","primary_calibration_curve","eiv_fit","EIV-GP",48,28,1
"study2","primary_q4_calibration","primary_calibration_curve","eiv_fit","EIV-GP",48,29,1
"study2","primary_q4_calibration","primary_calibration_curve","eiv_fit","EIV-GP",48,30,1
"study2","primary_q4_calibration","primary_calibration_curve","eiv_fit","EIV-GP",48,31,1
"study2","primary_q4_calibration","primary_calibration_curve","eiv_fit","EIV-GP",48,32,1
"study2","primary_q4_calibration","primary_calibration_curve","eiv_fit","EIV-GP",48,33,1
"study2","primary_q4_calibration","primary_calibration_curve","eiv_fit","EIV-GP",48,34,1
"study2","primary_q4_calibration","primary_calibration_curve","eiv_fit","EIV-GP",48,35,1
"study2","primary_q4_calibration","primary_calibration_curve","eiv_fit","EIV-GP",48,36,1
"study2","primary_q4_calibration","primary_calibration_curve","eiv_fit","EIV-GP",48,37,1
"study2","primary_q4_calibration","primary_calibration_curve","eiv_fit","EIV-GP",48,38,1
"study2","primary_q4_calibration","primary_calibration_curve","eiv_fit","EIV-GP",48,39,1
"study2","primary_q4_calibration","primary_calibration_curve","eiv_fit","EIV-GP",48,40,1
"study2","primary_q4_calibration","primary_calibration_curve","eiv_fit","EIV-GP",48,41,1
"study2","primary_q4_calibration","primary_calibration_curve","eiv_fit","EIV-GP",48,42,1
"study2","primary_q4_calibration","primary_calibration_curve","eiv_fit","EIV-GP",48,43,1
"study2","primary_q4_calibration","primary_calibration_curve","eiv_fit","EIV-GP",48,44,1
"study2","primary_q4_calibration","primary_calibration_curve","eiv_fit","EIV-GP",48,45,1
"study2","primary_q4_calibration","primary_calibration_curve","eiv_fit","EIV-GP",48,46,1
"study2","primary_q4_calibration","primary_calibration_curve","eiv_fit","EIV-GP",48,47,1
"study2","primary_q4_calibration","primary_calibration_curve","eiv_fit","EIV-GP",48,48,1
"study2","primary_q4_calibration","primary_calibration_curve","eiv_fit","EIV-GP",48,49,1
"study2","primary_q4_calibration","primary_calibration_curve","eiv_fit","EIV-GP",48,50,1
"study2","primary_q4_calibration","primary_calibration_curve","eiv_fit","EIV-GP",48,51,1
"study2","primary_q4_calibration","primary_calibration_curve","eiv_fit","EIV-GP",48,52,1
"study2","primary_q4_calibration","primary_calibration_curve","eiv_fit","EIV-GP",48,53,1
"study2","primary_q4_calibration","primary_calibration_curve","eiv_fit","EIV-GP",48,54,1
"study2","primary_q4_calibration","primary_calibration_curve","eiv_fit","EIV-GP",48,55,1
"study2","primary_q4_calibration","primary_calibration_curve","eiv_fit","EIV-GP",48,56,1
"study2","primary_q4_calibration","primary_calibration_curve","eiv_fit","EIV-GP",48,57,1
"study2","primary_q4_calibration","primary_calibration_curve","eiv_fit","EIV-GP",48,58,1
"study2","primary_q4_calibration","primary_calibration_curve","eiv_fit","EIV-GP",48,59,1
"study2","primary_q4_calibration","primary_calibration_curve","eiv_fit","EIV-GP",48,60,1
"study2","primary_q4_calibration","primary_calibration_curve","eiv_fit","EIV-GP",48,61,1
"study2","primary_q4_calibration","primary_calibration_curve","eiv_fit","EIV-GP",48,62,1
"study2","primary_q4_calibration","primary_calibration_curve","eiv_fit","EIV-GP",48,63,1
"study2","primary_q4_calibration","primary_calibration_curve","eiv_fit","EIV-GP",48,64,1
"study2","primary_q4_calibration","primary_calibration_curve","eiv_fit","EIV-GP",48,65,1
"study2","primary_q4_calibration","primary_calibration_curve","eiv_fit","EIV-GP",48,66,1
"study2","primary_q4_calibration","primary_calibration_curve","eiv_fit","EIV-GP",48,67,1
"study2","primary_q4_calibration","primary_calibration_curve","eiv_fit","EIV-GP",48,68,1
"study2","primary_q4_calibration","primary_calibration_curve","eiv_fit","EIV-GP",48,69,1
"study2","primary_q4_calibration","primary_calibration_curve","eiv_fit","EIV-GP",48,70,1
"study2","primary_q4_calibration","primary_calibration_curve","eiv_fit","EIV-GP",48,71,1
"study2","primary_q4_calibration","primary_calibration_curve","eiv_fit","EIV-GP",48,72,1
"study2","primary_q4_calibration","primary_calibration_curve","eiv_fit","EIV-GP",48,73,1
"study2","primary_q4_calibration","primary_calibration_curve","eiv_fit","EIV-GP",48,74,1
"study2","primary_q4_calibration","primary_calibration_curve","eiv_fit","EIV-GP",48,75,1
"study2","primary_q4_calibration","primary_calibration_curve","eiv_fit","EIV-GP",48,76,1
"study2","primary_q4_calibration","primary_calibration_curve","eiv_fit","EIV-GP",48,77,1
"study2","primary_q4_calibration","primary_calibration_curve","eiv_fit","EIV-GP",48,78,1
"study2","primary_q4_calibration","primary_calibration_curve","eiv_fit","EIV-GP",48,79,1
"study2","primary_q4_calibration","primary_calibration_curve","eiv_fit","EIV-GP",48,80,1
"study2","primary_q4_calibration","primary_calibration_curve","eiv_fit","EIV-GP",48,81,1
"study2","primary_q4_calibration","primary_calibration_curve","eiv_fit","EIV-GP",48,82,1
"study2","primary_q4_calibration","primary_calibration_curve","eiv_fit","EIV-GP",48,83,1
"study2","primary_q4_calibration","primary_calibration_curve","eiv_fit","EIV-GP",48,84,1
"study2","primary_q4_calibration","primary_calibration_curve","eiv_fit","EIV-GP",48,85,1
"study2","primary_q4_calibration","primary_calibration_curve","eiv_fit","EIV-GP",48,86,1
"study2","primary_q4_calibration","primary_calibration_curve","eiv_fit","EIV-GP",48,87,1
"study2","primary_q4_calibration","primary_calibration_curve","eiv_fit","EIV-GP",48,88,1
"study2","primary_q4_calibration","primary_calibration_curve","eiv_fit","EIV-GP",48,89,1
"study2","primary_q4_calibration","primary_calibration_curve","eiv_fit","EIV-GP",48,90,1
"study2","primary_q4_calibration","primary_calibration_curve","eiv_fit","EIV-GP",48,91,1
"study2","primary_q4_calibration","primary_calibration_curve","eiv_fit","EIV-GP",48,92,1
"study2","primary_q4_calibration","primary_calibration_curve","eiv_fit","EIV-GP",48,93,1
"study2","primary_q4_calibration","primary_calibration_curve","eiv_fit","EIV-GP",48,94,1
"study2","primary_q4_calibration","primary_calibration_curve","eiv_fit","EIV-GP",48,95,1
"study2","primary_q4_calibration","primary_calibration_curve","eiv_fit","EIV-GP",48,96,1
"study2","primary_q4_calibration","primary_calibration_curve","eiv_fit","EIV-GP",48,97,1
"study2","primary_q4_calibration","primary_calibration_curve","eiv_fit","EIV-GP",48,98,1
"study2","primary_q4_calibration","primary_calibration_curve","eiv_fit","EIV-GP",48,99,1
"study2","primary_q4_calibration","primary_calibration_curve","eiv_fit","EIV-GP",48,100,1
"study2","primary_q4_calibration","primary_calibration_curve","ablation_fit","RF-OM",0,1,1
"study2","primary_q4_calibration","primary_calibration_curve","ablation_fit","RF-OM",0,2,1
"study2","primary_q4_calibration","primary_calibration_curve","ablation_fit","RF-OM",0,3,1
"study2","primary_q4_calibration","primary_calibration_curve","ablation_fit","RF-OM",0,4,1
"study2","primary_q4_calibration","primary_calibration_curve","ablation_fit","RF-OM",0,5,1
"study2","primary_q4_calibration","primary_calibration_curve","ablation_fit","RF-OM",0,6,1
"study2","primary_q4_calibration","primary_calibration_curve","ablation_fit","RF-OM",0,7,1
"study2","primary_q4_calibration","primary_calibration_curve","ablation_fit","RF-OM",0,8,1
"study2","primary_q4_calibration","primary_calibration_curve","ablation_fit","RF-OM",0,9,1
"study2","primary_q4_calibration","primary_calibration_curve","ablation_fit","RF-OM",0,10,1
"study2","primary_q4_calibration","primary_calibration_curve","ablation_fit","RF-OM",0,11,1
"study2","primary_q4_calibration","primary_calibration_curve","ablation_fit","RF-OM",0,12,1
"study2","primary_q4_calibration","primary_calibration_curve","ablation_fit","RF-OM",0,13,1
"study2","primary_q4_calibration","primary_calibration_curve","ablation_fit","RF-OM",0,14,1
"study2","primary_q4_calibration","primary_calibration_curve","ablation_fit","RF-OM",0,15,1
"study2","primary_q4_calibration","primary_calibration_curve","ablation_fit","RF-OM",0,16,1
"study2","primary_q4_calibration","primary_calibration_curve","ablation_fit","RF-OM",0,17,1
"study2","primary_q4_calibration","primary_calibration_curve","ablation_fit","RF-OM",0,18,1
"study2","primary_q4_calibration","primary_calibration_curve","ablation_fit","RF-OM",0,19,1
"study2","primary_q4_calibration","primary_calibration_curve","ablation_fit","RF-OM",0,20,1
"study2","primary_q4_calibration","primary_calibration_curve","ablation_fit","RF-OM",0,21,1
"study2","primary_q4_calibration","primary_calibration_curve","ablation_fit","RF-OM",0,22,1
"study2","primary_q4_calibration","primary_calibration_curve","ablation_fit","RF-OM",0,23,1
"study2","primary_q4_calibration","primary_calibration_curve","ablation_fit","RF-OM",0,24,1
"study2","primary_q4_calibration","primary_calibration_curve","ablation_fit","RF-OM",0,25,1
"study2","primary_q4_calibration","primary_calibration_curve","ablation_fit","RF-OM",0,26,1
"study2","primary_q4_calibration","primary_calibration_curve","ablation_fit","RF-OM",0,27,1
"study2","primary_q4_calibration","primary_calibration_curve","ablation_fit","RF-OM",0,28,1
"study2","primary_q4_calibration","primary_calibration_curve","ablation_fit","RF-OM",0,29,1
"study2","primary_q4_calibration","primary_calibration_curve","ablation_fit","RF-OM",0,30,1
"study2","primary_q4_calibration","primary_calibration_curve","ablation_fit","RF-OM",0,31,1
"study2","primary_q4_calibration","primary_calibration_curve","ablation_fit","RF-OM",0,32,1
"study2","primary_q4_calibration","primary_calibration_curve","ablation_fit","RF-OM",0,33,1
"study2","primary_q4_calibration","primary_calibration_curve","ablation_fit","RF-OM",0,34,1
"study2","primary_q4_calibration","primary_calibration_curve","ablation_fit","RF-OM",0,35,1
"study2","primary_q4_calibration","primary_calibration_curve","ablation_fit","RF-OM",0,36,1
"study2","primary_q4_calibration","primary_calibration_curve","ablation_fit","RF-OM",0,37,1
"study2","primary_q4_calibration","primary_calibration_curve","ablation_fit","RF-OM",0,38,1
"study2","primary_q4_calibration","primary_calibration_curve","ablation_fit","RF-OM",0,39,1
"study2","primary_q4_calibration","primary_calibration_curve","ablation_fit","RF-OM",0,40,1
"study2","primary_q4_calibration","primary_calibration_curve","ablation_fit","RF-OM",0,41,1
"study2","primary_q4_calibration","primary_calibration_curve","ablation_fit","RF-OM",0,42,1
"study2","primary_q4_calibration","primary_calibration_curve","ablation_fit","RF-OM",0,43,1
"study2","primary_q4_calibration","primary_calibration_curve","ablation_fit","RF-OM",0,44,1
"study2","primary_q4_calibration","primary_calibration_curve","ablation_fit","RF-OM",0,45,1
"study2","primary_q4_calibration","primary_calibration_curve","ablation_fit","RF-OM",0,46,1
"study2","primary_q4_calibration","primary_calibration_curve","ablation_fit","RF-OM",0,47,1
"study2","primary_q4_calibration","primary_calibration_curve","ablation_fit","RF-OM",0,48,1
"study2","primary_q4_calibration","primary_calibration_curve","ablation_fit","RF-OM",0,49,1
"study2","primary_q4_calibration","primary_calibration_curve","ablation_fit","RF-OM",0,50,1
"study2","primary_q4_calibration","primary_calibration_curve","ablation_fit","RF-OM",0,51,1
"study2","primary_q4_calibration","primary_calibration_curve","ablation_fit","RF-OM",0,52,1
"study2","primary_q4_calibration","primary_calibration_curve","ablation_fit","RF-OM",0,53,1
"study2","primary_q4_calibration","primary_calibration_curve","ablation_fit","RF-OM",0,54,1
"study2","primary_q4_calibration","primary_calibration_curve","ablation_fit","RF-OM",0,55,1
"study2","primary_q4_calibration","primary_calibration_curve","ablation_fit","RF-OM",0,56,1
"study2","primary_q4_calibration","primary_calibration_curve","ablation_fit","RF-OM",0,57,1
"study2","primary_q4_calibration","primary_calibration_curve","ablation_fit","RF-OM",0,58,1
"study2","primary_q4_calibration","primary_calibration_curve","ablation_fit","RF-OM",0,59,1
"study2","primary_q4_calibration","primary_calibration_curve","ablation_fit","RF-OM",0,60,1
"study2","primary_q4_calibration","primary_calibration_curve","ablation_fit","RF-OM",0,61,1
"study2","primary_q4_calibration","primary_calibration_curve","ablation_fit","RF-OM",0,62,1
"study2","primary_q4_calibration","primary_calibration_curve","ablation_fit","RF-OM",0,63,1
"study2","primary_q4_calibration","primary_calibration_curve","ablation_fit","RF-OM",0,64,1
"study2","primary_q4_calibration","primary_calibration_curve","ablation_fit","RF-OM",0,65,1
"study2","primary_q4_calibration","primary_calibration_curve","ablation_fit","RF-OM",0,66,1
"study2","primary_q4_calibration","primary_calibration_curve","ablation_fit","RF-OM",0,67,1
"study2","primary_q4_calibration","primary_calibration_curve","ablation_fit","RF-OM",0,68,1
"study2","primary_q4_calibration","primary_calibration_curve","ablation_fit","RF-OM",0,69,1
"study2","primary_q4_calibration","primary_calibration_curve","ablation_fit","RF-OM",0,70,1
"study2","primary_q4_calibration","primary_calibration_curve","ablation_fit","RF-OM",0,71,1
"study2","primary_q4_calibration","primary_calibration_curve","ablation_fit","RF-OM",0,72,1
"study2","primary_q4_calibration","primary_calibration_curve","ablation_fit","RF-OM",0,73,1
"study2","primary_q4_calibration","primary_calibration_curve","ablation_fit","RF-OM",0,74,1
"study2","primary_q4_calibration","primary_calibration_curve","ablation_fit","RF-OM",0,75,1
"study2","primary_q4_calibration","primary_calibration_curve","ablation_fit","RF-OM",0,76,1
"study2","primary_q4_calibration","primary_calibration_curve","ablation_fit","RF-OM",0,77,1
"study2","primary_q4_calibration","primary_calibration_curve","ablation_fit","RF-OM",0,78,1
"study2","primary_q4_calibration","primary_calibration_curve","ablation_fit","RF-OM",0,79,1
"study2","primary_q4_calibration","primary_calibration_curve","ablation_fit","RF-OM",0,80,1
"study2","primary_q4_calibration","primary_calibration_curve","ablation_fit","RF-OM",0,81,1
"study2","primary_q4_calibration","primary_calibration_curve","ablation_fit","RF-OM",0,82,1
"study2","primary_q4_calibration","primary_calibration_curve","ablation_fit","RF-OM",0,83,1
"study2","primary_q4_calibration","primary_calibration_curve","ablation_fit","RF-OM",0,84,1
"study2","primary_q4_calibration","primary_calibration_curve","ablation_fit","RF-OM",0,85,1
"study2","primary_q4_calibration","primary_calibration_curve","ablation_fit","RF-OM",0,86,1
"study2","primary_q4_calibration","primary_calibration_curve","ablation_fit","RF-OM",0,87,1
"study2","primary_q4_calibration","primary_calibration_curve","ablation_fit","RF-OM",0,88,1
"study2","primary_q4_calibration","primary_calibration_curve","ablation_fit","RF-OM",0,89,1
"study2","primary_q4_calibration","primary_calibration_curve","ablation_fit","RF-OM",0,90,1
"study2","primary_q4_calibration","primary_calibration_curve","ablation_fit","RF-OM",0,91,1
"study2","primary_q4_calibration","primary_calibration_curve","ablation_fit","RF-OM",0,92,1
"study2","primary_q4_calibration","primary_calibration_curve","ablation_fit","RF-OM",0,93,1
"study2","primary_q4_calibration","primary_calibration_curve","ablation_fit","RF-OM",0,94,1
"study2","primary_q4_calibration","primary_calibration_curve","ablation_fit","RF-OM",0,95,1
"study2","primary_q4_calibration","primary_calibration_curve","ablation_fit","RF-OM",0,96,1
"study2","primary_q4_calibration","primary_calibration_curve","ablation_fit","RF-OM",0,97,1
"study2","primary_q4_calibration","primary_calibration_curve","ablation_fit","RF-OM",0,98,1
"study2","primary_q4_calibration","primary_calibration_curve","ablation_fit","RF-OM",0,99,1
"study2","primary_q4_calibration","primary_calibration_curve","ablation_fit","RF-OM",0,100,1
"study2","primary_q4_calibration","primary_calibration_curve","ablation_fit","RF-OM",6,1,1
"study2","primary_q4_calibration","primary_calibration_curve","ablation_fit","RF-OM",6,2,1
"study2","primary_q4_calibration","primary_calibration_curve","ablation_fit","RF-OM",6,3,1
"study2","primary_q4_calibration","primary_calibration_curve","ablation_fit","RF-OM",6,4,1
"study2","primary_q4_calibration","primary_calibration_curve","ablation_fit","RF-OM",6,5,1
"study2","primary_q4_calibration","primary_calibration_curve","ablation_fit","RF-OM",6,6,1
"study2","primary_q4_calibration","primary_calibration_curve","ablation_fit","RF-OM",6,7,1
"study2","primary_q4_calibration","primary_calibration_curve","ablation_fit","RF-OM",6,8,1
"study2","primary_q4_calibration","primary_calibration_curve","ablation_fit","RF-OM",6,9,1
"study2","primary_q4_calibration","primary_calibration_curve","ablation_fit","RF-OM",6,10,1
"study2","primary_q4_calibration","primary_calibration_curve","ablation_fit","RF-OM",6,11,1
"study2","primary_q4_calibration","primary_calibration_curve","ablation_fit","RF-OM",6,12,1
"study2","primary_q4_calibration","primary_calibration_curve","ablation_fit","RF-OM",6,13,1
"study2","primary_q4_calibration","primary_calibration_curve","ablation_fit","RF-OM",6,14,1
"study2","primary_q4_calibration","primary_calibration_curve","ablation_fit","RF-OM",6,15,1
"study2","primary_q4_calibration","primary_calibration_curve","ablation_fit","RF-OM",6,16,1
"study2","primary_q4_calibration","primary_calibration_curve","ablation_fit","RF-OM",6,17,1
"study2","primary_q4_calibration","primary_calibration_curve","ablation_fit","RF-OM",6,18,1
"study2","primary_q4_calibration","primary_calibration_curve","ablation_fit","RF-OM",6,19,1
"study2","primary_q4_calibration","primary_calibration_curve","ablation_fit","RF-OM",6,20,1
"study2","primary_q4_calibration","primary_calibration_curve","ablation_fit","RF-OM",6,21,1
"study2","primary_q4_calibration","primary_calibration_curve","ablation_fit","RF-OM",6,22,1
"study2","primary_q4_calibration","primary_calibration_curve","ablation_fit","RF-OM",6,23,1
"study2","primary_q4_calibration","primary_calibration_curve","ablation_fit","RF-OM",6,24,1
"study2","primary_q4_calibration","primary_calibration_curve","ablation_fit","RF-OM",6,25,1
"study2","primary_q4_calibration","primary_calibration_curve","ablation_fit","RF-OM",6,26,1
"study2","primary_q4_calibration","primary_calibration_curve","ablation_fit","RF-OM",6,27,1
"study2","primary_q4_calibration","primary_calibration_curve","ablation_fit","RF-OM",6,28,1
"study2","primary_q4_calibration","primary_calibration_curve","ablation_fit","RF-OM",6,29,1
"study2","primary_q4_calibration","primary_calibration_curve","ablation_fit","RF-OM",6,30,1
"study2","primary_q4_calibration","primary_calibration_curve","ablation_fit","RF-OM",6,31,1
"study2","primary_q4_calibration","primary_calibration_curve","ablation_fit","RF-OM",6,32,1
"study2","primary_q4_calibration","primary_calibration_curve","ablation_fit","RF-OM",6,33,1
"study2","primary_q4_calibration","primary_calibration_curve","ablation_fit","RF-OM",6,34,1
"study2","primary_q4_calibration","primary_calibration_curve","ablation_fit","RF-OM",6,35,1
"study2","primary_q4_calibration","primary_calibration_curve","ablation_fit","RF-OM",6,36,1
"study2","primary_q4_calibration","primary_calibration_curve","ablation_fit","RF-OM",6,37,1
"study2","primary_q4_calibration","primary_calibration_curve","ablation_fit","RF-OM",6,38,1
"study2","primary_q4_calibration","primary_calibration_curve","ablation_fit","RF-OM",6,39,1
"study2","primary_q4_calibration","primary_calibration_curve","ablation_fit","RF-OM",6,40,1
"study2","primary_q4_calibration","primary_calibration_curve","ablation_fit","RF-OM",6,41,1
"study2","primary_q4_calibration","primary_calibration_curve","ablation_fit","RF-OM",6,42,1
"study2","primary_q4_calibration","primary_calibration_curve","ablation_fit","RF-OM",6,43,1
"study2","primary_q4_calibration","primary_calibration_curve","ablation_fit","RF-OM",6,44,1
"study2","primary_q4_calibration","primary_calibration_curve","ablation_fit","RF-OM",6,45,1
"study2","primary_q4_calibration","primary_calibration_curve","ablation_fit","RF-OM",6,46,1
"study2","primary_q4_calibration","primary_calibration_curve","ablation_fit","RF-OM",6,47,1
"study2","primary_q4_calibration","primary_calibration_curve","ablation_fit","RF-OM",6,48,1
"study2","primary_q4_calibration","primary_calibration_curve","ablation_fit","RF-OM",6,49,1
"study2","primary_q4_calibration","primary_calibration_curve","ablation_fit","RF-OM",6,50,1
"study2","primary_q4_calibration","primary_calibration_curve","ablation_fit","RF-OM",6,51,1
"study2","primary_q4_calibration","primary_calibration_curve","ablation_fit","RF-OM",6,52,1
"study2","primary_q4_calibration","primary_calibration_curve","ablation_fit","RF-OM",6,53,1
"study2","primary_q4_calibration","primary_calibration_curve","ablation_fit","RF-OM",6,54,1
"study2","primary_q4_calibration","primary_calibration_curve","ablation_fit","RF-OM",6,55,1
"study2","primary_q4_calibration","primary_calibration_curve","ablation_fit","RF-OM",6,56,1
"study2","primary_q4_calibration","primary_calibration_curve","ablation_fit","RF-OM",6,57,1
"study2","primary_q4_calibration","primary_calibration_curve","ablation_fit","RF-OM",6,58,1
"study2","primary_q4_calibration","primary_calibration_curve","ablation_fit","RF-OM",6,59,1
"study2","primary_q4_calibration","primary_calibration_curve","ablation_fit","RF-OM",6,60,1
"study2","primary_q4_calibration","primary_calibration_curve","ablation_fit","RF-OM",6,61,1
"study2","primary_q4_calibration","primary_calibration_curve","ablation_fit","RF-OM",6,62,1
"study2","primary_q4_calibration","primary_calibration_curve","ablation_fit","RF-OM",6,63,1
"study2","primary_q4_calibration","primary_calibration_curve","ablation_fit","RF-OM",6,64,1
"study2","primary_q4_calibration","primary_calibration_curve","ablation_fit","RF-OM",6,65,1
"study2","primary_q4_calibration","primary_calibration_curve","ablation_fit","RF-OM",6,66,1
"study2","primary_q4_calibration","primary_calibration_curve","ablation_fit","RF-OM",6,67,1
"study2","primary_q4_calibration","primary_calibration_curve","ablation_fit","RF-OM",6,68,1
"study2","primary_q4_calibration","primary_calibration_curve","ablation_fit","RF-OM",6,69,1
"study2","primary_q4_calibration","primary_calibration_curve","ablation_fit","RF-OM",6,70,1
"study2","primary_q4_calibration","primary_calibration_curve","ablation_fit","RF-OM",6,71,1
"study2","primary_q4_calibration","primary_calibration_curve","ablation_fit","RF-OM",6,72,1
"study2","primary_q4_calibration","primary_calibration_curve","ablation_fit","RF-OM",6,73,1
"study2","primary_q4_calibration","primary_calibration_curve","ablation_fit","RF-OM",6,74,1
"study2","primary_q4_calibration","primary_calibration_curve","ablation_fit","RF-OM",6,75,1
"study2","primary_q4_calibration","primary_calibration_curve","ablation_fit","RF-OM",6,76,1
"study2","primary_q4_calibration","primary_calibration_curve","ablation_fit","RF-OM",6,77,1
"study2","primary_q4_calibration","primary_calibration_curve","ablation_fit","RF-OM",6,78,1
"study2","primary_q4_calibration","primary_calibration_curve","ablation_fit","RF-OM",6,79,1
"study2","primary_q4_calibration","primary_calibration_curve","ablation_fit","RF-OM",6,80,1
"study2","primary_q4_calibration","primary_calibration_curve","ablation_fit","RF-OM",6,81,1
"study2","primary_q4_calibration","primary_calibration_curve","ablation_fit","RF-OM",6,82,1
"study2","primary_q4_calibration","primary_calibration_curve","ablation_fit","RF-OM",6,83,1
"study2","primary_q4_calibration","primary_calibration_curve","ablation_fit","RF-OM",6,84,1
"study2","primary_q4_calibration","primary_calibration_curve","ablation_fit","RF-OM",6,85,1
"study2","primary_q4_calibration","primary_calibration_curve","ablation_fit","RF-OM",6,86,1
"study2","primary_q4_calibration","primary_calibration_curve","ablation_fit","RF-OM",6,87,1
"study2","primary_q4_calibration","primary_calibration_curve","ablation_fit","RF-OM",6,88,1
"study2","primary_q4_calibration","primary_calibration_curve","ablation_fit","RF-OM",6,89,1
"study2","primary_q4_calibration","primary_calibration_curve","ablation_fit","RF-OM",6,90,1
"study2","primary_q4_calibration","primary_calibration_curve","ablation_fit","RF-OM",6,91,1
"study2","primary_q4_calibration","primary_calibration_curve","ablation_fit","RF-OM",6,92,1
"study2","primary_q4_calibration","primary_calibration_curve","ablation_fit","RF-OM",6,93,1
"study2","primary_q4_calibration","primary_calibration_curve","ablation_fit","RF-OM",6,94,1
"study2","primary_q4_calibration","primary_calibration_curve","ablation_fit","RF-OM",6,95,1
"study2","primary_q4_calibration","primary_calibration_curve","ablation_fit","RF-OM",6,96,1
"study2","primary_q4_calibration","primary_calibration_curve","ablation_fit","RF-OM",6,97,1
"study2","primary_q4_calibration","primary_calibration_curve","ablation_fit","RF-OM",6,98,1
"study2","primary_q4_calibration","primary_calibration_curve","ablation_fit","RF-OM",6,99,1
"study2","primary_q4_calibration","primary_calibration_curve","ablation_fit","RF-OM",6,100,1
"study2","primary_q4_calibration","primary_calibration_curve","ablation_fit","RF-OM",12,1,1
"study2","primary_q4_calibration","primary_calibration_curve","ablation_fit","RF-OM",12,2,1
"study2","primary_q4_calibration","primary_calibration_curve","ablation_fit","RF-OM",12,3,1
"study2","primary_q4_calibration","primary_calibration_curve","ablation_fit","RF-OM",12,4,1
"study2","primary_q4_calibration","primary_calibration_curve","ablation_fit","RF-OM",12,5,1
"study2","primary_q4_calibration","primary_calibration_curve","ablation_fit","RF-OM",12,6,1
"study2","primary_q4_calibration","primary_calibration_curve","ablation_fit","RF-OM",12,7,1
"study2","primary_q4_calibration","primary_calibration_curve","ablation_fit","RF-OM",12,8,1
"study2","primary_q4_calibration","primary_calibration_curve","ablation_fit","RF-OM",12,9,1
"study2","primary_q4_calibration","primary_calibration_curve","ablation_fit","RF-OM",12,10,1
"study2","primary_q4_calibration","primary_calibration_curve","ablation_fit","RF-OM",12,11,1
"study2","primary_q4_calibration","primary_calibration_curve","ablation_fit","RF-OM",12,12,1
"study2","primary_q4_calibration","primary_calibration_curve","ablation_fit","RF-OM",12,13,1
"study2","primary_q4_calibration","primary_calibration_curve","ablation_fit","RF-OM",12,14,1
"study2","primary_q4_calibration","primary_calibration_curve","ablation_fit","RF-OM",12,15,1
"study2","primary_q4_calibration","primary_calibration_curve","ablation_fit","RF-OM",12,16,1
"study2","primary_q4_calibration","primary_calibration_curve","ablation_fit","RF-OM",12,17,1
"study2","primary_q4_calibration","primary_calibration_curve","ablation_fit","RF-OM",12,18,1
"study2","primary_q4_calibration","primary_calibration_curve","ablation_fit","RF-OM",12,19,1
"study2","primary_q4_calibration","primary_calibration_curve","ablation_fit","RF-OM",12,20,1
"study2","primary_q4_calibration","primary_calibration_curve","ablation_fit","RF-OM",12,21,1
"study2","primary_q4_calibration","primary_calibration_curve","ablation_fit","RF-OM",12,22,1
"study2","primary_q4_calibration","primary_calibration_curve","ablation_fit","RF-OM",12,23,1
"study2","primary_q4_calibration","primary_calibration_curve","ablation_fit","RF-OM",12,24,1
"study2","primary_q4_calibration","primary_calibration_curve","ablation_fit","RF-OM",12,25,1
"study2","primary_q4_calibration","primary_calibration_curve","ablation_fit","RF-OM",12,26,1
"study2","primary_q4_calibration","primary_calibration_curve","ablation_fit","RF-OM",12,27,1
"study2","primary_q4_calibration","primary_calibration_curve","ablation_fit","RF-OM",12,28,1
"study2","primary_q4_calibration","primary_calibration_curve","ablation_fit","RF-OM",12,29,1
"study2","primary_q4_calibration","primary_calibration_curve","ablation_fit","RF-OM",12,30,1
"study2","primary_q4_calibration","primary_calibration_curve","ablation_fit","RF-OM",12,31,1
"study2","primary_q4_calibration","primary_calibration_curve","ablation_fit","RF-OM",12,32,1
"study2","primary_q4_calibration","primary_calibration_curve","ablation_fit","RF-OM",12,33,1
"study2","primary_q4_calibration","primary_calibration_curve","ablation_fit","RF-OM",12,34,1
"study2","primary_q4_calibration","primary_calibration_curve","ablation_fit","RF-OM",12,35,1
"study2","primary_q4_calibration","primary_calibration_curve","ablation_fit","RF-OM",12,36,1
"study2","primary_q4_calibration","primary_calibration_curve","ablation_fit","RF-OM",12,37,1
"study2","primary_q4_calibration","primary_calibration_curve","ablation_fit","RF-OM",12,38,1
"study2","primary_q4_calibration","primary_calibration_curve","ablation_fit","RF-OM",12,39,1
"study2","primary_q4_calibration","primary_calibration_curve","ablation_fit","RF-OM",12,40,1
"study2","primary_q4_calibration","primary_calibration_curve","ablation_fit","RF-OM",12,41,1
"study2","primary_q4_calibration","primary_calibration_curve","ablation_fit","RF-OM",12,42,1
"study2","primary_q4_calibration","primary_calibration_curve","ablation_fit","RF-OM",12,43,1
"study2","primary_q4_calibration","primary_calibration_curve","ablation_fit","RF-OM",12,44,1
"study2","primary_q4_calibration","primary_calibration_curve","ablation_fit","RF-OM",12,45,1
"study2","primary_q4_calibration","primary_calibration_curve","ablation_fit","RF-OM",12,46,1
"study2","primary_q4_calibration","primary_calibration_curve","ablation_fit","RF-OM",12,47,1
"study2","primary_q4_calibration","primary_calibration_curve","ablation_fit","RF-OM",12,48,1
"study2","primary_q4_calibration","primary_calibration_curve","ablation_fit","RF-OM",12,49,1
"study2","primary_q4_calibration","primary_calibration_curve","ablation_fit","RF-OM",12,50,1
"study2","primary_q4_calibration","primary_calibration_curve","ablation_fit","RF-OM",12,51,1
"study2","primary_q4_calibration","primary_calibration_curve","ablation_fit","RF-OM",12,52,1
"study2","primary_q4_calibration","primary_calibration_curve","ablation_fit","RF-OM",12,53,1
"study2","primary_q4_calibration","primary_calibration_curve","ablation_fit","RF-OM",12,54,1
"study2","primary_q4_calibration","primary_calibration_curve","ablation_fit","RF-OM",12,55,1
"study2","primary_q4_calibration","primary_calibration_curve","ablation_fit","RF-OM",12,56,1
"study2","primary_q4_calibration","primary_calibration_curve","ablation_fit","RF-OM",12,57,1
"study2","primary_q4_calibration","primary_calibration_curve","ablation_fit","RF-OM",12,58,1
"study2","primary_q4_calibration","primary_calibration_curve","ablation_fit","RF-OM",12,59,1
"study2","primary_q4_calibration","primary_calibration_curve","ablation_fit","RF-OM",12,60,1
"study2","primary_q4_calibration","primary_calibration_curve","ablation_fit","RF-OM",12,61,1
"study2","primary_q4_calibration","primary_calibration_curve","ablation_fit","RF-OM",12,62,1
"study2","primary_q4_calibration","primary_calibration_curve","ablation_fit","RF-OM",12,63,1
"study2","primary_q4_calibration","primary_calibration_curve","ablation_fit","RF-OM",12,64,1
"study2","primary_q4_calibration","primary_calibration_curve","ablation_fit","RF-OM",12,65,1
"study2","primary_q4_calibration","primary_calibration_curve","ablation_fit","RF-OM",12,66,1
"study2","primary_q4_calibration","primary_calibration_curve","ablation_fit","RF-OM",12,67,1
"study2","primary_q4_calibration","primary_calibration_curve","ablation_fit","RF-OM",12,68,1
"study2","primary_q4_calibration","primary_calibration_curve","ablation_fit","RF-OM",12,69,1
"study2","primary_q4_calibration","primary_calibration_curve","ablation_fit","RF-OM",12,70,1
"study2","primary_q4_calibration","primary_calibration_curve","ablation_fit","RF-OM",12,71,1
"study2","primary_q4_calibration","primary_calibration_curve","ablation_fit","RF-OM",12,72,1
"study2","primary_q4_calibration","primary_calibration_curve","ablation_fit","RF-OM",12,73,1
"study2","primary_q4_calibration","primary_calibration_curve","ablation_fit","RF-OM",12,74,1
"study2","primary_q4_calibration","primary_calibration_curve","ablation_fit","RF-OM",12,75,1
"study2","primary_q4_calibration","primary_calibration_curve","ablation_fit","RF-OM",12,76,1
"study2","primary_q4_calibration","primary_calibration_curve","ablation_fit","RF-OM",12,77,1
"study2","primary_q4_calibration","primary_calibration_curve","ablation_fit","RF-OM",12,78,1
"study2","primary_q4_calibration","primary_calibration_curve","ablation_fit","RF-OM",12,79,1
"study2","primary_q4_calibration","primary_calibration_curve","ablation_fit","RF-OM",12,80,1
"study2","primary_q4_calibration","primary_calibration_curve","ablation_fit","RF-OM",12,81,1
"study2","primary_q4_calibration","primary_calibration_curve","ablation_fit","RF-OM",12,82,1
"study2","primary_q4_calibration","primary_calibration_curve","ablation_fit","RF-OM",12,83,1
"study2","primary_q4_calibration","primary_calibration_curve","ablation_fit","RF-OM",12,84,1
"study2","primary_q4_calibration","primary_calibration_curve","ablation_fit","RF-OM",12,85,1
"study2","primary_q4_calibration","primary_calibration_curve","ablation_fit","RF-OM",12,86,1
"study2","primary_q4_calibration","primary_calibration_curve","ablation_fit","RF-OM",12,87,1
"study2","primary_q4_calibration","primary_calibration_curve","ablation_fit","RF-OM",12,88,1
"study2","primary_q4_calibration","primary_calibration_curve","ablation_fit","RF-OM",12,89,1
"study2","primary_q4_calibration","primary_calibration_curve","ablation_fit","RF-OM",12,90,1
"study2","primary_q4_calibration","primary_calibration_curve","ablation_fit","RF-OM",12,91,1
"study2","primary_q4_calibration","primary_calibration_curve","ablation_fit","RF-OM",12,92,1
"study2","primary_q4_calibration","primary_calibration_curve","ablation_fit","RF-OM",12,93,1
"study2","primary_q4_calibration","primary_calibration_curve","ablation_fit","RF-OM",12,94,1
"study2","primary_q4_calibration","primary_calibration_curve","ablation_fit","RF-OM",12,95,1
"study2","primary_q4_calibration","primary_calibration_curve","ablation_fit","RF-OM",12,96,1
"study2","primary_q4_calibration","primary_calibration_curve","ablation_fit","RF-OM",12,97,1
"study2","primary_q4_calibration","primary_calibration_curve","ablation_fit","RF-OM",12,98,1
"study2","primary_q4_calibration","primary_calibration_curve","ablation_fit","RF-OM",12,99,1
"study2","primary_q4_calibration","primary_calibration_curve","ablation_fit","RF-OM",12,100,1
"study2","primary_q4_calibration","primary_calibration_curve","ablation_fit","RF-OM",24,1,1
"study2","primary_q4_calibration","primary_calibration_curve","ablation_fit","RF-OM",24,2,1
"study2","primary_q4_calibration","primary_calibration_curve","ablation_fit","RF-OM",24,3,1
"study2","primary_q4_calibration","primary_calibration_curve","ablation_fit","RF-OM",24,4,1
"study2","primary_q4_calibration","primary_calibration_curve","ablation_fit","RF-OM",24,5,1
"study2","primary_q4_calibration","primary_calibration_curve","ablation_fit","RF-OM",24,6,1
"study2","primary_q4_calibration","primary_calibration_curve","ablation_fit","RF-OM",24,7,1
"study2","primary_q4_calibration","primary_calibration_curve","ablation_fit","RF-OM",24,8,1
"study2","primary_q4_calibration","primary_calibration_curve","ablation_fit","RF-OM",24,9,1
"study2","primary_q4_calibration","primary_calibration_curve","ablation_fit","RF-OM",24,10,1
"study2","primary_q4_calibration","primary_calibration_curve","ablation_fit","RF-OM",24,11,1
"study2","primary_q4_calibration","primary_calibration_curve","ablation_fit","RF-OM",24,12,1
"study2","primary_q4_calibration","primary_calibration_curve","ablation_fit","RF-OM",24,13,1
"study2","primary_q4_calibration","primary_calibration_curve","ablation_fit","RF-OM",24,14,1
"study2","primary_q4_calibration","primary_calibration_curve","ablation_fit","RF-OM",24,15,1
"study2","primary_q4_calibration","primary_calibration_curve","ablation_fit","RF-OM",24,16,1
"study2","primary_q4_calibration","primary_calibration_curve","ablation_fit","RF-OM",24,17,1
"study2","primary_q4_calibration","primary_calibration_curve","ablation_fit","RF-OM",24,18,1
"study2","primary_q4_calibration","primary_calibration_curve","ablation_fit","RF-OM",24,19,1
"study2","primary_q4_calibration","primary_calibration_curve","ablation_fit","RF-OM",24,20,1
"study2","primary_q4_calibration","primary_calibration_curve","ablation_fit","RF-OM",24,21,1
"study2","primary_q4_calibration","primary_calibration_curve","ablation_fit","RF-OM",24,22,1
"study2","primary_q4_calibration","primary_calibration_curve","ablation_fit","RF-OM",24,23,1
"study2","primary_q4_calibration","primary_calibration_curve","ablation_fit","RF-OM",24,24,1
"study2","primary_q4_calibration","primary_calibration_curve","ablation_fit","RF-OM",24,25,1
"study2","primary_q4_calibration","primary_calibration_curve","ablation_fit","RF-OM",24,26,1
"study2","primary_q4_calibration","primary_calibration_curve","ablation_fit","RF-OM",24,27,1
"study2","primary_q4_calibration","primary_calibration_curve","ablation_fit","RF-OM",24,28,1
"study2","primary_q4_calibration","primary_calibration_curve","ablation_fit","RF-OM",24,29,1
"study2","primary_q4_calibration","primary_calibration_curve","ablation_fit","RF-OM",24,30,1
"study2","primary_q4_calibration","primary_calibration_curve","ablation_fit","RF-OM",24,31,1
"study2","primary_q4_calibration","primary_calibration_curve","ablation_fit","RF-OM",24,32,1
"study2","primary_q4_calibration","primary_calibration_curve","ablation_fit","RF-OM",24,33,1
"study2","primary_q4_calibration","primary_calibration_curve","ablation_fit","RF-OM",24,34,1
"study2","primary_q4_calibration","primary_calibration_curve","ablation_fit","RF-OM",24,35,1
"study2","primary_q4_calibration","primary_calibration_curve","ablation_fit","RF-OM",24,36,1
"study2","primary_q4_calibration","primary_calibration_curve","ablation_fit","RF-OM",24,37,1
"study2","primary_q4_calibration","primary_calibration_curve","ablation_fit","RF-OM",24,38,1
"study2","primary_q4_calibration","primary_calibration_curve","ablation_fit","RF-OM",24,39,1
"study2","primary_q4_calibration","primary_calibration_curve","ablation_fit","RF-OM",24,40,1
"study2","primary_q4_calibration","primary_calibration_curve","ablation_fit","RF-OM",24,41,1
"study2","primary_q4_calibration","primary_calibration_curve","ablation_fit","RF-OM",24,42,1
"study2","primary_q4_calibration","primary_calibration_curve","ablation_fit","RF-OM",24,43,1
"study2","primary_q4_calibration","primary_calibration_curve","ablation_fit","RF-OM",24,44,1
"study2","primary_q4_calibration","primary_calibration_curve","ablation_fit","RF-OM",24,45,1
"study2","primary_q4_calibration","primary_calibration_curve","ablation_fit","RF-OM",24,46,1
"study2","primary_q4_calibration","primary_calibration_curve","ablation_fit","RF-OM",24,47,1
"study2","primary_q4_calibration","primary_calibration_curve","ablation_fit","RF-OM",24,48,1
"study2","primary_q4_calibration","primary_calibration_curve","ablation_fit","RF-OM",24,49,1
"study2","primary_q4_calibration","primary_calibration_curve","ablation_fit","RF-OM",24,50,1
"study2","primary_q4_calibration","primary_calibration_curve","ablation_fit","RF-OM",24,51,1
"study2","primary_q4_calibration","primary_calibration_curve","ablation_fit","RF-OM",24,52,1
"study2","primary_q4_calibration","primary_calibration_curve","ablation_fit","RF-OM",24,53,1
"study2","primary_q4_calibration","primary_calibration_curve","ablation_fit","RF-OM",24,54,1
"study2","primary_q4_calibration","primary_calibration_curve","ablation_fit","RF-OM",24,55,1
"study2","primary_q4_calibration","primary_calibration_curve","ablation_fit","RF-OM",24,56,1
"study2","primary_q4_calibration","primary_calibration_curve","ablation_fit","RF-OM",24,57,1
"study2","primary_q4_calibration","primary_calibration_curve","ablation_fit","RF-OM",24,58,1
"study2","primary_q4_calibration","primary_calibration_curve","ablation_fit","RF-OM",24,59,1
"study2","primary_q4_calibration","primary_calibration_curve","ablation_fit","RF-OM",24,60,1
"study2","primary_q4_calibration","primary_calibration_curve","ablation_fit","RF-OM",24,61,1
"study2","primary_q4_calibration","primary_calibration_curve","ablation_fit","RF-OM",24,62,1
"study2","primary_q4_calibration","primary_calibration_curve","ablation_fit","RF-OM",24,63,1
"study2","primary_q4_calibration","primary_calibration_curve","ablation_fit","RF-OM",24,64,1
"study2","primary_q4_calibration","primary_calibration_curve","ablation_fit","RF-OM",24,65,1
"study2","primary_q4_calibration","primary_calibration_curve","ablation_fit","RF-OM",24,66,1
"study2","primary_q4_calibration","primary_calibration_curve","ablation_fit","RF-OM",24,67,1
"study2","primary_q4_calibration","primary_calibration_curve","ablation_fit","RF-OM",24,68,1
"study2","primary_q4_calibration","primary_calibration_curve","ablation_fit","RF-OM",24,69,1
"study2","primary_q4_calibration","primary_calibration_curve","ablation_fit","RF-OM",24,70,1
"study2","primary_q4_calibration","primary_calibration_curve","ablation_fit","RF-OM",24,71,1
"study2","primary_q4_calibration","primary_calibration_curve","ablation_fit","RF-OM",24,72,1
"study2","primary_q4_calibration","primary_calibration_curve","ablation_fit","RF-OM",24,73,1
"study2","primary_q4_calibration","primary_calibration_curve","ablation_fit","RF-OM",24,74,1
"study2","primary_q4_calibration","primary_calibration_curve","ablation_fit","RF-OM",24,75,1
"study2","primary_q4_calibration","primary_calibration_curve","ablation_fit","RF-OM",24,76,1
"study2","primary_q4_calibration","primary_calibration_curve","ablation_fit","RF-OM",24,77,1
"study2","primary_q4_calibration","primary_calibration_curve","ablation_fit","RF-OM",24,78,1
"study2","primary_q4_calibration","primary_calibration_curve","ablation_fit","RF-OM",24,79,1
"study2","primary_q4_calibration","primary_calibration_curve","ablation_fit","RF-OM",24,80,1
"study2","primary_q4_calibration","primary_calibration_curve","ablation_fit","RF-OM",24,81,1
"study2","primary_q4_calibration","primary_calibration_curve","ablation_fit","RF-OM",24,82,1
"study2","primary_q4_calibration","primary_calibration_curve","ablation_fit","RF-OM",24,83,1
"study2","primary_q4_calibration","primary_calibration_curve","ablation_fit","RF-OM",24,84,1
"study2","primary_q4_calibration","primary_calibration_curve","ablation_fit","RF-OM",24,85,1
"study2","primary_q4_calibration","primary_calibration_curve","ablation_fit","RF-OM",24,86,1
"study2","primary_q4_calibration","primary_calibration_curve","ablation_fit","RF-OM",24,87,1
"study2","primary_q4_calibration","primary_calibration_curve","ablation_fit","RF-OM",24,88,1
"study2","primary_q4_calibration","primary_calibration_curve","ablation_fit","RF-OM",24,89,1
"study2","primary_q4_calibration","primary_calibration_curve","ablation_fit","RF-OM",24,90,1
"study2","primary_q4_calibration","primary_calibration_curve","ablation_fit","RF-OM",24,91,1
"study2","primary_q4_calibration","primary_calibration_curve","ablation_fit","RF-OM",24,92,1
"study2","primary_q4_calibration","primary_calibration_curve","ablation_fit","RF-OM",24,93,1
"study2","primary_q4_calibration","primary_calibration_curve","ablation_fit","RF-OM",24,94,1
"study2","primary_q4_calibration","primary_calibration_curve","ablation_fit","RF-OM",24,95,1
"study2","primary_q4_calibration","primary_calibration_curve","ablation_fit","RF-OM",24,96,1
"study2","primary_q4_calibration","primary_calibration_curve","ablation_fit","RF-OM",24,97,1
"study2","primary_q4_calibration","primary_calibration_curve","ablation_fit","RF-OM",24,98,1
"study2","primary_q4_calibration","primary_calibration_curve","ablation_fit","RF-OM",24,99,1
"study2","primary_q4_calibration","primary_calibration_curve","ablation_fit","RF-OM",24,100,1
"study2","primary_q4_calibration","primary_calibration_curve","ablation_fit","RF-OM",48,1,1
"study2","primary_q4_calibration","primary_calibration_curve","ablation_fit","RF-OM",48,2,1
"study2","primary_q4_calibration","primary_calibration_curve","ablation_fit","RF-OM",48,3,1
"study2","primary_q4_calibration","primary_calibration_curve","ablation_fit","RF-OM",48,4,1
"study2","primary_q4_calibration","primary_calibration_curve","ablation_fit","RF-OM",48,5,1
"study2","primary_q4_calibration","primary_calibration_curve","ablation_fit","RF-OM",48,6,1
"study2","primary_q4_calibration","primary_calibration_curve","ablation_fit","RF-OM",48,7,1
"study2","primary_q4_calibration","primary_calibration_curve","ablation_fit","RF-OM",48,8,1
"study2","primary_q4_calibration","primary_calibration_curve","ablation_fit","RF-OM",48,9,1
"study2","primary_q4_calibration","primary_calibration_curve","ablation_fit","RF-OM",48,10,1
"study2","primary_q4_calibration","primary_calibration_curve","ablation_fit","RF-OM",48,11,1
"study2","primary_q4_calibration","primary_calibration_curve","ablation_fit","RF-OM",48,12,1
"study2","primary_q4_calibration","primary_calibration_curve","ablation_fit","RF-OM",48,13,1
"study2","primary_q4_calibration","primary_calibration_curve","ablation_fit","RF-OM",48,14,1
"study2","primary_q4_calibration","primary_calibration_curve","ablation_fit","RF-OM",48,15,1
"study2","primary_q4_calibration","primary_calibration_curve","ablation_fit","RF-OM",48,16,1
"study2","primary_q4_calibration","primary_calibration_curve","ablation_fit","RF-OM",48,17,1
"study2","primary_q4_calibration","primary_calibration_curve","ablation_fit","RF-OM",48,18,1
"study2","primary_q4_calibration","primary_calibration_curve","ablation_fit","RF-OM",48,19,1
"study2","primary_q4_calibration","primary_calibration_curve","ablation_fit","RF-OM",48,20,1
"study2","primary_q4_calibration","primary_calibration_curve","ablation_fit","RF-OM",48,21,1
"study2","primary_q4_calibration","primary_calibration_curve","ablation_fit","RF-OM",48,22,1
"study2","primary_q4_calibration","primary_calibration_curve","ablation_fit","RF-OM",48,23,1
"study2","primary_q4_calibration","primary_calibration_curve","ablation_fit","RF-OM",48,24,1
"study2","primary_q4_calibration","primary_calibration_curve","ablation_fit","RF-OM",48,25,1
"study2","primary_q4_calibration","primary_calibration_curve","ablation_fit","RF-OM",48,26,1
"study2","primary_q4_calibration","primary_calibration_curve","ablation_fit","RF-OM",48,27,1
"study2","primary_q4_calibration","primary_calibration_curve","ablation_fit","RF-OM",48,28,1
"study2","primary_q4_calibration","primary_calibration_curve","ablation_fit","RF-OM",48,29,1
"study2","primary_q4_calibration","primary_calibration_curve","ablation_fit","RF-OM",48,30,1
"study2","primary_q4_calibration","primary_calibration_curve","ablation_fit","RF-OM",48,31,1
"study2","primary_q4_calibration","primary_calibration_curve","ablation_fit","RF-OM",48,32,1
"study2","primary_q4_calibration","primary_calibration_curve","ablation_fit","RF-OM",48,33,1
"study2","primary_q4_calibration","primary_calibration_curve","ablation_fit","RF-OM",48,34,1
"study2","primary_q4_calibration","primary_calibration_curve","ablation_fit","RF-OM",48,35,1
"study2","primary_q4_calibration","primary_calibration_curve","ablation_fit","RF-OM",48,36,1
"study2","primary_q4_calibration","primary_calibration_curve","ablation_fit","RF-OM",48,37,1
"study2","primary_q4_calibration","primary_calibration_curve","ablation_fit","RF-OM",48,38,1
"study2","primary_q4_calibration","primary_calibration_curve","ablation_fit","RF-OM",48,39,1
"study2","primary_q4_calibration","primary_calibration_curve","ablation_fit","RF-OM",48,40,1
"study2","primary_q4_calibration","primary_calibration_curve","ablation_fit","RF-OM",48,41,1
"study2","primary_q4_calibration","primary_calibration_curve","ablation_fit","RF-OM",48,42,1
"study2","primary_q4_calibration","primary_calibration_curve","ablation_fit","RF-OM",48,43,1
"study2","primary_q4_calibration","primary_calibration_curve","ablation_fit","RF-OM",48,44,1
"study2","primary_q4_calibration","primary_calibration_curve","ablation_fit","RF-OM",48,45,1
"study2","primary_q4_calibration","primary_calibration_curve","ablation_fit","RF-OM",48,46,1
"study2","primary_q4_calibration","primary_calibration_curve","ablation_fit","RF-OM",48,47,1
"study2","primary_q4_calibration","primary_calibration_curve","ablation_fit","RF-OM",48,48,1
"study2","primary_q4_calibration","primary_calibration_curve","ablation_fit","RF-OM",48,49,1
"study2","primary_q4_calibration","primary_calibration_curve","ablation_fit","RF-OM",48,50,1
"study2","primary_q4_calibration","primary_calibration_curve","ablation_fit","RF-OM",48,51,1
"study2","primary_q4_calibration","primary_calibration_curve","ablation_fit","RF-OM",48,52,1
"study2","primary_q4_calibration","primary_calibration_curve","ablation_fit","RF-OM",48,53,1
"study2","primary_q4_calibration","primary_calibration_curve","ablation_fit","RF-OM",48,54,1
"study2","primary_q4_calibration","primary_calibration_curve","ablation_fit","RF-OM",48,55,1
"study2","primary_q4_calibration","primary_calibration_curve","ablation_fit","RF-OM",48,56,1
"study2","primary_q4_calibration","primary_calibration_curve","ablation_fit","RF-OM",48,57,1
"study2","primary_q4_calibration","primary_calibration_curve","ablation_fit","RF-OM",48,58,1
"study2","primary_q4_calibration","primary_calibration_curve","ablation_fit","RF-OM",48,59,1
"study2","primary_q4_calibration","primary_calibration_curve","ablation_fit","RF-OM",48,60,1
"study2","primary_q4_calibration","primary_calibration_curve","ablation_fit","RF-OM",48,61,1
"study2","primary_q4_calibration","primary_calibration_curve","ablation_fit","RF-OM",48,62,1
"study2","primary_q4_calibration","primary_calibration_curve","ablation_fit","RF-OM",48,63,1
"study2","primary_q4_calibration","primary_calibration_curve","ablation_fit","RF-OM",48,64,1
"study2","primary_q4_calibration","primary_calibration_curve","ablation_fit","RF-OM",48,65,1
"study2","primary_q4_calibration","primary_calibration_curve","ablation_fit","RF-OM",48,66,1
"study2","primary_q4_calibration","primary_calibration_curve","ablation_fit","RF-OM",48,67,1
"study2","primary_q4_calibration","primary_calibration_curve","ablation_fit","RF-OM",48,68,1
"study2","primary_q4_calibration","primary_calibration_curve","ablation_fit","RF-OM",48,69,1
"study2","primary_q4_calibration","primary_calibration_curve","ablation_fit","RF-OM",48,70,1
"study2","primary_q4_calibration","primary_calibration_curve","ablation_fit","RF-OM",48,71,1
"study2","primary_q4_calibration","primary_calibration_curve","ablation_fit","RF-OM",48,72,1
"study2","primary_q4_calibration","primary_calibration_curve","ablation_fit","RF-OM",48,73,1
"study2","primary_q4_calibration","primary_calibration_curve","ablation_fit","RF-OM",48,74,1
"study2","primary_q4_calibration","primary_calibration_curve","ablation_fit","RF-OM",48,75,1
"study2","primary_q4_calibration","primary_calibration_curve","ablation_fit","RF-OM",48,76,1
"study2","primary_q4_calibration","primary_calibration_curve","ablation_fit","RF-OM",48,77,1
"study2","primary_q4_calibration","primary_calibration_curve","ablation_fit","RF-OM",48,78,1
"study2","primary_q4_calibration","primary_calibration_curve","ablation_fit","RF-OM",48,79,1
"study2","primary_q4_calibration","primary_calibration_curve","ablation_fit","RF-OM",48,80,1
"study2","primary_q4_calibration","primary_calibration_curve","ablation_fit","RF-OM",48,81,1
"study2","primary_q4_calibration","primary_calibration_curve","ablation_fit","RF-OM",48,82,1
"study2","primary_q4_calibration","primary_calibration_curve","ablation_fit","RF-OM",48,83,1
"study2","primary_q4_calibration","primary_calibration_curve","ablation_fit","RF-OM",48,84,1
"study2","primary_q4_calibration","primary_calibration_curve","ablation_fit","RF-OM",48,85,1
"study2","primary_q4_calibration","primary_calibration_curve","ablation_fit","RF-OM",48,86,1
"study2","primary_q4_calibration","primary_calibration_curve","ablation_fit","RF-OM",48,87,1
"study2","primary_q4_calibration","primary_calibration_curve","ablation_fit","RF-OM",48,88,1
"study2","primary_q4_calibration","primary_calibration_curve","ablation_fit","RF-OM",48,89,1
"study2","primary_q4_calibration","primary_calibration_curve","ablation_fit","RF-OM",48,90,1
"study2","primary_q4_calibration","primary_calibration_curve","ablation_fit","RF-OM",48,91,1
"study2","primary_q4_calibration","primary_calibration_curve","ablation_fit","RF-OM",48,92,1
"study2","primary_q4_calibration","primary_calibration_curve","ablation_fit","RF-OM",48,93,1
"study2","primary_q4_calibration","primary_calibration_curve","ablation_fit","RF-OM",48,94,1
"study2","primary_q4_calibration","primary_calibration_curve","ablation_fit","RF-OM",48,95,1
"study2","primary_q4_calibration","primary_calibration_curve","ablation_fit","RF-OM",48,96,1
"study2","primary_q4_calibration","primary_calibration_curve","ablation_fit","RF-OM",48,97,1
"study2","primary_q4_calibration","primary_calibration_curve","ablation_fit","RF-OM",48,98,1
"study2","primary_q4_calibration","primary_calibration_curve","ablation_fit","RF-OM",48,99,1
"study2","primary_q4_calibration","primary_calibration_curve","ablation_fit","RF-OM",48,100,1
"study2","primary_q4_calibration","primary_calibration_curve","ablation_fit","PI-GP",0,1,1
"study2","primary_q4_calibration","primary_calibration_curve","ablation_fit","PI-GP",0,2,1
"study2","primary_q4_calibration","primary_calibration_curve","ablation_fit","PI-GP",0,3,1
"study2","primary_q4_calibration","primary_calibration_curve","ablation_fit","PI-GP",0,4,1
"study2","primary_q4_calibration","primary_calibration_curve","ablation_fit","PI-GP",0,5,1
"study2","primary_q4_calibration","primary_calibration_curve","ablation_fit","PI-GP",0,6,1
"study2","primary_q4_calibration","primary_calibration_curve","ablation_fit","PI-GP",0,7,1
"study2","primary_q4_calibration","primary_calibration_curve","ablation_fit","PI-GP",0,8,1
"study2","primary_q4_calibration","primary_calibration_curve","ablation_fit","PI-GP",0,9,1
"study2","primary_q4_calibration","primary_calibration_curve","ablation_fit","PI-GP",0,10,1
"study2","primary_q4_calibration","primary_calibration_curve","ablation_fit","PI-GP",0,11,1
"study2","primary_q4_calibration","primary_calibration_curve","ablation_fit","PI-GP",0,12,1
"study2","primary_q4_calibration","primary_calibration_curve","ablation_fit","PI-GP",0,13,1
"study2","primary_q4_calibration","primary_calibration_curve","ablation_fit","PI-GP",0,14,1
"study2","primary_q4_calibration","primary_calibration_curve","ablation_fit","PI-GP",0,15,1
"study2","primary_q4_calibration","primary_calibration_curve","ablation_fit","PI-GP",0,16,1
"study2","primary_q4_calibration","primary_calibration_curve","ablation_fit","PI-GP",0,17,1
"study2","primary_q4_calibration","primary_calibration_curve","ablation_fit","PI-GP",0,18,1
"study2","primary_q4_calibration","primary_calibration_curve","ablation_fit","PI-GP",0,19,1
"study2","primary_q4_calibration","primary_calibration_curve","ablation_fit","PI-GP",0,20,1
"study2","primary_q4_calibration","primary_calibration_curve","ablation_fit","PI-GP",0,21,1
"study2","primary_q4_calibration","primary_calibration_curve","ablation_fit","PI-GP",0,22,1
"study2","primary_q4_calibration","primary_calibration_curve","ablation_fit","PI-GP",0,23,1
"study2","primary_q4_calibration","primary_calibration_curve","ablation_fit","PI-GP",0,24,1
"study2","primary_q4_calibration","primary_calibration_curve","ablation_fit","PI-GP",0,25,1
"study2","primary_q4_calibration","primary_calibration_curve","ablation_fit","PI-GP",0,26,1
"study2","primary_q4_calibration","primary_calibration_curve","ablation_fit","PI-GP",0,27,1
"study2","primary_q4_calibration","primary_calibration_curve","ablation_fit","PI-GP",0,28,1
"study2","primary_q4_calibration","primary_calibration_curve","ablation_fit","PI-GP",0,29,1
"study2","primary_q4_calibration","primary_calibration_curve","ablation_fit","PI-GP",0,30,1
"study2","primary_q4_calibration","primary_calibration_curve","ablation_fit","PI-GP",0,31,1
"study2","primary_q4_calibration","primary_calibration_curve","ablation_fit","PI-GP",0,32,1
"study2","primary_q4_calibration","primary_calibration_curve","ablation_fit","PI-GP",0,33,1
"study2","primary_q4_calibration","primary_calibration_curve","ablation_fit","PI-GP",0,34,1
"study2","primary_q4_calibration","primary_calibration_curve","ablation_fit","PI-GP",0,35,1
"study2","primary_q4_calibration","primary_calibration_curve","ablation_fit","PI-GP",0,36,1
"study2","primary_q4_calibration","primary_calibration_curve","ablation_fit","PI-GP",0,37,1
"study2","primary_q4_calibration","primary_calibration_curve","ablation_fit","PI-GP",0,38,1
"study2","primary_q4_calibration","primary_calibration_curve","ablation_fit","PI-GP",0,39,1
"study2","primary_q4_calibration","primary_calibration_curve","ablation_fit","PI-GP",0,40,1
"study2","primary_q4_calibration","primary_calibration_curve","ablation_fit","PI-GP",0,41,1
"study2","primary_q4_calibration","primary_calibration_curve","ablation_fit","PI-GP",0,42,1
"study2","primary_q4_calibration","primary_calibration_curve","ablation_fit","PI-GP",0,43,1
"study2","primary_q4_calibration","primary_calibration_curve","ablation_fit","PI-GP",0,44,1
"study2","primary_q4_calibration","primary_calibration_curve","ablation_fit","PI-GP",0,45,1
"study2","primary_q4_calibration","primary_calibration_curve","ablation_fit","PI-GP",0,46,1
"study2","primary_q4_calibration","primary_calibration_curve","ablation_fit","PI-GP",0,47,1
"study2","primary_q4_calibration","primary_calibration_curve","ablation_fit","PI-GP",0,48,1
"study2","primary_q4_calibration","primary_calibration_curve","ablation_fit","PI-GP",0,49,1
"study2","primary_q4_calibration","primary_calibration_curve","ablation_fit","PI-GP",0,50,1
"study2","primary_q4_calibration","primary_calibration_curve","ablation_fit","PI-GP",0,51,1
"study2","primary_q4_calibration","primary_calibration_curve","ablation_fit","PI-GP",0,52,1
"study2","primary_q4_calibration","primary_calibration_curve","ablation_fit","PI-GP",0,53,1
"study2","primary_q4_calibration","primary_calibration_curve","ablation_fit","PI-GP",0,54,1
"study2","primary_q4_calibration","primary_calibration_curve","ablation_fit","PI-GP",0,55,1
"study2","primary_q4_calibration","primary_calibration_curve","ablation_fit","PI-GP",0,56,1
"study2","primary_q4_calibration","primary_calibration_curve","ablation_fit","PI-GP",0,57,1
"study2","primary_q4_calibration","primary_calibration_curve","ablation_fit","PI-GP",0,58,1
"study2","primary_q4_calibration","primary_calibration_curve","ablation_fit","PI-GP",0,59,1
"study2","primary_q4_calibration","primary_calibration_curve","ablation_fit","PI-GP",0,60,1
"study2","primary_q4_calibration","primary_calibration_curve","ablation_fit","PI-GP",0,61,1
"study2","primary_q4_calibration","primary_calibration_curve","ablation_fit","PI-GP",0,62,1
"study2","primary_q4_calibration","primary_calibration_curve","ablation_fit","PI-GP",0,63,1
"study2","primary_q4_calibration","primary_calibration_curve","ablation_fit","PI-GP",0,64,1
"study2","primary_q4_calibration","primary_calibration_curve","ablation_fit","PI-GP",0,65,1
"study2","primary_q4_calibration","primary_calibration_curve","ablation_fit","PI-GP",0,66,1
"study2","primary_q4_calibration","primary_calibration_curve","ablation_fit","PI-GP",0,67,1
"study2","primary_q4_calibration","primary_calibration_curve","ablation_fit","PI-GP",0,68,1
"study2","primary_q4_calibration","primary_calibration_curve","ablation_fit","PI-GP",0,69,1
"study2","primary_q4_calibration","primary_calibration_curve","ablation_fit","PI-GP",0,70,1
"study2","primary_q4_calibration","primary_calibration_curve","ablation_fit","PI-GP",0,71,1
"study2","primary_q4_calibration","primary_calibration_curve","ablation_fit","PI-GP",0,72,1
"study2","primary_q4_calibration","primary_calibration_curve","ablation_fit","PI-GP",0,73,1
"study2","primary_q4_calibration","primary_calibration_curve","ablation_fit","PI-GP",0,74,1
"study2","primary_q4_calibration","primary_calibration_curve","ablation_fit","PI-GP",0,75,1
"study2","primary_q4_calibration","primary_calibration_curve","ablation_fit","PI-GP",0,76,1
"study2","primary_q4_calibration","primary_calibration_curve","ablation_fit","PI-GP",0,77,1
"study2","primary_q4_calibration","primary_calibration_curve","ablation_fit","PI-GP",0,78,1
"study2","primary_q4_calibration","primary_calibration_curve","ablation_fit","PI-GP",0,79,1
"study2","primary_q4_calibration","primary_calibration_curve","ablation_fit","PI-GP",0,80,1
"study2","primary_q4_calibration","primary_calibration_curve","ablation_fit","PI-GP",0,81,1
"study2","primary_q4_calibration","primary_calibration_curve","ablation_fit","PI-GP",0,82,1
"study2","primary_q4_calibration","primary_calibration_curve","ablation_fit","PI-GP",0,83,1
"study2","primary_q4_calibration","primary_calibration_curve","ablation_fit","PI-GP",0,84,1
"study2","primary_q4_calibration","primary_calibration_curve","ablation_fit","PI-GP",0,85,1
"study2","primary_q4_calibration","primary_calibration_curve","ablation_fit","PI-GP",0,86,1
"study2","primary_q4_calibration","primary_calibration_curve","ablation_fit","PI-GP",0,87,1
"study2","primary_q4_calibration","primary_calibration_curve","ablation_fit","PI-GP",0,88,1
"study2","primary_q4_calibration","primary_calibration_curve","ablation_fit","PI-GP",0,89,1
"study2","primary_q4_calibration","primary_calibration_curve","ablation_fit","PI-GP",0,90,1
"study2","primary_q4_calibration","primary_calibration_curve","ablation_fit","PI-GP",0,91,1
"study2","primary_q4_calibration","primary_calibration_curve","ablation_fit","PI-GP",0,92,1
"study2","primary_q4_calibration","primary_calibration_curve","ablation_fit","PI-GP",0,93,1
"study2","primary_q4_calibration","primary_calibration_curve","ablation_fit","PI-GP",0,94,1
"study2","primary_q4_calibration","primary_calibration_curve","ablation_fit","PI-GP",0,95,1
"study2","primary_q4_calibration","primary_calibration_curve","ablation_fit","PI-GP",0,96,1
"study2","primary_q4_calibration","primary_calibration_curve","ablation_fit","PI-GP",0,97,1
"study2","primary_q4_calibration","primary_calibration_curve","ablation_fit","PI-GP",0,98,1
"study2","primary_q4_calibration","primary_calibration_curve","ablation_fit","PI-GP",0,99,1
"study2","primary_q4_calibration","primary_calibration_curve","ablation_fit","PI-GP",0,100,1
"study2","primary_q4_calibration","primary_calibration_curve","ablation_fit","PI-GP",6,1,1
"study2","primary_q4_calibration","primary_calibration_curve","ablation_fit","PI-GP",6,2,1
"study2","primary_q4_calibration","primary_calibration_curve","ablation_fit","PI-GP",6,3,1
"study2","primary_q4_calibration","primary_calibration_curve","ablation_fit","PI-GP",6,4,1
"study2","primary_q4_calibration","primary_calibration_curve","ablation_fit","PI-GP",6,5,1
"study2","primary_q4_calibration","primary_calibration_curve","ablation_fit","PI-GP",6,6,1
"study2","primary_q4_calibration","primary_calibration_curve","ablation_fit","PI-GP",6,7,1
"study2","primary_q4_calibration","primary_calibration_curve","ablation_fit","PI-GP",6,8,1
"study2","primary_q4_calibration","primary_calibration_curve","ablation_fit","PI-GP",6,9,1
"study2","primary_q4_calibration","primary_calibration_curve","ablation_fit","PI-GP",6,10,1
"study2","primary_q4_calibration","primary_calibration_curve","ablation_fit","PI-GP",6,11,1
"study2","primary_q4_calibration","primary_calibration_curve","ablation_fit","PI-GP",6,12,1
"study2","primary_q4_calibration","primary_calibration_curve","ablation_fit","PI-GP",6,13,1
"study2","primary_q4_calibration","primary_calibration_curve","ablation_fit","PI-GP",6,14,1
"study2","primary_q4_calibration","primary_calibration_curve","ablation_fit","PI-GP",6,15,1
"study2","primary_q4_calibration","primary_calibration_curve","ablation_fit","PI-GP",6,16,1
"study2","primary_q4_calibration","primary_calibration_curve","ablation_fit","PI-GP",6,17,1
"study2","primary_q4_calibration","primary_calibration_curve","ablation_fit","PI-GP",6,18,1
"study2","primary_q4_calibration","primary_calibration_curve","ablation_fit","PI-GP",6,19,1
"study2","primary_q4_calibration","primary_calibration_curve","ablation_fit","PI-GP",6,20,1
"study2","primary_q4_calibration","primary_calibration_curve","ablation_fit","PI-GP",6,21,1
"study2","primary_q4_calibration","primary_calibration_curve","ablation_fit","PI-GP",6,22,1
"study2","primary_q4_calibration","primary_calibration_curve","ablation_fit","PI-GP",6,23,1
"study2","primary_q4_calibration","primary_calibration_curve","ablation_fit","PI-GP",6,24,1
"study2","primary_q4_calibration","primary_calibration_curve","ablation_fit","PI-GP",6,25,1
"study2","primary_q4_calibration","primary_calibration_curve","ablation_fit","PI-GP",6,26,1
"study2","primary_q4_calibration","primary_calibration_curve","ablation_fit","PI-GP",6,27,1
"study2","primary_q4_calibration","primary_calibration_curve","ablation_fit","PI-GP",6,28,1
"study2","primary_q4_calibration","primary_calibration_curve","ablation_fit","PI-GP",6,29,1
"study2","primary_q4_calibration","primary_calibration_curve","ablation_fit","PI-GP",6,30,1
"study2","primary_q4_calibration","primary_calibration_curve","ablation_fit","PI-GP",6,31,1
"study2","primary_q4_calibration","primary_calibration_curve","ablation_fit","PI-GP",6,32,1
"study2","primary_q4_calibration","primary_calibration_curve","ablation_fit","PI-GP",6,33,1
"study2","primary_q4_calibration","primary_calibration_curve","ablation_fit","PI-GP",6,34,1
"study2","primary_q4_calibration","primary_calibration_curve","ablation_fit","PI-GP",6,35,1
"study2","primary_q4_calibration","primary_calibration_curve","ablation_fit","PI-GP",6,36,1
"study2","primary_q4_calibration","primary_calibration_curve","ablation_fit","PI-GP",6,37,1
"study2","primary_q4_calibration","primary_calibration_curve","ablation_fit","PI-GP",6,38,1
"study2","primary_q4_calibration","primary_calibration_curve","ablation_fit","PI-GP",6,39,1
"study2","primary_q4_calibration","primary_calibration_curve","ablation_fit","PI-GP",6,40,1
"study2","primary_q4_calibration","primary_calibration_curve","ablation_fit","PI-GP",6,41,1
"study2","primary_q4_calibration","primary_calibration_curve","ablation_fit","PI-GP",6,42,1
"study2","primary_q4_calibration","primary_calibration_curve","ablation_fit","PI-GP",6,43,1
"study2","primary_q4_calibration","primary_calibration_curve","ablation_fit","PI-GP",6,44,1
"study2","primary_q4_calibration","primary_calibration_curve","ablation_fit","PI-GP",6,45,1
"study2","primary_q4_calibration","primary_calibration_curve","ablation_fit","PI-GP",6,46,1
"study2","primary_q4_calibration","primary_calibration_curve","ablation_fit","PI-GP",6,47,1
"study2","primary_q4_calibration","primary_calibration_curve","ablation_fit","PI-GP",6,48,1
"study2","primary_q4_calibration","primary_calibration_curve","ablation_fit","PI-GP",6,49,1
"study2","primary_q4_calibration","primary_calibration_curve","ablation_fit","PI-GP",6,50,1
"study2","primary_q4_calibration","primary_calibration_curve","ablation_fit","PI-GP",6,51,1
"study2","primary_q4_calibration","primary_calibration_curve","ablation_fit","PI-GP",6,52,1
"study2","primary_q4_calibration","primary_calibration_curve","ablation_fit","PI-GP",6,53,1
"study2","primary_q4_calibration","primary_calibration_curve","ablation_fit","PI-GP",6,54,1
"study2","primary_q4_calibration","primary_calibration_curve","ablation_fit","PI-GP",6,55,1
"study2","primary_q4_calibration","primary_calibration_curve","ablation_fit","PI-GP",6,56,1
"study2","primary_q4_calibration","primary_calibration_curve","ablation_fit","PI-GP",6,57,1
"study2","primary_q4_calibration","primary_calibration_curve","ablation_fit","PI-GP",6,58,1
"study2","primary_q4_calibration","primary_calibration_curve","ablation_fit","PI-GP",6,59,1
"study2","primary_q4_calibration","primary_calibration_curve","ablation_fit","PI-GP",6,60,1
"study2","primary_q4_calibration","primary_calibration_curve","ablation_fit","PI-GP",6,61,1
"study2","primary_q4_calibration","primary_calibration_curve","ablation_fit","PI-GP",6,62,1
"study2","primary_q4_calibration","primary_calibration_curve","ablation_fit","PI-GP",6,63,1
"study2","primary_q4_calibration","primary_calibration_curve","ablation_fit","PI-GP",6,64,1
"study2","primary_q4_calibration","primary_calibration_curve","ablation_fit","PI-GP",6,65,1
"study2","primary_q4_calibration","primary_calibration_curve","ablation_fit","PI-GP",6,66,1
"study2","primary_q4_calibration","primary_calibration_curve","ablation_fit","PI-GP",6,67,1
"study2","primary_q4_calibration","primary_calibration_curve","ablation_fit","PI-GP",6,68,1
"study2","primary_q4_calibration","primary_calibration_curve","ablation_fit","PI-GP",6,69,1
"study2","primary_q4_calibration","primary_calibration_curve","ablation_fit","PI-GP",6,70,1
"study2","primary_q4_calibration","primary_calibration_curve","ablation_fit","PI-GP",6,71,1
"study2","primary_q4_calibration","primary_calibration_curve","ablation_fit","PI-GP",6,72,1
"study2","primary_q4_calibration","primary_calibration_curve","ablation_fit","PI-GP",6,73,1
"study2","primary_q4_calibration","primary_calibration_curve","ablation_fit","PI-GP",6,74,1
"study2","primary_q4_calibration","primary_calibration_curve","ablation_fit","PI-GP",6,75,1
"study2","primary_q4_calibration","primary_calibration_curve","ablation_fit","PI-GP",6,76,1
"study2","primary_q4_calibration","primary_calibration_curve","ablation_fit","PI-GP",6,77,1
"study2","primary_q4_calibration","primary_calibration_curve","ablation_fit","PI-GP",6,78,1
"study2","primary_q4_calibration","primary_calibration_curve","ablation_fit","PI-GP",6,79,1
"study2","primary_q4_calibration","primary_calibration_curve","ablation_fit","PI-GP",6,80,1
"study2","primary_q4_calibration","primary_calibration_curve","ablation_fit","PI-GP",6,81,1
"study2","primary_q4_calibration","primary_calibration_curve","ablation_fit","PI-GP",6,82,1
"study2","primary_q4_calibration","primary_calibration_curve","ablation_fit","PI-GP",6,83,1
"study2","primary_q4_calibration","primary_calibration_curve","ablation_fit","PI-GP",6,84,1
"study2","primary_q4_calibration","primary_calibration_curve","ablation_fit","PI-GP",6,85,1
"study2","primary_q4_calibration","primary_calibration_curve","ablation_fit","PI-GP",6,86,1
"study2","primary_q4_calibration","primary_calibration_curve","ablation_fit","PI-GP",6,87,1
"study2","primary_q4_calibration","primary_calibration_curve","ablation_fit","PI-GP",6,88,1
"study2","primary_q4_calibration","primary_calibration_curve","ablation_fit","PI-GP",6,89,1
"study2","primary_q4_calibration","primary_calibration_curve","ablation_fit","PI-GP",6,90,1
"study2","primary_q4_calibration","primary_calibration_curve","ablation_fit","PI-GP",6,91,1
"study2","primary_q4_calibration","primary_calibration_curve","ablation_fit","PI-GP",6,92,1
"study2","primary_q4_calibration","primary_calibration_curve","ablation_fit","PI-GP",6,93,1
"study2","primary_q4_calibration","primary_calibration_curve","ablation_fit","PI-GP",6,94,1
"study2","primary_q4_calibration","primary_calibration_curve","ablation_fit","PI-GP",6,95,1
"study2","primary_q4_calibration","primary_calibration_curve","ablation_fit","PI-GP",6,96,1
"study2","primary_q4_calibration","primary_calibration_curve","ablation_fit","PI-GP",6,97,1
"study2","primary_q4_calibration","primary_calibration_curve","ablation_fit","PI-GP",6,98,1
"study2","primary_q4_calibration","primary_calibration_curve","ablation_fit","PI-GP",6,99,1
"study2","primary_q4_calibration","primary_calibration_curve","ablation_fit","PI-GP",6,100,1
"study2","primary_q4_calibration","primary_calibration_curve","ablation_fit","PI-GP",12,1,1
"study2","primary_q4_calibration","primary_calibration_curve","ablation_fit","PI-GP",12,2,1
"study2","primary_q4_calibration","primary_calibration_curve","ablation_fit","PI-GP",12,3,1
"study2","primary_q4_calibration","primary_calibration_curve","ablation_fit","PI-GP",12,4,1
"study2","primary_q4_calibration","primary_calibration_curve","ablation_fit","PI-GP",12,5,1
"study2","primary_q4_calibration","primary_calibration_curve","ablation_fit","PI-GP",12,6,1
"study2","primary_q4_calibration","primary_calibration_curve","ablation_fit","PI-GP",12,7,1
"study2","primary_q4_calibration","primary_calibration_curve","ablation_fit","PI-GP",12,8,1
"study2","primary_q4_calibration","primary_calibration_curve","ablation_fit","PI-GP",12,9,1
"study2","primary_q4_calibration","primary_calibration_curve","ablation_fit","PI-GP",12,10,1
"study2","primary_q4_calibration","primary_calibration_curve","ablation_fit","PI-GP",12,11,1
"study2","primary_q4_calibration","primary_calibration_curve","ablation_fit","PI-GP",12,12,1
"study2","primary_q4_calibration","primary_calibration_curve","ablation_fit","PI-GP",12,13,1
"study2","primary_q4_calibration","primary_calibration_curve","ablation_fit","PI-GP",12,14,1
"study2","primary_q4_calibration","primary_calibration_curve","ablation_fit","PI-GP",12,15,1
"study2","primary_q4_calibration","primary_calibration_curve","ablation_fit","PI-GP",12,16,1
"study2","primary_q4_calibration","primary_calibration_curve","ablation_fit","PI-GP",12,17,1
"study2","primary_q4_calibration","primary_calibration_curve","ablation_fit","PI-GP",12,18,1
"study2","primary_q4_calibration","primary_calibration_curve","ablation_fit","PI-GP",12,19,1
"study2","primary_q4_calibration","primary_calibration_curve","ablation_fit","PI-GP",12,20,1
"study2","primary_q4_calibration","primary_calibration_curve","ablation_fit","PI-GP",12,21,1
"study2","primary_q4_calibration","primary_calibration_curve","ablation_fit","PI-GP",12,22,1
"study2","primary_q4_calibration","primary_calibration_curve","ablation_fit","PI-GP",12,23,1
"study2","primary_q4_calibration","primary_calibration_curve","ablation_fit","PI-GP",12,24,1
"study2","primary_q4_calibration","primary_calibration_curve","ablation_fit","PI-GP",12,25,1
"study2","primary_q4_calibration","primary_calibration_curve","ablation_fit","PI-GP",12,26,1
"study2","primary_q4_calibration","primary_calibration_curve","ablation_fit","PI-GP",12,27,1
"study2","primary_q4_calibration","primary_calibration_curve","ablation_fit","PI-GP",12,28,1
"study2","primary_q4_calibration","primary_calibration_curve","ablation_fit","PI-GP",12,29,1
"study2","primary_q4_calibration","primary_calibration_curve","ablation_fit","PI-GP",12,30,1
"study2","primary_q4_calibration","primary_calibration_curve","ablation_fit","PI-GP",12,31,1
"study2","primary_q4_calibration","primary_calibration_curve","ablation_fit","PI-GP",12,32,1
"study2","primary_q4_calibration","primary_calibration_curve","ablation_fit","PI-GP",12,33,1
"study2","primary_q4_calibration","primary_calibration_curve","ablation_fit","PI-GP",12,34,1
"study2","primary_q4_calibration","primary_calibration_curve","ablation_fit","PI-GP",12,35,1
"study2","primary_q4_calibration","primary_calibration_curve","ablation_fit","PI-GP",12,36,1
"study2","primary_q4_calibration","primary_calibration_curve","ablation_fit","PI-GP",12,37,1
"study2","primary_q4_calibration","primary_calibration_curve","ablation_fit","PI-GP",12,38,1
"study2","primary_q4_calibration","primary_calibration_curve","ablation_fit","PI-GP",12,39,1
"study2","primary_q4_calibration","primary_calibration_curve","ablation_fit","PI-GP",12,40,1
"study2","primary_q4_calibration","primary_calibration_curve","ablation_fit","PI-GP",12,41,1
"study2","primary_q4_calibration","primary_calibration_curve","ablation_fit","PI-GP",12,42,1
"study2","primary_q4_calibration","primary_calibration_curve","ablation_fit","PI-GP",12,43,1
"study2","primary_q4_calibration","primary_calibration_curve","ablation_fit","PI-GP",12,44,1
"study2","primary_q4_calibration","primary_calibration_curve","ablation_fit","PI-GP",12,45,1
"study2","primary_q4_calibration","primary_calibration_curve","ablation_fit","PI-GP",12,46,1
"study2","primary_q4_calibration","primary_calibration_curve","ablation_fit","PI-GP",12,47,1
"study2","primary_q4_calibration","primary_calibration_curve","ablation_fit","PI-GP",12,48,1
"study2","primary_q4_calibration","primary_calibration_curve","ablation_fit","PI-GP",12,49,1
"study2","primary_q4_calibration","primary_calibration_curve","ablation_fit","PI-GP",12,50,1
"study2","primary_q4_calibration","primary_calibration_curve","ablation_fit","PI-GP",12,51,1
"study2","primary_q4_calibration","primary_calibration_curve","ablation_fit","PI-GP",12,52,1
"study2","primary_q4_calibration","primary_calibration_curve","ablation_fit","PI-GP",12,53,1
"study2","primary_q4_calibration","primary_calibration_curve","ablation_fit","PI-GP",12,54,1
"study2","primary_q4_calibration","primary_calibration_curve","ablation_fit","PI-GP",12,55,1
"study2","primary_q4_calibration","primary_calibration_curve","ablation_fit","PI-GP",12,56,1
"study2","primary_q4_calibration","primary_calibration_curve","ablation_fit","PI-GP",12,57,1
"study2","primary_q4_calibration","primary_calibration_curve","ablation_fit","PI-GP",12,58,1
"study2","primary_q4_calibration","primary_calibration_curve","ablation_fit","PI-GP",12,59,1
"study2","primary_q4_calibration","primary_calibration_curve","ablation_fit","PI-GP",12,60,1
"study2","primary_q4_calibration","primary_calibration_curve","ablation_fit","PI-GP",12,61,1
"study2","primary_q4_calibration","primary_calibration_curve","ablation_fit","PI-GP",12,62,1
"study2","primary_q4_calibration","primary_calibration_curve","ablation_fit","PI-GP",12,63,1
"study2","primary_q4_calibration","primary_calibration_curve","ablation_fit","PI-GP",12,64,1
"study2","primary_q4_calibration","primary_calibration_curve","ablation_fit","PI-GP",12,65,1
"study2","primary_q4_calibration","primary_calibration_curve","ablation_fit","PI-GP",12,66,1
"study2","primary_q4_calibration","primary_calibration_curve","ablation_fit","PI-GP",12,67,1
"study2","primary_q4_calibration","primary_calibration_curve","ablation_fit","PI-GP",12,68,1
"study2","primary_q4_calibration","primary_calibration_curve","ablation_fit","PI-GP",12,69,1
"study2","primary_q4_calibration","primary_calibration_curve","ablation_fit","PI-GP",12,70,1
"study2","primary_q4_calibration","primary_calibration_curve","ablation_fit","PI-GP",12,71,1
"study2","primary_q4_calibration","primary_calibration_curve","ablation_fit","PI-GP",12,72,1
"study2","primary_q4_calibration","primary_calibration_curve","ablation_fit","PI-GP",12,73,1
"study2","primary_q4_calibration","primary_calibration_curve","ablation_fit","PI-GP",12,74,1
"study2","primary_q4_calibration","primary_calibration_curve","ablation_fit","PI-GP",12,75,1
"study2","primary_q4_calibration","primary_calibration_curve","ablation_fit","PI-GP",12,76,1
"study2","primary_q4_calibration","primary_calibration_curve","ablation_fit","PI-GP",12,77,1
"study2","primary_q4_calibration","primary_calibration_curve","ablation_fit","PI-GP",12,78,1
"study2","primary_q4_calibration","primary_calibration_curve","ablation_fit","PI-GP",12,79,1
"study2","primary_q4_calibration","primary_calibration_curve","ablation_fit","PI-GP",12,80,1
"study2","primary_q4_calibration","primary_calibration_curve","ablation_fit","PI-GP",12,81,1
"study2","primary_q4_calibration","primary_calibration_curve","ablation_fit","PI-GP",12,82,1
"study2","primary_q4_calibration","primary_calibration_curve","ablation_fit","PI-GP",12,83,1
"study2","primary_q4_calibration","primary_calibration_curve","ablation_fit","PI-GP",12,84,1
"study2","primary_q4_calibration","primary_calibration_curve","ablation_fit","PI-GP",12,85,1
"study2","primary_q4_calibration","primary_calibration_curve","ablation_fit","PI-GP",12,86,1
"study2","primary_q4_calibration","primary_calibration_curve","ablation_fit","PI-GP",12,87,1
"study2","primary_q4_calibration","primary_calibration_curve","ablation_fit","PI-GP",12,88,1
"study2","primary_q4_calibration","primary_calibration_curve","ablation_fit","PI-GP",12,89,1
"study2","primary_q4_calibration","primary_calibration_curve","ablation_fit","PI-GP",12,90,1
"study2","primary_q4_calibration","primary_calibration_curve","ablation_fit","PI-GP",12,91,1
"study2","primary_q4_calibration","primary_calibration_curve","ablation_fit","PI-GP",12,92,1
"study2","primary_q4_calibration","primary_calibration_curve","ablation_fit","PI-GP",12,93,1
"study2","primary_q4_calibration","primary_calibration_curve","ablation_fit","PI-GP",12,94,1
"study2","primary_q4_calibration","primary_calibration_curve","ablation_fit","PI-GP",12,95,1
"study2","primary_q4_calibration","primary_calibration_curve","ablation_fit","PI-GP",12,96,1
"study2","primary_q4_calibration","primary_calibration_curve","ablation_fit","PI-GP",12,97,1
"study2","primary_q4_calibration","primary_calibration_curve","ablation_fit","PI-GP",12,98,1
"study2","primary_q4_calibration","primary_calibration_curve","ablation_fit","PI-GP",12,99,1
"study2","primary_q4_calibration","primary_calibration_curve","ablation_fit","PI-GP",12,100,1
"study2","primary_q4_calibration","primary_calibration_curve","ablation_fit","PI-GP",24,1,1
"study2","primary_q4_calibration","primary_calibration_curve","ablation_fit","PI-GP",24,2,1
"study2","primary_q4_calibration","primary_calibration_curve","ablation_fit","PI-GP",24,3,1
"study2","primary_q4_calibration","primary_calibration_curve","ablation_fit","PI-GP",24,4,1
"study2","primary_q4_calibration","primary_calibration_curve","ablation_fit","PI-GP",24,5,1
"study2","primary_q4_calibration","primary_calibration_curve","ablation_fit","PI-GP",24,6,1
"study2","primary_q4_calibration","primary_calibration_curve","ablation_fit","PI-GP",24,7,1
"study2","primary_q4_calibration","primary_calibration_curve","ablation_fit","PI-GP",24,8,1
"study2","primary_q4_calibration","primary_calibration_curve","ablation_fit","PI-GP",24,9,1
"study2","primary_q4_calibration","primary_calibration_curve","ablation_fit","PI-GP",24,10,1
"study2","primary_q4_calibration","primary_calibration_curve","ablation_fit","PI-GP",24,11,1
"study2","primary_q4_calibration","primary_calibration_curve","ablation_fit","PI-GP",24,12,1
"study2","primary_q4_calibration","primary_calibration_curve","ablation_fit","PI-GP",24,13,1
"study2","primary_q4_calibration","primary_calibration_curve","ablation_fit","PI-GP",24,14,1
"study2","primary_q4_calibration","primary_calibration_curve","ablation_fit","PI-GP",24,15,1
"study2","primary_q4_calibration","primary_calibration_curve","ablation_fit","PI-GP",24,16,1
"study2","primary_q4_calibration","primary_calibration_curve","ablation_fit","PI-GP",24,17,1
"study2","primary_q4_calibration","primary_calibration_curve","ablation_fit","PI-GP",24,18,1
"study2","primary_q4_calibration","primary_calibration_curve","ablation_fit","PI-GP",24,19,1
"study2","primary_q4_calibration","primary_calibration_curve","ablation_fit","PI-GP",24,20,1
"study2","primary_q4_calibration","primary_calibration_curve","ablation_fit","PI-GP",24,21,1
"study2","primary_q4_calibration","primary_calibration_curve","ablation_fit","PI-GP",24,22,1
"study2","primary_q4_calibration","primary_calibration_curve","ablation_fit","PI-GP",24,23,1
"study2","primary_q4_calibration","primary_calibration_curve","ablation_fit","PI-GP",24,24,1
"study2","primary_q4_calibration","primary_calibration_curve","ablation_fit","PI-GP",24,25,1
"study2","primary_q4_calibration","primary_calibration_curve","ablation_fit","PI-GP",24,26,1
"study2","primary_q4_calibration","primary_calibration_curve","ablation_fit","PI-GP",24,27,1
"study2","primary_q4_calibration","primary_calibration_curve","ablation_fit","PI-GP",24,28,1
"study2","primary_q4_calibration","primary_calibration_curve","ablation_fit","PI-GP",24,29,1
"study2","primary_q4_calibration","primary_calibration_curve","ablation_fit","PI-GP",24,30,1
"study2","primary_q4_calibration","primary_calibration_curve","ablation_fit","PI-GP",24,31,1
"study2","primary_q4_calibration","primary_calibration_curve","ablation_fit","PI-GP",24,32,1
"study2","primary_q4_calibration","primary_calibration_curve","ablation_fit","PI-GP",24,33,1
"study2","primary_q4_calibration","primary_calibration_curve","ablation_fit","PI-GP",24,34,1
"study2","primary_q4_calibration","primary_calibration_curve","ablation_fit","PI-GP",24,35,1
"study2","primary_q4_calibration","primary_calibration_curve","ablation_fit","PI-GP",24,36,1
"study2","primary_q4_calibration","primary_calibration_curve","ablation_fit","PI-GP",24,37,1
"study2","primary_q4_calibration","primary_calibration_curve","ablation_fit","PI-GP",24,38,1
"study2","primary_q4_calibration","primary_calibration_curve","ablation_fit","PI-GP",24,39,1
"study2","primary_q4_calibration","primary_calibration_curve","ablation_fit","PI-GP",24,40,1
"study2","primary_q4_calibration","primary_calibration_curve","ablation_fit","PI-GP",24,41,1
"study2","primary_q4_calibration","primary_calibration_curve","ablation_fit","PI-GP",24,42,1
"study2","primary_q4_calibration","primary_calibration_curve","ablation_fit","PI-GP",24,43,1
"study2","primary_q4_calibration","primary_calibration_curve","ablation_fit","PI-GP",24,44,1
"study2","primary_q4_calibration","primary_calibration_curve","ablation_fit","PI-GP",24,45,1
"study2","primary_q4_calibration","primary_calibration_curve","ablation_fit","PI-GP",24,46,1
"study2","primary_q4_calibration","primary_calibration_curve","ablation_fit","PI-GP",24,47,1
"study2","primary_q4_calibration","primary_calibration_curve","ablation_fit","PI-GP",24,48,1
"study2","primary_q4_calibration","primary_calibration_curve","ablation_fit","PI-GP",24,49,1
"study2","primary_q4_calibration","primary_calibration_curve","ablation_fit","PI-GP",24,50,1
"study2","primary_q4_calibration","primary_calibration_curve","ablation_fit","PI-GP",24,51,1
"study2","primary_q4_calibration","primary_calibration_curve","ablation_fit","PI-GP",24,52,1
"study2","primary_q4_calibration","primary_calibration_curve","ablation_fit","PI-GP",24,53,1
"study2","primary_q4_calibration","primary_calibration_curve","ablation_fit","PI-GP",24,54,1
"study2","primary_q4_calibration","primary_calibration_curve","ablation_fit","PI-GP",24,55,1
"study2","primary_q4_calibration","primary_calibration_curve","ablation_fit","PI-GP",24,56,1
"study2","primary_q4_calibration","primary_calibration_curve","ablation_fit","PI-GP",24,57,1
"study2","primary_q4_calibration","primary_calibration_curve","ablation_fit","PI-GP",24,58,1
"study2","primary_q4_calibration","primary_calibration_curve","ablation_fit","PI-GP",24,59,1
"study2","primary_q4_calibration","primary_calibration_curve","ablation_fit","PI-GP",24,60,1
"study2","primary_q4_calibration","primary_calibration_curve","ablation_fit","PI-GP",24,61,1
"study2","primary_q4_calibration","primary_calibration_curve","ablation_fit","PI-GP",24,62,1
"study2","primary_q4_calibration","primary_calibration_curve","ablation_fit","PI-GP",24,63,1
"study2","primary_q4_calibration","primary_calibration_curve","ablation_fit","PI-GP",24,64,1
"study2","primary_q4_calibration","primary_calibration_curve","ablation_fit","PI-GP",24,65,1
"study2","primary_q4_calibration","primary_calibration_curve","ablation_fit","PI-GP",24,66,1
"study2","primary_q4_calibration","primary_calibration_curve","ablation_fit","PI-GP",24,67,1
"study2","primary_q4_calibration","primary_calibration_curve","ablation_fit","PI-GP",24,68,1
"study2","primary_q4_calibration","primary_calibration_curve","ablation_fit","PI-GP",24,69,1
"study2","primary_q4_calibration","primary_calibration_curve","ablation_fit","PI-GP",24,70,1
"study2","primary_q4_calibration","primary_calibration_curve","ablation_fit","PI-GP",24,71,1
"study2","primary_q4_calibration","primary_calibration_curve","ablation_fit","PI-GP",24,72,1
"study2","primary_q4_calibration","primary_calibration_curve","ablation_fit","PI-GP",24,73,1
"study2","primary_q4_calibration","primary_calibration_curve","ablation_fit","PI-GP",24,74,1
"study2","primary_q4_calibration","primary_calibration_curve","ablation_fit","PI-GP",24,75,1
"study2","primary_q4_calibration","primary_calibration_curve","ablation_fit","PI-GP",24,76,1
"study2","primary_q4_calibration","primary_calibration_curve","ablation_fit","PI-GP",24,77,1
"study2","primary_q4_calibration","primary_calibration_curve","ablation_fit","PI-GP",24,78,1
"study2","primary_q4_calibration","primary_calibration_curve","ablation_fit","PI-GP",24,79,1
"study2","primary_q4_calibration","primary_calibration_curve","ablation_fit","PI-GP",24,80,1
"study2","primary_q4_calibration","primary_calibration_curve","ablation_fit","PI-GP",24,81,1
"study2","primary_q4_calibration","primary_calibration_curve","ablation_fit","PI-GP",24,82,1
"study2","primary_q4_calibration","primary_calibration_curve","ablation_fit","PI-GP",24,83,1
"study2","primary_q4_calibration","primary_calibration_curve","ablation_fit","PI-GP",24,84,1
"study2","primary_q4_calibration","primary_calibration_curve","ablation_fit","PI-GP",24,85,1
"study2","primary_q4_calibration","primary_calibration_curve","ablation_fit","PI-GP",24,86,1
"study2","primary_q4_calibration","primary_calibration_curve","ablation_fit","PI-GP",24,87,1
"study2","primary_q4_calibration","primary_calibration_curve","ablation_fit","PI-GP",24,88,1
"study2","primary_q4_calibration","primary_calibration_curve","ablation_fit","PI-GP",24,89,1
"study2","primary_q4_calibration","primary_calibration_curve","ablation_fit","PI-GP",24,90,1
"study2","primary_q4_calibration","primary_calibration_curve","ablation_fit","PI-GP",24,91,1
"study2","primary_q4_calibration","primary_calibration_curve","ablation_fit","PI-GP",24,92,1
"study2","primary_q4_calibration","primary_calibration_curve","ablation_fit","PI-GP",24,93,1
"study2","primary_q4_calibration","primary_calibration_curve","ablation_fit","PI-GP",24,94,1
"study2","primary_q4_calibration","primary_calibration_curve","ablation_fit","PI-GP",24,95,1
"study2","primary_q4_calibration","primary_calibration_curve","ablation_fit","PI-GP",24,96,1
"study2","primary_q4_calibration","primary_calibration_curve","ablation_fit","PI-GP",24,97,1
"study2","primary_q4_calibration","primary_calibration_curve","ablation_fit","PI-GP",24,98,1
"study2","primary_q4_calibration","primary_calibration_curve","ablation_fit","PI-GP",24,99,1
"study2","primary_q4_calibration","primary_calibration_curve","ablation_fit","PI-GP",24,100,1
"study2","primary_q4_calibration","primary_calibration_curve","ablation_fit","PI-GP",48,1,1
"study2","primary_q4_calibration","primary_calibration_curve","ablation_fit","PI-GP",48,2,1
"study2","primary_q4_calibration","primary_calibration_curve","ablation_fit","PI-GP",48,3,1
"study2","primary_q4_calibration","primary_calibration_curve","ablation_fit","PI-GP",48,4,1
"study2","primary_q4_calibration","primary_calibration_curve","ablation_fit","PI-GP",48,5,1
"study2","primary_q4_calibration","primary_calibration_curve","ablation_fit","PI-GP",48,6,1
"study2","primary_q4_calibration","primary_calibration_curve","ablation_fit","PI-GP",48,7,1
"study2","primary_q4_calibration","primary_calibration_curve","ablation_fit","PI-GP",48,8,1
"study2","primary_q4_calibration","primary_calibration_curve","ablation_fit","PI-GP",48,9,1
"study2","primary_q4_calibration","primary_calibration_curve","ablation_fit","PI-GP",48,10,1
"study2","primary_q4_calibration","primary_calibration_curve","ablation_fit","PI-GP",48,11,1
"study2","primary_q4_calibration","primary_calibration_curve","ablation_fit","PI-GP",48,12,1
"study2","primary_q4_calibration","primary_calibration_curve","ablation_fit","PI-GP",48,13,1
"study2","primary_q4_calibration","primary_calibration_curve","ablation_fit","PI-GP",48,14,1
"study2","primary_q4_calibration","primary_calibration_curve","ablation_fit","PI-GP",48,15,1
"study2","primary_q4_calibration","primary_calibration_curve","ablation_fit","PI-GP",48,16,1
"study2","primary_q4_calibration","primary_calibration_curve","ablation_fit","PI-GP",48,17,1
"study2","primary_q4_calibration","primary_calibration_curve","ablation_fit","PI-GP",48,18,1
"study2","primary_q4_calibration","primary_calibration_curve","ablation_fit","PI-GP",48,19,1
"study2","primary_q4_calibration","primary_calibration_curve","ablation_fit","PI-GP",48,20,1
"study2","primary_q4_calibration","primary_calibration_curve","ablation_fit","PI-GP",48,21,1
"study2","primary_q4_calibration","primary_calibration_curve","ablation_fit","PI-GP",48,22,1
"study2","primary_q4_calibration","primary_calibration_curve","ablation_fit","PI-GP",48,23,1
"study2","primary_q4_calibration","primary_calibration_curve","ablation_fit","PI-GP",48,24,1
"study2","primary_q4_calibration","primary_calibration_curve","ablation_fit","PI-GP",48,25,1
"study2","primary_q4_calibration","primary_calibration_curve","ablation_fit","PI-GP",48,26,1
"study2","primary_q4_calibration","primary_calibration_curve","ablation_fit","PI-GP",48,27,1
"study2","primary_q4_calibration","primary_calibration_curve","ablation_fit","PI-GP",48,28,1
"study2","primary_q4_calibration","primary_calibration_curve","ablation_fit","PI-GP",48,29,1
"study2","primary_q4_calibration","primary_calibration_curve","ablation_fit","PI-GP",48,30,1
"study2","primary_q4_calibration","primary_calibration_curve","ablation_fit","PI-GP",48,31,1
"study2","primary_q4_calibration","primary_calibration_curve","ablation_fit","PI-GP",48,32,1
"study2","primary_q4_calibration","primary_calibration_curve","ablation_fit","PI-GP",48,33,1
"study2","primary_q4_calibration","primary_calibration_curve","ablation_fit","PI-GP",48,34,1
"study2","primary_q4_calibration","primary_calibration_curve","ablation_fit","PI-GP",48,35,1
"study2","primary_q4_calibration","primary_calibration_curve","ablation_fit","PI-GP",48,36,1
"study2","primary_q4_calibration","primary_calibration_curve","ablation_fit","PI-GP",48,37,1
"study2","primary_q4_calibration","primary_calibration_curve","ablation_fit","PI-GP",48,38,1
"study2","primary_q4_calibration","primary_calibration_curve","ablation_fit","PI-GP",48,39,1
"study2","primary_q4_calibration","primary_calibration_curve","ablation_fit","PI-GP",48,40,1
"study2","primary_q4_calibration","primary_calibration_curve","ablation_fit","PI-GP",48,41,1
"study2","primary_q4_calibration","primary_calibration_curve","ablation_fit","PI-GP",48,42,1
"study2","primary_q4_calibration","primary_calibration_curve","ablation_fit","PI-GP",48,43,1
"study2","primary_q4_calibration","primary_calibration_curve","ablation_fit","PI-GP",48,44,1
"study2","primary_q4_calibration","primary_calibration_curve","ablation_fit","PI-GP",48,45,1
"study2","primary_q4_calibration","primary_calibration_curve","ablation_fit","PI-GP",48,46,1
"study2","primary_q4_calibration","primary_calibration_curve","ablation_fit","PI-GP",48,47,1
"study2","primary_q4_calibration","primary_calibration_curve","ablation_fit","PI-GP",48,48,1
"study2","primary_q4_calibration","primary_calibration_curve","ablation_fit","PI-GP",48,49,1
"study2","primary_q4_calibration","primary_calibration_curve","ablation_fit","PI-GP",48,50,1
"study2","primary_q4_calibration","primary_calibration_curve","ablation_fit","PI-GP",48,51,1
"study2","primary_q4_calibration","primary_calibration_curve","ablation_fit","PI-GP",48,52,1
"study2","primary_q4_calibration","primary_calibration_curve","ablation_fit","PI-GP",48,53,1
"study2","primary_q4_calibration","primary_calibration_curve","ablation_fit","PI-GP",48,54,1
"study2","primary_q4_calibration","primary_calibration_curve","ablation_fit","PI-GP",48,55,1
"study2","primary_q4_calibration","primary_calibration_curve","ablation_fit","PI-GP",48,56,1
"study2","primary_q4_calibration","primary_calibration_curve","ablation_fit","PI-GP",48,57,1
"study2","primary_q4_calibration","primary_calibration_curve","ablation_fit","PI-GP",48,58,1
"study2","primary_q4_calibration","primary_calibration_curve","ablation_fit","PI-GP",48,59,1
"study2","primary_q4_calibration","primary_calibration_curve","ablation_fit","PI-GP",48,60,1
"study2","primary_q4_calibration","primary_calibration_curve","ablation_fit","PI-GP",48,61,1
"study2","primary_q4_calibration","primary_calibration_curve","ablation_fit","PI-GP",48,62,1
"study2","primary_q4_calibration","primary_calibration_curve","ablation_fit","PI-GP",48,63,1
"study2","primary_q4_calibration","primary_calibration_curve","ablation_fit","PI-GP",48,64,1
"study2","primary_q4_calibration","primary_calibration_curve","ablation_fit","PI-GP",48,65,1
"study2","primary_q4_calibration","primary_calibration_curve","ablation_fit","PI-GP",48,66,1
"study2","primary_q4_calibration","primary_calibration_curve","ablation_fit","PI-GP",48,67,1
"study2","primary_q4_calibration","primary_calibration_curve","ablation_fit","PI-GP",48,68,1
"study2","primary_q4_calibration","primary_calibration_curve","ablation_fit","PI-GP",48,69,1
"study2","primary_q4_calibration","primary_calibration_curve","ablation_fit","PI-GP",48,70,1
"study2","primary_q4_calibration","primary_calibration_curve","ablation_fit","PI-GP",48,71,1
"study2","primary_q4_calibration","primary_calibration_curve","ablation_fit","PI-GP",48,72,1
"study2","primary_q4_calibration","primary_calibration_curve","ablation_fit","PI-GP",48,73,1
"study2","primary_q4_calibration","primary_calibration_curve","ablation_fit","PI-GP",48,74,1
"study2","primary_q4_calibration","primary_calibration_curve","ablation_fit","PI-GP",48,75,1
"study2","primary_q4_calibration","primary_calibration_curve","ablation_fit","PI-GP",48,76,1
"study2","primary_q4_calibration","primary_calibration_curve","ablation_fit","PI-GP",48,77,1
"study2","primary_q4_calibration","primary_calibration_curve","ablation_fit","PI-GP",48,78,1
"study2","primary_q4_calibration","primary_calibration_curve","ablation_fit","PI-GP",48,79,1
"study2","primary_q4_calibration","primary_calibration_curve","ablation_fit","PI-GP",48,80,1
"study2","primary_q4_calibration","primary_calibration_curve","ablation_fit","PI-GP",48,81,1
"study2","primary_q4_calibration","primary_calibration_curve","ablation_fit","PI-GP",48,82,1
"study2","primary_q4_calibration","primary_calibration_curve","ablation_fit","PI-GP",48,83,1
"study2","primary_q4_calibration","primary_calibration_curve","ablation_fit","PI-GP",48,84,1
"study2","primary_q4_calibration","primary_calibration_curve","ablation_fit","PI-GP",48,85,1
"study2","primary_q4_calibration","primary_calibration_curve","ablation_fit","PI-GP",48,86,1
"study2","primary_q4_calibration","primary_calibration_curve","ablation_fit","PI-GP",48,87,1
"study2","primary_q4_calibration","primary_calibration_curve","ablation_fit","PI-GP",48,88,1
"study2","primary_q4_calibration","primary_calibration_curve","ablation_fit","PI-GP",48,89,1
"study2","primary_q4_calibration","primary_calibration_curve","ablation_fit","PI-GP",48,90,1
"study2","primary_q4_calibration","primary_calibration_curve","ablation_fit","PI-GP",48,91,1
"study2","primary_q4_calibration","primary_calibration_curve","ablation_fit","PI-GP",48,92,1
"study2","primary_q4_calibration","primary_calibration_curve","ablation_fit","PI-GP",48,93,1
"study2","primary_q4_calibration","primary_calibration_curve","ablation_fit","PI-GP",48,94,1
"study2","primary_q4_calibration","primary_calibration_curve","ablation_fit","PI-GP",48,95,1
"study2","primary_q4_calibration","primary_calibration_curve","ablation_fit","PI-GP",48,96,1
"study2","primary_q4_calibration","primary_calibration_curve","ablation_fit","PI-GP",48,97,1
"study2","primary_q4_calibration","primary_calibration_curve","ablation_fit","PI-GP",48,98,1
"study2","primary_q4_calibration","primary_calibration_curve","ablation_fit","PI-GP",48,99,1
"study2","primary_q4_calibration","primary_calibration_curve","ablation_fit","PI-GP",48,100,1
"study2","primary_q4_calibration","primary_calibration_curve","ablation_fit","CC-GP",0,1,1
"study2","primary_q4_calibration","primary_calibration_curve","ablation_fit","CC-GP",0,2,1
"study2","primary_q4_calibration","primary_calibration_curve","ablation_fit","CC-GP",0,3,1
"study2","primary_q4_calibration","primary_calibration_curve","ablation_fit","CC-GP",0,4,1
"study2","primary_q4_calibration","primary_calibration_curve","ablation_fit","CC-GP",0,5,1
"study2","primary_q4_calibration","primary_calibration_curve","ablation_fit","CC-GP",0,6,1
"study2","primary_q4_calibration","primary_calibration_curve","ablation_fit","CC-GP",0,7,1
"study2","primary_q4_calibration","primary_calibration_curve","ablation_fit","CC-GP",0,8,1
"study2","primary_q4_calibration","primary_calibration_curve","ablation_fit","CC-GP",0,9,1
"study2","primary_q4_calibration","primary_calibration_curve","ablation_fit","CC-GP",0,10,1
"study2","primary_q4_calibration","primary_calibration_curve","ablation_fit","CC-GP",0,11,1
"study2","primary_q4_calibration","primary_calibration_curve","ablation_fit","CC-GP",0,12,1
"study2","primary_q4_calibration","primary_calibration_curve","ablation_fit","CC-GP",0,13,1
"study2","primary_q4_calibration","primary_calibration_curve","ablation_fit","CC-GP",0,14,1
"study2","primary_q4_calibration","primary_calibration_curve","ablation_fit","CC-GP",0,15,1
"study2","primary_q4_calibration","primary_calibration_curve","ablation_fit","CC-GP",0,16,1
"study2","primary_q4_calibration","primary_calibration_curve","ablation_fit","CC-GP",0,17,1
"study2","primary_q4_calibration","primary_calibration_curve","ablation_fit","CC-GP",0,18,1
"study2","primary_q4_calibration","primary_calibration_curve","ablation_fit","CC-GP",0,19,1
"study2","primary_q4_calibration","primary_calibration_curve","ablation_fit","CC-GP",0,20,1
"study2","primary_q4_calibration","primary_calibration_curve","ablation_fit","CC-GP",0,21,1
"study2","primary_q4_calibration","primary_calibration_curve","ablation_fit","CC-GP",0,22,1
"study2","primary_q4_calibration","primary_calibration_curve","ablation_fit","CC-GP",0,23,1
"study2","primary_q4_calibration","primary_calibration_curve","ablation_fit","CC-GP",0,24,1
"study2","primary_q4_calibration","primary_calibration_curve","ablation_fit","CC-GP",0,25,1
"study2","primary_q4_calibration","primary_calibration_curve","ablation_fit","CC-GP",0,26,1
"study2","primary_q4_calibration","primary_calibration_curve","ablation_fit","CC-GP",0,27,1
"study2","primary_q4_calibration","primary_calibration_curve","ablation_fit","CC-GP",0,28,1
"study2","primary_q4_calibration","primary_calibration_curve","ablation_fit","CC-GP",0,29,1
"study2","primary_q4_calibration","primary_calibration_curve","ablation_fit","CC-GP",0,30,1
"study2","primary_q4_calibration","primary_calibration_curve","ablation_fit","CC-GP",0,31,1
"study2","primary_q4_calibration","primary_calibration_curve","ablation_fit","CC-GP",0,32,1
"study2","primary_q4_calibration","primary_calibration_curve","ablation_fit","CC-GP",0,33,1
"study2","primary_q4_calibration","primary_calibration_curve","ablation_fit","CC-GP",0,34,1
"study2","primary_q4_calibration","primary_calibration_curve","ablation_fit","CC-GP",0,35,1
"study2","primary_q4_calibration","primary_calibration_curve","ablation_fit","CC-GP",0,36,1
"study2","primary_q4_calibration","primary_calibration_curve","ablation_fit","CC-GP",0,37,1
"study2","primary_q4_calibration","primary_calibration_curve","ablation_fit","CC-GP",0,38,1
"study2","primary_q4_calibration","primary_calibration_curve","ablation_fit","CC-GP",0,39,1
"study2","primary_q4_calibration","primary_calibration_curve","ablation_fit","CC-GP",0,40,1
"study2","primary_q4_calibration","primary_calibration_curve","ablation_fit","CC-GP",0,41,1
"study2","primary_q4_calibration","primary_calibration_curve","ablation_fit","CC-GP",0,42,1
"study2","primary_q4_calibration","primary_calibration_curve","ablation_fit","CC-GP",0,43,1
"study2","primary_q4_calibration","primary_calibration_curve","ablation_fit","CC-GP",0,44,1
"study2","primary_q4_calibration","primary_calibration_curve","ablation_fit","CC-GP",0,45,1
"study2","primary_q4_calibration","primary_calibration_curve","ablation_fit","CC-GP",0,46,1
"study2","primary_q4_calibration","primary_calibration_curve","ablation_fit","CC-GP",0,47,1
"study2","primary_q4_calibration","primary_calibration_curve","ablation_fit","CC-GP",0,48,1
"study2","primary_q4_calibration","primary_calibration_curve","ablation_fit","CC-GP",0,49,1
"study2","primary_q4_calibration","primary_calibration_curve","ablation_fit","CC-GP",0,50,1
"study2","primary_q4_calibration","primary_calibration_curve","ablation_fit","CC-GP",0,51,1
"study2","primary_q4_calibration","primary_calibration_curve","ablation_fit","CC-GP",0,52,1
"study2","primary_q4_calibration","primary_calibration_curve","ablation_fit","CC-GP",0,53,1
"study2","primary_q4_calibration","primary_calibration_curve","ablation_fit","CC-GP",0,54,1
"study2","primary_q4_calibration","primary_calibration_curve","ablation_fit","CC-GP",0,55,1
"study2","primary_q4_calibration","primary_calibration_curve","ablation_fit","CC-GP",0,56,1
"study2","primary_q4_calibration","primary_calibration_curve","ablation_fit","CC-GP",0,57,1
"study2","primary_q4_calibration","primary_calibration_curve","ablation_fit","CC-GP",0,58,1
"study2","primary_q4_calibration","primary_calibration_curve","ablation_fit","CC-GP",0,59,1
"study2","primary_q4_calibration","primary_calibration_curve","ablation_fit","CC-GP",0,60,1
"study2","primary_q4_calibration","primary_calibration_curve","ablation_fit","CC-GP",0,61,1
"study2","primary_q4_calibration","primary_calibration_curve","ablation_fit","CC-GP",0,62,1
"study2","primary_q4_calibration","primary_calibration_curve","ablation_fit","CC-GP",0,63,1
"study2","primary_q4_calibration","primary_calibration_curve","ablation_fit","CC-GP",0,64,1
"study2","primary_q4_calibration","primary_calibration_curve","ablation_fit","CC-GP",0,65,1
"study2","primary_q4_calibration","primary_calibration_curve","ablation_fit","CC-GP",0,66,1
"study2","primary_q4_calibration","primary_calibration_curve","ablation_fit","CC-GP",0,67,1
"study2","primary_q4_calibration","primary_calibration_curve","ablation_fit","CC-GP",0,68,1
"study2","primary_q4_calibration","primary_calibration_curve","ablation_fit","CC-GP",0,69,1
"study2","primary_q4_calibration","primary_calibration_curve","ablation_fit","CC-GP",0,70,1
"study2","primary_q4_calibration","primary_calibration_curve","ablation_fit","CC-GP",0,71,1
"study2","primary_q4_calibration","primary_calibration_curve","ablation_fit","CC-GP",0,72,1
"study2","primary_q4_calibration","primary_calibration_curve","ablation_fit","CC-GP",0,73,1
"study2","primary_q4_calibration","primary_calibration_curve","ablation_fit","CC-GP",0,74,1
"study2","primary_q4_calibration","primary_calibration_curve","ablation_fit","CC-GP",0,75,1
"study2","primary_q4_calibration","primary_calibration_curve","ablation_fit","CC-GP",0,76,1
"study2","primary_q4_calibration","primary_calibration_curve","ablation_fit","CC-GP",0,77,1
"study2","primary_q4_calibration","primary_calibration_curve","ablation_fit","CC-GP",0,78,1
"study2","primary_q4_calibration","primary_calibration_curve","ablation_fit","CC-GP",0,79,1
"study2","primary_q4_calibration","primary_calibration_curve","ablation_fit","CC-GP",0,80,1
"study2","primary_q4_calibration","primary_calibration_curve","ablation_fit","CC-GP",0,81,1
"study2","primary_q4_calibration","primary_calibration_curve","ablation_fit","CC-GP",0,82,1
"study2","primary_q4_calibration","primary_calibration_curve","ablation_fit","CC-GP",0,83,1
"study2","primary_q4_calibration","primary_calibration_curve","ablation_fit","CC-GP",0,84,1
"study2","primary_q4_calibration","primary_calibration_curve","ablation_fit","CC-GP",0,85,1
"study2","primary_q4_calibration","primary_calibration_curve","ablation_fit","CC-GP",0,86,1
"study2","primary_q4_calibration","primary_calibration_curve","ablation_fit","CC-GP",0,87,1
"study2","primary_q4_calibration","primary_calibration_curve","ablation_fit","CC-GP",0,88,1
"study2","primary_q4_calibration","primary_calibration_curve","ablation_fit","CC-GP",0,89,1
"study2","primary_q4_calibration","primary_calibration_curve","ablation_fit","CC-GP",0,90,1
"study2","primary_q4_calibration","primary_calibration_curve","ablation_fit","CC-GP",0,91,1
"study2","primary_q4_calibration","primary_calibration_curve","ablation_fit","CC-GP",0,92,1
"study2","primary_q4_calibration","primary_calibration_curve","ablation_fit","CC-GP",0,93,1
"study2","primary_q4_calibration","primary_calibration_curve","ablation_fit","CC-GP",0,94,1
"study2","primary_q4_calibration","primary_calibration_curve","ablation_fit","CC-GP",0,95,1
"study2","primary_q4_calibration","primary_calibration_curve","ablation_fit","CC-GP",0,96,1
"study2","primary_q4_calibration","primary_calibration_curve","ablation_fit","CC-GP",0,97,1
"study2","primary_q4_calibration","primary_calibration_curve","ablation_fit","CC-GP",0,98,1
"study2","primary_q4_calibration","primary_calibration_curve","ablation_fit","CC-GP",0,99,1
"study2","primary_q4_calibration","primary_calibration_curve","ablation_fit","CC-GP",0,100,1
"study2","primary_q4_calibration","primary_calibration_curve","ablation_fit","CC-GP",6,1,1
"study2","primary_q4_calibration","primary_calibration_curve","ablation_fit","CC-GP",6,2,1
"study2","primary_q4_calibration","primary_calibration_curve","ablation_fit","CC-GP",6,3,1
"study2","primary_q4_calibration","primary_calibration_curve","ablation_fit","CC-GP",6,4,1
"study2","primary_q4_calibration","primary_calibration_curve","ablation_fit","CC-GP",6,5,1
"study2","primary_q4_calibration","primary_calibration_curve","ablation_fit","CC-GP",6,6,1
"study2","primary_q4_calibration","primary_calibration_curve","ablation_fit","CC-GP",6,7,1
"study2","primary_q4_calibration","primary_calibration_curve","ablation_fit","CC-GP",6,8,1
"study2","primary_q4_calibration","primary_calibration_curve","ablation_fit","CC-GP",6,9,1
"study2","primary_q4_calibration","primary_calibration_curve","ablation_fit","CC-GP",6,10,1
"study2","primary_q4_calibration","primary_calibration_curve","ablation_fit","CC-GP",6,11,1
"study2","primary_q4_calibration","primary_calibration_curve","ablation_fit","CC-GP",6,12,1
"study2","primary_q4_calibration","primary_calibration_curve","ablation_fit","CC-GP",6,13,1
"study2","primary_q4_calibration","primary_calibration_curve","ablation_fit","CC-GP",6,14,1
"study2","primary_q4_calibration","primary_calibration_curve","ablation_fit","CC-GP",6,15,1
"study2","primary_q4_calibration","primary_calibration_curve","ablation_fit","CC-GP",6,16,1
"study2","primary_q4_calibration","primary_calibration_curve","ablation_fit","CC-GP",6,17,1
"study2","primary_q4_calibration","primary_calibration_curve","ablation_fit","CC-GP",6,18,1
"study2","primary_q4_calibration","primary_calibration_curve","ablation_fit","CC-GP",6,19,1
"study2","primary_q4_calibration","primary_calibration_curve","ablation_fit","CC-GP",6,20,1
"study2","primary_q4_calibration","primary_calibration_curve","ablation_fit","CC-GP",6,21,1
"study2","primary_q4_calibration","primary_calibration_curve","ablation_fit","CC-GP",6,22,1
"study2","primary_q4_calibration","primary_calibration_curve","ablation_fit","CC-GP",6,23,1
"study2","primary_q4_calibration","primary_calibration_curve","ablation_fit","CC-GP",6,24,1
"study2","primary_q4_calibration","primary_calibration_curve","ablation_fit","CC-GP",6,25,1
"study2","primary_q4_calibration","primary_calibration_curve","ablation_fit","CC-GP",6,26,1
"study2","primary_q4_calibration","primary_calibration_curve","ablation_fit","CC-GP",6,27,1
"study2","primary_q4_calibration","primary_calibration_curve","ablation_fit","CC-GP",6,28,1
"study2","primary_q4_calibration","primary_calibration_curve","ablation_fit","CC-GP",6,29,1
"study2","primary_q4_calibration","primary_calibration_curve","ablation_fit","CC-GP",6,30,1
"study2","primary_q4_calibration","primary_calibration_curve","ablation_fit","CC-GP",6,31,1
"study2","primary_q4_calibration","primary_calibration_curve","ablation_fit","CC-GP",6,32,1
"study2","primary_q4_calibration","primary_calibration_curve","ablation_fit","CC-GP",6,33,1
"study2","primary_q4_calibration","primary_calibration_curve","ablation_fit","CC-GP",6,34,1
"study2","primary_q4_calibration","primary_calibration_curve","ablation_fit","CC-GP",6,35,1
"study2","primary_q4_calibration","primary_calibration_curve","ablation_fit","CC-GP",6,36,1
"study2","primary_q4_calibration","primary_calibration_curve","ablation_fit","CC-GP",6,37,1
"study2","primary_q4_calibration","primary_calibration_curve","ablation_fit","CC-GP",6,38,1
"study2","primary_q4_calibration","primary_calibration_curve","ablation_fit","CC-GP",6,39,1
"study2","primary_q4_calibration","primary_calibration_curve","ablation_fit","CC-GP",6,40,1
"study2","primary_q4_calibration","primary_calibration_curve","ablation_fit","CC-GP",6,41,1
"study2","primary_q4_calibration","primary_calibration_curve","ablation_fit","CC-GP",6,42,1
"study2","primary_q4_calibration","primary_calibration_curve","ablation_fit","CC-GP",6,43,1
"study2","primary_q4_calibration","primary_calibration_curve","ablation_fit","CC-GP",6,44,1
"study2","primary_q4_calibration","primary_calibration_curve","ablation_fit","CC-GP",6,45,1
"study2","primary_q4_calibration","primary_calibration_curve","ablation_fit","CC-GP",6,46,1
"study2","primary_q4_calibration","primary_calibration_curve","ablation_fit","CC-GP",6,47,1
"study2","primary_q4_calibration","primary_calibration_curve","ablation_fit","CC-GP",6,48,1
"study2","primary_q4_calibration","primary_calibration_curve","ablation_fit","CC-GP",6,49,1
"study2","primary_q4_calibration","primary_calibration_curve","ablation_fit","CC-GP",6,50,1
"study2","primary_q4_calibration","primary_calibration_curve","ablation_fit","CC-GP",6,51,1
"study2","primary_q4_calibration","primary_calibration_curve","ablation_fit","CC-GP",6,52,1
"study2","primary_q4_calibration","primary_calibration_curve","ablation_fit","CC-GP",6,53,1
"study2","primary_q4_calibration","primary_calibration_curve","ablation_fit","CC-GP",6,54,1
"study2","primary_q4_calibration","primary_calibration_curve","ablation_fit","CC-GP",6,55,1
"study2","primary_q4_calibration","primary_calibration_curve","ablation_fit","CC-GP",6,56,1
"study2","primary_q4_calibration","primary_calibration_curve","ablation_fit","CC-GP",6,57,1
"study2","primary_q4_calibration","primary_calibration_curve","ablation_fit","CC-GP",6,58,1
"study2","primary_q4_calibration","primary_calibration_curve","ablation_fit","CC-GP",6,59,1
"study2","primary_q4_calibration","primary_calibration_curve","ablation_fit","CC-GP",6,60,1
"study2","primary_q4_calibration","primary_calibration_curve","ablation_fit","CC-GP",6,61,1
"study2","primary_q4_calibration","primary_calibration_curve","ablation_fit","CC-GP",6,62,1
"study2","primary_q4_calibration","primary_calibration_curve","ablation_fit","CC-GP",6,63,1
"study2","primary_q4_calibration","primary_calibration_curve","ablation_fit","CC-GP",6,64,1
"study2","primary_q4_calibration","primary_calibration_curve","ablation_fit","CC-GP",6,65,1
"study2","primary_q4_calibration","primary_calibration_curve","ablation_fit","CC-GP",6,66,1
"study2","primary_q4_calibration","primary_calibration_curve","ablation_fit","CC-GP",6,67,1
"study2","primary_q4_calibration","primary_calibration_curve","ablation_fit","CC-GP",6,68,1
"study2","primary_q4_calibration","primary_calibration_curve","ablation_fit","CC-GP",6,69,1
"study2","primary_q4_calibration","primary_calibration_curve","ablation_fit","CC-GP",6,70,1
"study2","primary_q4_calibration","primary_calibration_curve","ablation_fit","CC-GP",6,71,1
"study2","primary_q4_calibration","primary_calibration_curve","ablation_fit","CC-GP",6,72,1
"study2","primary_q4_calibration","primary_calibration_curve","ablation_fit","CC-GP",6,73,1
"study2","primary_q4_calibration","primary_calibration_curve","ablation_fit","CC-GP",6,74,1
"study2","primary_q4_calibration","primary_calibration_curve","ablation_fit","CC-GP",6,75,1
"study2","primary_q4_calibration","primary_calibration_curve","ablation_fit","CC-GP",6,76,1
"study2","primary_q4_calibration","primary_calibration_curve","ablation_fit","CC-GP",6,77,1
"study2","primary_q4_calibration","primary_calibration_curve","ablation_fit","CC-GP",6,78,1
"study2","primary_q4_calibration","primary_calibration_curve","ablation_fit","CC-GP",6,79,1
"study2","primary_q4_calibration","primary_calibration_curve","ablation_fit","CC-GP",6,80,1
"study2","primary_q4_calibration","primary_calibration_curve","ablation_fit","CC-GP",6,81,1
"study2","primary_q4_calibration","primary_calibration_curve","ablation_fit","CC-GP",6,82,1
"study2","primary_q4_calibration","primary_calibration_curve","ablation_fit","CC-GP",6,83,1
"study2","primary_q4_calibration","primary_calibration_curve","ablation_fit","CC-GP",6,84,1
"study2","primary_q4_calibration","primary_calibration_curve","ablation_fit","CC-GP",6,85,1
"study2","primary_q4_calibration","primary_calibration_curve","ablation_fit","CC-GP",6,86,1
"study2","primary_q4_calibration","primary_calibration_curve","ablation_fit","CC-GP",6,87,1
"study2","primary_q4_calibration","primary_calibration_curve","ablation_fit","CC-GP",6,88,1
"study2","primary_q4_calibration","primary_calibration_curve","ablation_fit","CC-GP",6,89,1
"study2","primary_q4_calibration","primary_calibration_curve","ablation_fit","CC-GP",6,90,1
"study2","primary_q4_calibration","primary_calibration_curve","ablation_fit","CC-GP",6,91,1
"study2","primary_q4_calibration","primary_calibration_curve","ablation_fit","CC-GP",6,92,1
"study2","primary_q4_calibration","primary_calibration_curve","ablation_fit","CC-GP",6,93,1
"study2","primary_q4_calibration","primary_calibration_curve","ablation_fit","CC-GP",6,94,1
"study2","primary_q4_calibration","primary_calibration_curve","ablation_fit","CC-GP",6,95,1
"study2","primary_q4_calibration","primary_calibration_curve","ablation_fit","CC-GP",6,96,1
"study2","primary_q4_calibration","primary_calibration_curve","ablation_fit","CC-GP",6,97,1
"study2","primary_q4_calibration","primary_calibration_curve","ablation_fit","CC-GP",6,98,1
"study2","primary_q4_calibration","primary_calibration_curve","ablation_fit","CC-GP",6,99,1
"study2","primary_q4_calibration","primary_calibration_curve","ablation_fit","CC-GP",6,100,1
"study2","primary_q4_calibration","primary_calibration_curve","ablation_fit","CC-GP",12,1,1
"study2","primary_q4_calibration","primary_calibration_curve","ablation_fit","CC-GP",12,2,1
"study2","primary_q4_calibration","primary_calibration_curve","ablation_fit","CC-GP",12,3,1
"study2","primary_q4_calibration","primary_calibration_curve","ablation_fit","CC-GP",12,4,1
"study2","primary_q4_calibration","primary_calibration_curve","ablation_fit","CC-GP",12,5,1
"study2","primary_q4_calibration","primary_calibration_curve","ablation_fit","CC-GP",12,6,1
"study2","primary_q4_calibration","primary_calibration_curve","ablation_fit","CC-GP",12,7,1
"study2","primary_q4_calibration","primary_calibration_curve","ablation_fit","CC-GP",12,8,1
"study2","primary_q4_calibration","primary_calibration_curve","ablation_fit","CC-GP",12,9,1
"study2","primary_q4_calibration","primary_calibration_curve","ablation_fit","CC-GP",12,10,1
"study2","primary_q4_calibration","primary_calibration_curve","ablation_fit","CC-GP",12,11,1
"study2","primary_q4_calibration","primary_calibration_curve","ablation_fit","CC-GP",12,12,1
"study2","primary_q4_calibration","primary_calibration_curve","ablation_fit","CC-GP",12,13,1
"study2","primary_q4_calibration","primary_calibration_curve","ablation_fit","CC-GP",12,14,1
"study2","primary_q4_calibration","primary_calibration_curve","ablation_fit","CC-GP",12,15,1
"study2","primary_q4_calibration","primary_calibration_curve","ablation_fit","CC-GP",12,16,1
"study2","primary_q4_calibration","primary_calibration_curve","ablation_fit","CC-GP",12,17,1
"study2","primary_q4_calibration","primary_calibration_curve","ablation_fit","CC-GP",12,18,1
"study2","primary_q4_calibration","primary_calibration_curve","ablation_fit","CC-GP",12,19,1
"study2","primary_q4_calibration","primary_calibration_curve","ablation_fit","CC-GP",12,20,1
"study2","primary_q4_calibration","primary_calibration_curve","ablation_fit","CC-GP",12,21,1
"study2","primary_q4_calibration","primary_calibration_curve","ablation_fit","CC-GP",12,22,1
"study2","primary_q4_calibration","primary_calibration_curve","ablation_fit","CC-GP",12,23,1
"study2","primary_q4_calibration","primary_calibration_curve","ablation_fit","CC-GP",12,24,1
"study2","primary_q4_calibration","primary_calibration_curve","ablation_fit","CC-GP",12,25,1
"study2","primary_q4_calibration","primary_calibration_curve","ablation_fit","CC-GP",12,26,1
"study2","primary_q4_calibration","primary_calibration_curve","ablation_fit","CC-GP",12,27,1
"study2","primary_q4_calibration","primary_calibration_curve","ablation_fit","CC-GP",12,28,1
"study2","primary_q4_calibration","primary_calibration_curve","ablation_fit","CC-GP",12,29,1
"study2","primary_q4_calibration","primary_calibration_curve","ablation_fit","CC-GP",12,30,1
"study2","primary_q4_calibration","primary_calibration_curve","ablation_fit","CC-GP",12,31,1
"study2","primary_q4_calibration","primary_calibration_curve","ablation_fit","CC-GP",12,32,1
"study2","primary_q4_calibration","primary_calibration_curve","ablation_fit","CC-GP",12,33,1
"study2","primary_q4_calibration","primary_calibration_curve","ablation_fit","CC-GP",12,34,1
"study2","primary_q4_calibration","primary_calibration_curve","ablation_fit","CC-GP",12,35,1
"study2","primary_q4_calibration","primary_calibration_curve","ablation_fit","CC-GP",12,36,1
"study2","primary_q4_calibration","primary_calibration_curve","ablation_fit","CC-GP",12,37,1
"study2","primary_q4_calibration","primary_calibration_curve","ablation_fit","CC-GP",12,38,1
"study2","primary_q4_calibration","primary_calibration_curve","ablation_fit","CC-GP",12,39,1
"study2","primary_q4_calibration","primary_calibration_curve","ablation_fit","CC-GP",12,40,1
"study2","primary_q4_calibration","primary_calibration_curve","ablation_fit","CC-GP",12,41,1
"study2","primary_q4_calibration","primary_calibration_curve","ablation_fit","CC-GP",12,42,1
"study2","primary_q4_calibration","primary_calibration_curve","ablation_fit","CC-GP",12,43,1
"study2","primary_q4_calibration","primary_calibration_curve","ablation_fit","CC-GP",12,44,1
"study2","primary_q4_calibration","primary_calibration_curve","ablation_fit","CC-GP",12,45,1
"study2","primary_q4_calibration","primary_calibration_curve","ablation_fit","CC-GP",12,46,1
"study2","primary_q4_calibration","primary_calibration_curve","ablation_fit","CC-GP",12,47,1
"study2","primary_q4_calibration","primary_calibration_curve","ablation_fit","CC-GP",12,48,1
"study2","primary_q4_calibration","primary_calibration_curve","ablation_fit","CC-GP",12,49,1
"study2","primary_q4_calibration","primary_calibration_curve","ablation_fit","CC-GP",12,50,1
"study2","primary_q4_calibration","primary_calibration_curve","ablation_fit","CC-GP",12,51,1
"study2","primary_q4_calibration","primary_calibration_curve","ablation_fit","CC-GP",12,52,1
"study2","primary_q4_calibration","primary_calibration_curve","ablation_fit","CC-GP",12,53,1
"study2","primary_q4_calibration","primary_calibration_curve","ablation_fit","CC-GP",12,54,1
"study2","primary_q4_calibration","primary_calibration_curve","ablation_fit","CC-GP",12,55,1
"study2","primary_q4_calibration","primary_calibration_curve","ablation_fit","CC-GP",12,56,1
"study2","primary_q4_calibration","primary_calibration_curve","ablation_fit","CC-GP",12,57,1
"study2","primary_q4_calibration","primary_calibration_curve","ablation_fit","CC-GP",12,58,1
"study2","primary_q4_calibration","primary_calibration_curve","ablation_fit","CC-GP",12,59,1
"study2","primary_q4_calibration","primary_calibration_curve","ablation_fit","CC-GP",12,60,1
"study2","primary_q4_calibration","primary_calibration_curve","ablation_fit","CC-GP",12,61,1
"study2","primary_q4_calibration","primary_calibration_curve","ablation_fit","CC-GP",12,62,1
"study2","primary_q4_calibration","primary_calibration_curve","ablation_fit","CC-GP",12,63,1
"study2","primary_q4_calibration","primary_calibration_curve","ablation_fit","CC-GP",12,64,1
"study2","primary_q4_calibration","primary_calibration_curve","ablation_fit","CC-GP",12,65,1
"study2","primary_q4_calibration","primary_calibration_curve","ablation_fit","CC-GP",12,66,1
"study2","primary_q4_calibration","primary_calibration_curve","ablation_fit","CC-GP",12,67,1
"study2","primary_q4_calibration","primary_calibration_curve","ablation_fit","CC-GP",12,68,1
"study2","primary_q4_calibration","primary_calibration_curve","ablation_fit","CC-GP",12,69,1
"study2","primary_q4_calibration","primary_calibration_curve","ablation_fit","CC-GP",12,70,1
"study2","primary_q4_calibration","primary_calibration_curve","ablation_fit","CC-GP",12,71,1
"study2","primary_q4_calibration","primary_calibration_curve","ablation_fit","CC-GP",12,72,1
"study2","primary_q4_calibration","primary_calibration_curve","ablation_fit","CC-GP",12,73,1
"study2","primary_q4_calibration","primary_calibration_curve","ablation_fit","CC-GP",12,74,1
"study2","primary_q4_calibration","primary_calibration_curve","ablation_fit","CC-GP",12,75,1
"study2","primary_q4_calibration","primary_calibration_curve","ablation_fit","CC-GP",12,76,1
"study2","primary_q4_calibration","primary_calibration_curve","ablation_fit","CC-GP",12,77,1
"study2","primary_q4_calibration","primary_calibration_curve","ablation_fit","CC-GP",12,78,1
"study2","primary_q4_calibration","primary_calibration_curve","ablation_fit","CC-GP",12,79,1
"study2","primary_q4_calibration","primary_calibration_curve","ablation_fit","CC-GP",12,80,1
"study2","primary_q4_calibration","primary_calibration_curve","ablation_fit","CC-GP",12,81,1
"study2","primary_q4_calibration","primary_calibration_curve","ablation_fit","CC-GP",12,82,1
"study2","primary_q4_calibration","primary_calibration_curve","ablation_fit","CC-GP",12,83,1
"study2","primary_q4_calibration","primary_calibration_curve","ablation_fit","CC-GP",12,84,1
"study2","primary_q4_calibration","primary_calibration_curve","ablation_fit","CC-GP",12,85,1
"study2","primary_q4_calibration","primary_calibration_curve","ablation_fit","CC-GP",12,86,1
"study2","primary_q4_calibration","primary_calibration_curve","ablation_fit","CC-GP",12,87,1
"study2","primary_q4_calibration","primary_calibration_curve","ablation_fit","CC-GP",12,88,1
"study2","primary_q4_calibration","primary_calibration_curve","ablation_fit","CC-GP",12,89,1
"study2","primary_q4_calibration","primary_calibration_curve","ablation_fit","CC-GP",12,90,1
"study2","primary_q4_calibration","primary_calibration_curve","ablation_fit","CC-GP",12,91,1
"study2","primary_q4_calibration","primary_calibration_curve","ablation_fit","CC-GP",12,92,1
"study2","primary_q4_calibration","primary_calibration_curve","ablation_fit","CC-GP",12,93,1
"study2","primary_q4_calibration","primary_calibration_curve","ablation_fit","CC-GP",12,94,1
"study2","primary_q4_calibration","primary_calibration_curve","ablation_fit","CC-GP",12,95,1
"study2","primary_q4_calibration","primary_calibration_curve","ablation_fit","CC-GP",12,96,1
"study2","primary_q4_calibration","primary_calibration_curve","ablation_fit","CC-GP",12,97,1
"study2","primary_q4_calibration","primary_calibration_curve","ablation_fit","CC-GP",12,98,1
"study2","primary_q4_calibration","primary_calibration_curve","ablation_fit","CC-GP",12,99,1
"study2","primary_q4_calibration","primary_calibration_curve","ablation_fit","CC-GP",12,100,1
"study2","primary_q4_calibration","primary_calibration_curve","ablation_fit","CC-GP",24,1,1
"study2","primary_q4_calibration","primary_calibration_curve","ablation_fit","CC-GP",24,2,1
"study2","primary_q4_calibration","primary_calibration_curve","ablation_fit","CC-GP",24,3,1
"study2","primary_q4_calibration","primary_calibration_curve","ablation_fit","CC-GP",24,4,1
"study2","primary_q4_calibration","primary_calibration_curve","ablation_fit","CC-GP",24,5,1
"study2","primary_q4_calibration","primary_calibration_curve","ablation_fit","CC-GP",24,6,1
"study2","primary_q4_calibration","primary_calibration_curve","ablation_fit","CC-GP",24,7,1
"study2","primary_q4_calibration","primary_calibration_curve","ablation_fit","CC-GP",24,8,1
"study2","primary_q4_calibration","primary_calibration_curve","ablation_fit","CC-GP",24,9,1
"study2","primary_q4_calibration","primary_calibration_curve","ablation_fit","CC-GP",24,10,1
"study2","primary_q4_calibration","primary_calibration_curve","ablation_fit","CC-GP",24,11,1
"study2","primary_q4_calibration","primary_calibration_curve","ablation_fit","CC-GP",24,12,1
"study2","primary_q4_calibration","primary_calibration_curve","ablation_fit","CC-GP",24,13,1
"study2","primary_q4_calibration","primary_calibration_curve","ablation_fit","CC-GP",24,14,1
"study2","primary_q4_calibration","primary_calibration_curve","ablation_fit","CC-GP",24,15,1
"study2","primary_q4_calibration","primary_calibration_curve","ablation_fit","CC-GP",24,16,1
"study2","primary_q4_calibration","primary_calibration_curve","ablation_fit","CC-GP",24,17,1
"study2","primary_q4_calibration","primary_calibration_curve","ablation_fit","CC-GP",24,18,1
"study2","primary_q4_calibration","primary_calibration_curve","ablation_fit","CC-GP",24,19,1
"study2","primary_q4_calibration","primary_calibration_curve","ablation_fit","CC-GP",24,20,1
"study2","primary_q4_calibration","primary_calibration_curve","ablation_fit","CC-GP",24,21,1
"study2","primary_q4_calibration","primary_calibration_curve","ablation_fit","CC-GP",24,22,1
"study2","primary_q4_calibration","primary_calibration_curve","ablation_fit","CC-GP",24,23,1
"study2","primary_q4_calibration","primary_calibration_curve","ablation_fit","CC-GP",24,24,1
"study2","primary_q4_calibration","primary_calibration_curve","ablation_fit","CC-GP",24,25,1
"study2","primary_q4_calibration","primary_calibration_curve","ablation_fit","CC-GP",24,26,1
"study2","primary_q4_calibration","primary_calibration_curve","ablation_fit","CC-GP",24,27,1
"study2","primary_q4_calibration","primary_calibration_curve","ablation_fit","CC-GP",24,28,1
"study2","primary_q4_calibration","primary_calibration_curve","ablation_fit","CC-GP",24,29,1
"study2","primary_q4_calibration","primary_calibration_curve","ablation_fit","CC-GP",24,30,1
"study2","primary_q4_calibration","primary_calibration_curve","ablation_fit","CC-GP",24,31,1
"study2","primary_q4_calibration","primary_calibration_curve","ablation_fit","CC-GP",24,32,1
"study2","primary_q4_calibration","primary_calibration_curve","ablation_fit","CC-GP",24,33,1
"study2","primary_q4_calibration","primary_calibration_curve","ablation_fit","CC-GP",24,34,1
"study2","primary_q4_calibration","primary_calibration_curve","ablation_fit","CC-GP",24,35,1
"study2","primary_q4_calibration","primary_calibration_curve","ablation_fit","CC-GP",24,36,1
"study2","primary_q4_calibration","primary_calibration_curve","ablation_fit","CC-GP",24,37,1
"study2","primary_q4_calibration","primary_calibration_curve","ablation_fit","CC-GP",24,38,1
"study2","primary_q4_calibration","primary_calibration_curve","ablation_fit","CC-GP",24,39,1
"study2","primary_q4_calibration","primary_calibration_curve","ablation_fit","CC-GP",24,40,1
"study2","primary_q4_calibration","primary_calibration_curve","ablation_fit","CC-GP",24,41,1
"study2","primary_q4_calibration","primary_calibration_curve","ablation_fit","CC-GP",24,42,1
"study2","primary_q4_calibration","primary_calibration_curve","ablation_fit","CC-GP",24,43,1
"study2","primary_q4_calibration","primary_calibration_curve","ablation_fit","CC-GP",24,44,1
"study2","primary_q4_calibration","primary_calibration_curve","ablation_fit","CC-GP",24,45,1
"study2","primary_q4_calibration","primary_calibration_curve","ablation_fit","CC-GP",24,46,1
"study2","primary_q4_calibration","primary_calibration_curve","ablation_fit","CC-GP",24,47,1
"study2","primary_q4_calibration","primary_calibration_curve","ablation_fit","CC-GP",24,48,1
"study2","primary_q4_calibration","primary_calibration_curve","ablation_fit","CC-GP",24,49,1
"study2","primary_q4_calibration","primary_calibration_curve","ablation_fit","CC-GP",24,50,1
"study2","primary_q4_calibration","primary_calibration_curve","ablation_fit","CC-GP",24,51,1
"study2","primary_q4_calibration","primary_calibration_curve","ablation_fit","CC-GP",24,52,1
"study2","primary_q4_calibration","primary_calibration_curve","ablation_fit","CC-GP",24,53,1
"study2","primary_q4_calibration","primary_calibration_curve","ablation_fit","CC-GP",24,54,1
"study2","primary_q4_calibration","primary_calibration_curve","ablation_fit","CC-GP",24,55,1
"study2","primary_q4_calibration","primary_calibration_curve","ablation_fit","CC-GP",24,56,1
"study2","primary_q4_calibration","primary_calibration_curve","ablation_fit","CC-GP",24,57,1
"study2","primary_q4_calibration","primary_calibration_curve","ablation_fit","CC-GP",24,58,1
"study2","primary_q4_calibration","primary_calibration_curve","ablation_fit","CC-GP",24,59,1
"study2","primary_q4_calibration","primary_calibration_curve","ablation_fit","CC-GP",24,60,1
"study2","primary_q4_calibration","primary_calibration_curve","ablation_fit","CC-GP",24,61,1
"study2","primary_q4_calibration","primary_calibration_curve","ablation_fit","CC-GP",24,62,1
"study2","primary_q4_calibration","primary_calibration_curve","ablation_fit","CC-GP",24,63,1
"study2","primary_q4_calibration","primary_calibration_curve","ablation_fit","CC-GP",24,64,1
"study2","primary_q4_calibration","primary_calibration_curve","ablation_fit","CC-GP",24,65,1
"study2","primary_q4_calibration","primary_calibration_curve","ablation_fit","CC-GP",24,66,1
"study2","primary_q4_calibration","primary_calibration_curve","ablation_fit","CC-GP",24,67,1
"study2","primary_q4_calibration","primary_calibration_curve","ablation_fit","CC-GP",24,68,1
"study2","primary_q4_calibration","primary_calibration_curve","ablation_fit","CC-GP",24,69,1
"study2","primary_q4_calibration","primary_calibration_curve","ablation_fit","CC-GP",24,70,1
"study2","primary_q4_calibration","primary_calibration_curve","ablation_fit","CC-GP",24,71,1
"study2","primary_q4_calibration","primary_calibration_curve","ablation_fit","CC-GP",24,72,1
"study2","primary_q4_calibration","primary_calibration_curve","ablation_fit","CC-GP",24,73,1
"study2","primary_q4_calibration","primary_calibration_curve","ablation_fit","CC-GP",24,74,1
"study2","primary_q4_calibration","primary_calibration_curve","ablation_fit","CC-GP",24,75,1
"study2","primary_q4_calibration","primary_calibration_curve","ablation_fit","CC-GP",24,76,1
"study2","primary_q4_calibration","primary_calibration_curve","ablation_fit","CC-GP",24,77,1
"study2","primary_q4_calibration","primary_calibration_curve","ablation_fit","CC-GP",24,78,1
"study2","primary_q4_calibration","primary_calibration_curve","ablation_fit","CC-GP",24,79,1
"study2","primary_q4_calibration","primary_calibration_curve","ablation_fit","CC-GP",24,80,1
"study2","primary_q4_calibration","primary_calibration_curve","ablation_fit","CC-GP",24,81,1
"study2","primary_q4_calibration","primary_calibration_curve","ablation_fit","CC-GP",24,82,1
"study2","primary_q4_calibration","primary_calibration_curve","ablation_fit","CC-GP",24,83,1
"study2","primary_q4_calibration","primary_calibration_curve","ablation_fit","CC-GP",24,84,1
"study2","primary_q4_calibration","primary_calibration_curve","ablation_fit","CC-GP",24,85,1
"study2","primary_q4_calibration","primary_calibration_curve","ablation_fit","CC-GP",24,86,1
"study2","primary_q4_calibration","primary_calibration_curve","ablation_fit","CC-GP",24,87,1
"study2","primary_q4_calibration","primary_calibration_curve","ablation_fit","CC-GP",24,88,1
"study2","primary_q4_calibration","primary_calibration_curve","ablation_fit","CC-GP",24,89,1
"study2","primary_q4_calibration","primary_calibration_curve","ablation_fit","CC-GP",24,90,1
"study2","primary_q4_calibration","primary_calibration_curve","ablation_fit","CC-GP",24,91,1
"study2","primary_q4_calibration","primary_calibration_curve","ablation_fit","CC-GP",24,92,1
"study2","primary_q4_calibration","primary_calibration_curve","ablation_fit","CC-GP",24,93,1
"study2","primary_q4_calibration","primary_calibration_curve","ablation_fit","CC-GP",24,94,1
"study2","primary_q4_calibration","primary_calibration_curve","ablation_fit","CC-GP",24,95,1
"study2","primary_q4_calibration","primary_calibration_curve","ablation_fit","CC-GP",24,96,1
"study2","primary_q4_calibration","primary_calibration_curve","ablation_fit","CC-GP",24,97,1
"study2","primary_q4_calibration","primary_calibration_curve","ablation_fit","CC-GP",24,98,1
"study2","primary_q4_calibration","primary_calibration_curve","ablation_fit","CC-GP",24,99,1
"study2","primary_q4_calibration","primary_calibration_curve","ablation_fit","CC-GP",24,100,1
"study2","primary_q4_calibration","primary_calibration_curve","ablation_fit","CC-GP",48,1,1
"study2","primary_q4_calibration","primary_calibration_curve","ablation_fit","CC-GP",48,2,1
"study2","primary_q4_calibration","primary_calibration_curve","ablation_fit","CC-GP",48,3,1
"study2","primary_q4_calibration","primary_calibration_curve","ablation_fit","CC-GP",48,4,1
"study2","primary_q4_calibration","primary_calibration_curve","ablation_fit","CC-GP",48,5,1
"study2","primary_q4_calibration","primary_calibration_curve","ablation_fit","CC-GP",48,6,1
"study2","primary_q4_calibration","primary_calibration_curve","ablation_fit","CC-GP",48,7,1
"study2","primary_q4_calibration","primary_calibration_curve","ablation_fit","CC-GP",48,8,1
"study2","primary_q4_calibration","primary_calibration_curve","ablation_fit","CC-GP",48,9,1
"study2","primary_q4_calibration","primary_calibration_curve","ablation_fit","CC-GP",48,10,1
"study2","primary_q4_calibration","primary_calibration_curve","ablation_fit","CC-GP",48,11,1
"study2","primary_q4_calibration","primary_calibration_curve","ablation_fit","CC-GP",48,12,1
"study2","primary_q4_calibration","primary_calibration_curve","ablation_fit","CC-GP",48,13,1
"study2","primary_q4_calibration","primary_calibration_curve","ablation_fit","CC-GP",48,14,1
"study2","primary_q4_calibration","primary_calibration_curve","ablation_fit","CC-GP",48,15,1
"study2","primary_q4_calibration","primary_calibration_curve","ablation_fit","CC-GP",48,16,1
"study2","primary_q4_calibration","primary_calibration_curve","ablation_fit","CC-GP",48,17,1
"study2","primary_q4_calibration","primary_calibration_curve","ablation_fit","CC-GP",48,18,1
"study2","primary_q4_calibration","primary_calibration_curve","ablation_fit","CC-GP",48,19,1
"study2","primary_q4_calibration","primary_calibration_curve","ablation_fit","CC-GP",48,20,1
"study2","primary_q4_calibration","primary_calibration_curve","ablation_fit","CC-GP",48,21,1
"study2","primary_q4_calibration","primary_calibration_curve","ablation_fit","CC-GP",48,22,1
"study2","primary_q4_calibration","primary_calibration_curve","ablation_fit","CC-GP",48,23,1
"study2","primary_q4_calibration","primary_calibration_curve","ablation_fit","CC-GP",48,24,1
"study2","primary_q4_calibration","primary_calibration_curve","ablation_fit","CC-GP",48,25,1
"study2","primary_q4_calibration","primary_calibration_curve","ablation_fit","CC-GP",48,26,1
"study2","primary_q4_calibration","primary_calibration_curve","ablation_fit","CC-GP",48,27,1
"study2","primary_q4_calibration","primary_calibration_curve","ablation_fit","CC-GP",48,28,1
"study2","primary_q4_calibration","primary_calibration_curve","ablation_fit","CC-GP",48,29,1
"study2","primary_q4_calibration","primary_calibration_curve","ablation_fit","CC-GP",48,30,1
"study2","primary_q4_calibration","primary_calibration_curve","ablation_fit","CC-GP",48,31,1
"study2","primary_q4_calibration","primary_calibration_curve","ablation_fit","CC-GP",48,32,1
"study2","primary_q4_calibration","primary_calibration_curve","ablation_fit","CC-GP",48,33,1
"study2","primary_q4_calibration","primary_calibration_curve","ablation_fit","CC-GP",48,34,1
"study2","primary_q4_calibration","primary_calibration_curve","ablation_fit","CC-GP",48,35,1
"study2","primary_q4_calibration","primary_calibration_curve","ablation_fit","CC-GP",48,36,1
"study2","primary_q4_calibration","primary_calibration_curve","ablation_fit","CC-GP",48,37,1
"study2","primary_q4_calibration","primary_calibration_curve","ablation_fit","CC-GP",48,38,1
"study2","primary_q4_calibration","primary_calibration_curve","ablation_fit","CC-GP",48,39,1
"study2","primary_q4_calibration","primary_calibration_curve","ablation_fit","CC-GP",48,40,1
"study2","primary_q4_calibration","primary_calibration_curve","ablation_fit","CC-GP",48,41,1
"study2","primary_q4_calibration","primary_calibration_curve","ablation_fit","CC-GP",48,42,1
"study2","primary_q4_calibration","primary_calibration_curve","ablation_fit","CC-GP",48,43,1
"study2","primary_q4_calibration","primary_calibration_curve","ablation_fit","CC-GP",48,44,1
"study2","primary_q4_calibration","primary_calibration_curve","ablation_fit","CC-GP",48,45,1
"study2","primary_q4_calibration","primary_calibration_curve","ablation_fit","CC-GP",48,46,1
"study2","primary_q4_calibration","primary_calibration_curve","ablation_fit","CC-GP",48,47,1
"study2","primary_q4_calibration","primary_calibration_curve","ablation_fit","CC-GP",48,48,1
"study2","primary_q4_calibration","primary_calibration_curve","ablation_fit","CC-GP",48,49,1
"study2","primary_q4_calibration","primary_calibration_curve","ablation_fit","CC-GP",48,50,1
"study2","primary_q4_calibration","primary_calibration_curve","ablation_fit","CC-GP",48,51,1
"study2","primary_q4_calibration","primary_calibration_curve","ablation_fit","CC-GP",48,52,1
"study2","primary_q4_calibration","primary_calibration_curve","ablation_fit","CC-GP",48,53,1
"study2","primary_q4_calibration","primary_calibration_curve","ablation_fit","CC-GP",48,54,1
"study2","primary_q4_calibration","primary_calibration_curve","ablation_fit","CC-GP",48,55,1
"study2","primary_q4_calibration","primary_calibration_curve","ablation_fit","CC-GP",48,56,1
"study2","primary_q4_calibration","primary_calibration_curve","ablation_fit","CC-GP",48,57,1
"study2","primary_q4_calibration","primary_calibration_curve","ablation_fit","CC-GP",48,58,1
"study2","primary_q4_calibration","primary_calibration_curve","ablation_fit","CC-GP",48,59,1
"study2","primary_q4_calibration","primary_calibration_curve","ablation_fit","CC-GP",48,60,1
"study2","primary_q4_calibration","primary_calibration_curve","ablation_fit","CC-GP",48,61,1
"study2","primary_q4_calibration","primary_calibration_curve","ablation_fit","CC-GP",48,62,1
"study2","primary_q4_calibration","primary_calibration_curve","ablation_fit","CC-GP",48,63,1
"study2","primary_q4_calibration","primary_calibration_curve","ablation_fit","CC-GP",48,64,1
"study2","primary_q4_calibration","primary_calibration_curve","ablation_fit","CC-GP",48,65,1
"study2","primary_q4_calibration","primary_calibration_curve","ablation_fit","CC-GP",48,66,1
"study2","primary_q4_calibration","primary_calibration_curve","ablation_fit","CC-GP",48,67,1
"study2","primary_q4_calibration","primary_calibration_curve","ablation_fit","CC-GP",48,68,1
"study2","primary_q4_calibration","primary_calibration_curve","ablation_fit","CC-GP",48,69,1
"study2","primary_q4_calibration","primary_calibration_curve","ablation_fit","CC-GP",48,70,1
"study2","primary_q4_calibration","primary_calibration_curve","ablation_fit","CC-GP",48,71,1
"study2","primary_q4_calibration","primary_calibration_curve","ablation_fit","CC-GP",48,72,1
"study2","primary_q4_calibration","primary_calibration_curve","ablation_fit","CC-GP",48,73,1
"study2","primary_q4_calibration","primary_calibration_curve","ablation_fit","CC-GP",48,74,1
"study2","primary_q4_calibration","primary_calibration_curve","ablation_fit","CC-GP",48,75,1
"study2","primary_q4_calibration","primary_calibration_curve","ablation_fit","CC-GP",48,76,1
"study2","primary_q4_calibration","primary_calibration_curve","ablation_fit","CC-GP",48,77,1
"study2","primary_q4_calibration","primary_calibration_curve","ablation_fit","CC-GP",48,78,1
"study2","primary_q4_calibration","primary_calibration_curve","ablation_fit","CC-GP",48,79,1
"study2","primary_q4_calibration","primary_calibration_curve","ablation_fit","CC-GP",48,80,1
"study2","primary_q4_calibration","primary_calibration_curve","ablation_fit","CC-GP",48,81,1
"study2","primary_q4_calibration","primary_calibration_curve","ablation_fit","CC-GP",48,82,1
"study2","primary_q4_calibration","primary_calibration_curve","ablation_fit","CC-GP",48,83,1
"study2","primary_q4_calibration","primary_calibration_curve","ablation_fit","CC-GP",48,84,1
"study2","primary_q4_calibration","primary_calibration_curve","ablation_fit","CC-GP",48,85,1
"study2","primary_q4_calibration","primary_calibration_curve","ablation_fit","CC-GP",48,86,1
"study2","primary_q4_calibration","primary_calibration_curve","ablation_fit","CC-GP",48,87,1
"study2","primary_q4_calibration","primary_calibration_curve","ablation_fit","CC-GP",48,88,1
"study2","primary_q4_calibration","primary_calibration_curve","ablation_fit","CC-GP",48,89,1
"study2","primary_q4_calibration","primary_calibration_curve","ablation_fit","CC-GP",48,90,1
"study2","primary_q4_calibration","primary_calibration_curve","ablation_fit","CC-GP",48,91,1
"study2","primary_q4_calibration","primary_calibration_curve","ablation_fit","CC-GP",48,92,1
"study2","primary_q4_calibration","primary_calibration_curve","ablation_fit","CC-GP",48,93,1
"study2","primary_q4_calibration","primary_calibration_curve","ablation_fit","CC-GP",48,94,1
"study2","primary_q4_calibration","primary_calibration_curve","ablation_fit","CC-GP",48,95,1
"study2","primary_q4_calibration","primary_calibration_curve","ablation_fit","CC-GP",48,96,1
"study2","primary_q4_calibration","primary_calibration_curve","ablation_fit","CC-GP",48,97,1
"study2","primary_q4_calibration","primary_calibration_curve","ablation_fit","CC-GP",48,98,1
"study2","primary_q4_calibration","primary_calibration_curve","ablation_fit","CC-GP",48,99,1
"study2","primary_q4_calibration","primary_calibration_curve","ablation_fit","CC-GP",48,100,1
"study2","primary_q4_calibration","primary_calibration_curve","benchmark_fit","Full-U GP",,1,1
"study2","primary_q4_calibration","primary_calibration_curve","benchmark_fit","Full-U GP",,2,1
"study2","primary_q4_calibration","primary_calibration_curve","benchmark_fit","Full-U GP",,3,1
"study2","primary_q4_calibration","primary_calibration_curve","benchmark_fit","Full-U GP",,4,1
"study2","primary_q4_calibration","primary_calibration_curve","benchmark_fit","Full-U GP",,5,1
"study2","primary_q4_calibration","primary_calibration_curve","benchmark_fit","Full-U GP",,6,1
"study2","primary_q4_calibration","primary_calibration_curve","benchmark_fit","Full-U GP",,7,1
"study2","primary_q4_calibration","primary_calibration_curve","benchmark_fit","Full-U GP",,8,1
"study2","primary_q4_calibration","primary_calibration_curve","benchmark_fit","Full-U GP",,9,1
"study2","primary_q4_calibration","primary_calibration_curve","benchmark_fit","Full-U GP",,10,1
"study2","primary_q4_calibration","primary_calibration_curve","benchmark_fit","Full-U GP",,11,1
"study2","primary_q4_calibration","primary_calibration_curve","benchmark_fit","Full-U GP",,12,1
"study2","primary_q4_calibration","primary_calibration_curve","benchmark_fit","Full-U GP",,13,1
"study2","primary_q4_calibration","primary_calibration_curve","benchmark_fit","Full-U GP",,14,1
"study2","primary_q4_calibration","primary_calibration_curve","benchmark_fit","Full-U GP",,15,1
"study2","primary_q4_calibration","primary_calibration_curve","benchmark_fit","Full-U GP",,16,1
"study2","primary_q4_calibration","primary_calibration_curve","benchmark_fit","Full-U GP",,17,1
"study2","primary_q4_calibration","primary_calibration_curve","benchmark_fit","Full-U GP",,18,1
"study2","primary_q4_calibration","primary_calibration_curve","benchmark_fit","Full-U GP",,19,1
"study2","primary_q4_calibration","primary_calibration_curve","benchmark_fit","Full-U GP",,20,1
"study2","primary_q4_calibration","primary_calibration_curve","benchmark_fit","Full-U GP",,21,1
"study2","primary_q4_calibration","primary_calibration_curve","benchmark_fit","Full-U GP",,22,1
"study2","primary_q4_calibration","primary_calibration_curve","benchmark_fit","Full-U GP",,23,1
"study2","primary_q4_calibration","primary_calibration_curve","benchmark_fit","Full-U GP",,24,1
"study2","primary_q4_calibration","primary_calibration_curve","benchmark_fit","Full-U GP",,25,1
"study2","primary_q4_calibration","primary_calibration_curve","benchmark_fit","Full-U GP",,26,1
"study2","primary_q4_calibration","primary_calibration_curve","benchmark_fit","Full-U GP",,27,1
"study2","primary_q4_calibration","primary_calibration_curve","benchmark_fit","Full-U GP",,28,1
"study2","primary_q4_calibration","primary_calibration_curve","benchmark_fit","Full-U GP",,29,1
"study2","primary_q4_calibration","primary_calibration_curve","benchmark_fit","Full-U GP",,30,1
"study2","primary_q4_calibration","primary_calibration_curve","benchmark_fit","Full-U GP",,31,1
"study2","primary_q4_calibration","primary_calibration_curve","benchmark_fit","Full-U GP",,32,1
"study2","primary_q4_calibration","primary_calibration_curve","benchmark_fit","Full-U GP",,33,1
"study2","primary_q4_calibration","primary_calibration_curve","benchmark_fit","Full-U GP",,34,1
"study2","primary_q4_calibration","primary_calibration_curve","benchmark_fit","Full-U GP",,35,1
"study2","primary_q4_calibration","primary_calibration_curve","benchmark_fit","Full-U GP",,36,1
"study2","primary_q4_calibration","primary_calibration_curve","benchmark_fit","Full-U GP",,37,1
"study2","primary_q4_calibration","primary_calibration_curve","benchmark_fit","Full-U GP",,38,1
"study2","primary_q4_calibration","primary_calibration_curve","benchmark_fit","Full-U GP",,39,1
"study2","primary_q4_calibration","primary_calibration_curve","benchmark_fit","Full-U GP",,40,1
"study2","primary_q4_calibration","primary_calibration_curve","benchmark_fit","Full-U GP",,41,1
"study2","primary_q4_calibration","primary_calibration_curve","benchmark_fit","Full-U GP",,42,1
"study2","primary_q4_calibration","primary_calibration_curve","benchmark_fit","Full-U GP",,43,1
"study2","primary_q4_calibration","primary_calibration_curve","benchmark_fit","Full-U GP",,44,1
"study2","primary_q4_calibration","primary_calibration_curve","benchmark_fit","Full-U GP",,45,1
"study2","primary_q4_calibration","primary_calibration_curve","benchmark_fit","Full-U GP",,46,1
"study2","primary_q4_calibration","primary_calibration_curve","benchmark_fit","Full-U GP",,47,1
"study2","primary_q4_calibration","primary_calibration_curve","benchmark_fit","Full-U GP",,48,1
"study2","primary_q4_calibration","primary_calibration_curve","benchmark_fit","Full-U GP",,49,1
"study2","primary_q4_calibration","primary_calibration_curve","benchmark_fit","Full-U GP",,50,1
"study2","primary_q4_calibration","primary_calibration_curve","benchmark_fit","Full-U GP",,51,1
"study2","primary_q4_calibration","primary_calibration_curve","benchmark_fit","Full-U GP",,52,1
"study2","primary_q4_calibration","primary_calibration_curve","benchmark_fit","Full-U GP",,53,1
"study2","primary_q4_calibration","primary_calibration_curve","benchmark_fit","Full-U GP",,54,1
"study2","primary_q4_calibration","primary_calibration_curve","benchmark_fit","Full-U GP",,55,1
"study2","primary_q4_calibration","primary_calibration_curve","benchmark_fit","Full-U GP",,56,1
"study2","primary_q4_calibration","primary_calibration_curve","benchmark_fit","Full-U GP",,57,1
"study2","primary_q4_calibration","primary_calibration_curve","benchmark_fit","Full-U GP",,58,1
"study2","primary_q4_calibration","primary_calibration_curve","benchmark_fit","Full-U GP",,59,1
"study2","primary_q4_calibration","primary_calibration_curve","benchmark_fit","Full-U GP",,60,1
"study2","primary_q4_calibration","primary_calibration_curve","benchmark_fit","Full-U GP",,61,1
"study2","primary_q4_calibration","primary_calibration_curve","benchmark_fit","Full-U GP",,62,1
"study2","primary_q4_calibration","primary_calibration_curve","benchmark_fit","Full-U GP",,63,1
"study2","primary_q4_calibration","primary_calibration_curve","benchmark_fit","Full-U GP",,64,1
"study2","primary_q4_calibration","primary_calibration_curve","benchmark_fit","Full-U GP",,65,1
"study2","primary_q4_calibration","primary_calibration_curve","benchmark_fit","Full-U GP",,66,1
"study2","primary_q4_calibration","primary_calibration_curve","benchmark_fit","Full-U GP",,67,1
"study2","primary_q4_calibration","primary_calibration_curve","benchmark_fit","Full-U GP",,68,1
"study2","primary_q4_calibration","primary_calibration_curve","benchmark_fit","Full-U GP",,69,1
"study2","primary_q4_calibration","primary_calibration_curve","benchmark_fit","Full-U GP",,70,1
"study2","primary_q4_calibration","primary_calibration_curve","benchmark_fit","Full-U GP",,71,1
"study2","primary_q4_calibration","primary_calibration_curve","benchmark_fit","Full-U GP",,72,1
"study2","primary_q4_calibration","primary_calibration_curve","benchmark_fit","Full-U GP",,73,1
"study2","primary_q4_calibration","primary_calibration_curve","benchmark_fit","Full-U GP",,74,1
"study2","primary_q4_calibration","primary_calibration_curve","benchmark_fit","Full-U GP",,75,1
"study2","primary_q4_calibration","primary_calibration_curve","benchmark_fit","Full-U GP",,76,1
"study2","primary_q4_calibration","primary_calibration_curve","benchmark_fit","Full-U GP",,77,1
"study2","primary_q4_calibration","primary_calibration_curve","benchmark_fit","Full-U GP",,78,1
"study2","primary_q4_calibration","primary_calibration_curve","benchmark_fit","Full-U GP",,79,1
"study2","primary_q4_calibration","primary_calibration_curve","benchmark_fit","Full-U GP",,80,1
"study2","primary_q4_calibration","primary_calibration_curve","benchmark_fit","Full-U GP",,81,1
"study2","primary_q4_calibration","primary_calibration_curve","benchmark_fit","Full-U GP",,82,1
"study2","primary_q4_calibration","primary_calibration_curve","benchmark_fit","Full-U GP",,83,1
"study2","primary_q4_calibration","primary_calibration_curve","benchmark_fit","Full-U GP",,84,1
"study2","primary_q4_calibration","primary_calibration_curve","benchmark_fit","Full-U GP",,85,1
"study2","primary_q4_calibration","primary_calibration_curve","benchmark_fit","Full-U GP",,86,1
"study2","primary_q4_calibration","primary_calibration_curve","benchmark_fit","Full-U GP",,87,1
"study2","primary_q4_calibration","primary_calibration_curve","benchmark_fit","Full-U GP",,88,1
"study2","primary_q4_calibration","primary_calibration_curve","benchmark_fit","Full-U GP",,89,1
"study2","primary_q4_calibration","primary_calibration_curve","benchmark_fit","Full-U GP",,90,1
"study2","primary_q4_calibration","primary_calibration_curve","benchmark_fit","Full-U GP",,91,1
"study2","primary_q4_calibration","primary_calibration_curve","benchmark_fit","Full-U GP",,92,1
"study2","primary_q4_calibration","primary_calibration_curve","benchmark_fit","Full-U GP",,93,1
"study2","primary_q4_calibration","primary_calibration_curve","benchmark_fit","Full-U GP",,94,1
"study2","primary_q4_calibration","primary_calibration_curve","benchmark_fit","Full-U GP",,95,1
"study2","primary_q4_calibration","primary_calibration_curve","benchmark_fit","Full-U GP",,96,1
"study2","primary_q4_calibration","primary_calibration_curve","benchmark_fit","Full-U GP",,97,1
"study2","primary_q4_calibration","primary_calibration_curve","benchmark_fit","Full-U GP",,98,1
"study2","primary_q4_calibration","primary_calibration_curve","benchmark_fit","Full-U GP",,99,1
"study2","primary_q4_calibration","primary_calibration_curve","benchmark_fit","Full-U GP",,100,1
"study2","additive_q4","negative_control","frozen_data","DGM",,1,1
"study2","additive_q4","negative_control","frozen_data","DGM",,2,1
"study2","additive_q4","negative_control","frozen_data","DGM",,3,1
"study2","additive_q4","negative_control","frozen_data","DGM",,4,1
"study2","additive_q4","negative_control","frozen_data","DGM",,5,1
"study2","additive_q4","negative_control","frozen_data","DGM",,6,1
"study2","additive_q4","negative_control","frozen_data","DGM",,7,1
"study2","additive_q4","negative_control","frozen_data","DGM",,8,1
"study2","additive_q4","negative_control","frozen_data","DGM",,9,1
"study2","additive_q4","negative_control","frozen_data","DGM",,10,1
"study2","additive_q4","negative_control","frozen_data","DGM",,11,1
"study2","additive_q4","negative_control","frozen_data","DGM",,12,1
"study2","additive_q4","negative_control","frozen_data","DGM",,13,1
"study2","additive_q4","negative_control","frozen_data","DGM",,14,1
"study2","additive_q4","negative_control","frozen_data","DGM",,15,1
"study2","additive_q4","negative_control","frozen_data","DGM",,16,1
"study2","additive_q4","negative_control","frozen_data","DGM",,17,1
"study2","additive_q4","negative_control","frozen_data","DGM",,18,1
"study2","additive_q4","negative_control","frozen_data","DGM",,19,1
"study2","additive_q4","negative_control","frozen_data","DGM",,20,1
"study2","additive_q4","negative_control","frozen_data","DGM",,21,1
"study2","additive_q4","negative_control","frozen_data","DGM",,22,1
"study2","additive_q4","negative_control","frozen_data","DGM",,23,1
"study2","additive_q4","negative_control","frozen_data","DGM",,24,1
"study2","additive_q4","negative_control","frozen_data","DGM",,25,1
"study2","additive_q4","negative_control","frozen_data","DGM",,26,1
"study2","additive_q4","negative_control","frozen_data","DGM",,27,1
"study2","additive_q4","negative_control","frozen_data","DGM",,28,1
"study2","additive_q4","negative_control","frozen_data","DGM",,29,1
"study2","additive_q4","negative_control","frozen_data","DGM",,30,1
"study2","additive_q4","negative_control","frozen_data","DGM",,31,1
"study2","additive_q4","negative_control","frozen_data","DGM",,32,1
"study2","additive_q4","negative_control","frozen_data","DGM",,33,1
"study2","additive_q4","negative_control","frozen_data","DGM",,34,1
"study2","additive_q4","negative_control","frozen_data","DGM",,35,1
"study2","additive_q4","negative_control","frozen_data","DGM",,36,1
"study2","additive_q4","negative_control","frozen_data","DGM",,37,1
"study2","additive_q4","negative_control","frozen_data","DGM",,38,1
"study2","additive_q4","negative_control","frozen_data","DGM",,39,1
"study2","additive_q4","negative_control","frozen_data","DGM",,40,1
"study2","additive_q4","negative_control","frozen_data","DGM",,41,1
"study2","additive_q4","negative_control","frozen_data","DGM",,42,1
"study2","additive_q4","negative_control","frozen_data","DGM",,43,1
"study2","additive_q4","negative_control","frozen_data","DGM",,44,1
"study2","additive_q4","negative_control","frozen_data","DGM",,45,1
"study2","additive_q4","negative_control","frozen_data","DGM",,46,1
"study2","additive_q4","negative_control","frozen_data","DGM",,47,1
"study2","additive_q4","negative_control","frozen_data","DGM",,48,1
"study2","additive_q4","negative_control","frozen_data","DGM",,49,1
"study2","additive_q4","negative_control","frozen_data","DGM",,50,1
"study2","additive_q4","negative_control","prediction_truth","DGM oracle",,1,1
"study2","additive_q4","negative_control","prediction_truth","DGM oracle",,2,1
"study2","additive_q4","negative_control","prediction_truth","DGM oracle",,3,1
"study2","additive_q4","negative_control","prediction_truth","DGM oracle",,4,1
"study2","additive_q4","negative_control","prediction_truth","DGM oracle",,5,1
"study2","additive_q4","negative_control","prediction_truth","DGM oracle",,6,1
"study2","additive_q4","negative_control","prediction_truth","DGM oracle",,7,1
"study2","additive_q4","negative_control","prediction_truth","DGM oracle",,8,1
"study2","additive_q4","negative_control","prediction_truth","DGM oracle",,9,1
"study2","additive_q4","negative_control","prediction_truth","DGM oracle",,10,1
"study2","additive_q4","negative_control","prediction_truth","DGM oracle",,11,1
"study2","additive_q4","negative_control","prediction_truth","DGM oracle",,12,1
"study2","additive_q4","negative_control","prediction_truth","DGM oracle",,13,1
"study2","additive_q4","negative_control","prediction_truth","DGM oracle",,14,1
"study2","additive_q4","negative_control","prediction_truth","DGM oracle",,15,1
"study2","additive_q4","negative_control","prediction_truth","DGM oracle",,16,1
"study2","additive_q4","negative_control","prediction_truth","DGM oracle",,17,1
"study2","additive_q4","negative_control","prediction_truth","DGM oracle",,18,1
"study2","additive_q4","negative_control","prediction_truth","DGM oracle",,19,1
"study2","additive_q4","negative_control","prediction_truth","DGM oracle",,20,1
"study2","additive_q4","negative_control","prediction_truth","DGM oracle",,21,1
"study2","additive_q4","negative_control","prediction_truth","DGM oracle",,22,1
"study2","additive_q4","negative_control","prediction_truth","DGM oracle",,23,1
"study2","additive_q4","negative_control","prediction_truth","DGM oracle",,24,1
"study2","additive_q4","negative_control","prediction_truth","DGM oracle",,25,1
"study2","additive_q4","negative_control","prediction_truth","DGM oracle",,26,1
"study2","additive_q4","negative_control","prediction_truth","DGM oracle",,27,1
"study2","additive_q4","negative_control","prediction_truth","DGM oracle",,28,1
"study2","additive_q4","negative_control","prediction_truth","DGM oracle",,29,1
"study2","additive_q4","negative_control","prediction_truth","DGM oracle",,30,1
"study2","additive_q4","negative_control","prediction_truth","DGM oracle",,31,1
"study2","additive_q4","negative_control","prediction_truth","DGM oracle",,32,1
"study2","additive_q4","negative_control","prediction_truth","DGM oracle",,33,1
"study2","additive_q4","negative_control","prediction_truth","DGM oracle",,34,1
"study2","additive_q4","negative_control","prediction_truth","DGM oracle",,35,1
"study2","additive_q4","negative_control","prediction_truth","DGM oracle",,36,1
"study2","additive_q4","negative_control","prediction_truth","DGM oracle",,37,1
"study2","additive_q4","negative_control","prediction_truth","DGM oracle",,38,1
"study2","additive_q4","negative_control","prediction_truth","DGM oracle",,39,1
"study2","additive_q4","negative_control","prediction_truth","DGM oracle",,40,1
"study2","additive_q4","negative_control","prediction_truth","DGM oracle",,41,1
"study2","additive_q4","negative_control","prediction_truth","DGM oracle",,42,1
"study2","additive_q4","negative_control","prediction_truth","DGM oracle",,43,1
"study2","additive_q4","negative_control","prediction_truth","DGM oracle",,44,1
"study2","additive_q4","negative_control","prediction_truth","DGM oracle",,45,1
"study2","additive_q4","negative_control","prediction_truth","DGM oracle",,46,1
"study2","additive_q4","negative_control","prediction_truth","DGM oracle",,47,1
"study2","additive_q4","negative_control","prediction_truth","DGM oracle",,48,1
"study2","additive_q4","negative_control","prediction_truth","DGM oracle",,49,1
"study2","additive_q4","negative_control","prediction_truth","DGM oracle",,50,1
"study2","additive_q4","negative_control","published_fit","UC-GP",,1,1
"study2","additive_q4","negative_control","published_fit","UC-GP",,2,1
"study2","additive_q4","negative_control","published_fit","UC-GP",,3,1
"study2","additive_q4","negative_control","published_fit","UC-GP",,4,1
"study2","additive_q4","negative_control","published_fit","UC-GP",,5,1
"study2","additive_q4","negative_control","published_fit","UC-GP",,6,1
"study2","additive_q4","negative_control","published_fit","UC-GP",,7,1
"study2","additive_q4","negative_control","published_fit","UC-GP",,8,1
"study2","additive_q4","negative_control","published_fit","UC-GP",,9,1
"study2","additive_q4","negative_control","published_fit","UC-GP",,10,1
"study2","additive_q4","negative_control","published_fit","UC-GP",,11,1
"study2","additive_q4","negative_control","published_fit","UC-GP",,12,1
"study2","additive_q4","negative_control","published_fit","UC-GP",,13,1
"study2","additive_q4","negative_control","published_fit","UC-GP",,14,1
"study2","additive_q4","negative_control","published_fit","UC-GP",,15,1
"study2","additive_q4","negative_control","published_fit","UC-GP",,16,1
"study2","additive_q4","negative_control","published_fit","UC-GP",,17,1
"study2","additive_q4","negative_control","published_fit","UC-GP",,18,1
"study2","additive_q4","negative_control","published_fit","UC-GP",,19,1
"study2","additive_q4","negative_control","published_fit","UC-GP",,20,1
"study2","additive_q4","negative_control","published_fit","UC-GP",,21,1
"study2","additive_q4","negative_control","published_fit","UC-GP",,22,1
"study2","additive_q4","negative_control","published_fit","UC-GP",,23,1
"study2","additive_q4","negative_control","published_fit","UC-GP",,24,1
"study2","additive_q4","negative_control","published_fit","UC-GP",,25,1
"study2","additive_q4","negative_control","published_fit","UC-GP",,26,1
"study2","additive_q4","negative_control","published_fit","UC-GP",,27,1
"study2","additive_q4","negative_control","published_fit","UC-GP",,28,1
"study2","additive_q4","negative_control","published_fit","UC-GP",,29,1
"study2","additive_q4","negative_control","published_fit","UC-GP",,30,1
"study2","additive_q4","negative_control","published_fit","UC-GP",,31,1
"study2","additive_q4","negative_control","published_fit","UC-GP",,32,1
"study2","additive_q4","negative_control","published_fit","UC-GP",,33,1
"study2","additive_q4","negative_control","published_fit","UC-GP",,34,1
"study2","additive_q4","negative_control","published_fit","UC-GP",,35,1
"study2","additive_q4","negative_control","published_fit","UC-GP",,36,1
"study2","additive_q4","negative_control","published_fit","UC-GP",,37,1
"study2","additive_q4","negative_control","published_fit","UC-GP",,38,1
"study2","additive_q4","negative_control","published_fit","UC-GP",,39,1
"study2","additive_q4","negative_control","published_fit","UC-GP",,40,1
"study2","additive_q4","negative_control","published_fit","UC-GP",,41,1
"study2","additive_q4","negative_control","published_fit","UC-GP",,42,1
"study2","additive_q4","negative_control","published_fit","UC-GP",,43,1
"study2","additive_q4","negative_control","published_fit","UC-GP",,44,1
"study2","additive_q4","negative_control","published_fit","UC-GP",,45,1
"study2","additive_q4","negative_control","published_fit","UC-GP",,46,1
"study2","additive_q4","negative_control","published_fit","UC-GP",,47,1
"study2","additive_q4","negative_control","published_fit","UC-GP",,48,1
"study2","additive_q4","negative_control","published_fit","UC-GP",,49,1
"study2","additive_q4","negative_control","published_fit","UC-GP",,50,1
"study2","additive_q4","negative_control","published_fit","LVGP",,1,1
"study2","additive_q4","negative_control","published_fit","LVGP",,2,1
"study2","additive_q4","negative_control","published_fit","LVGP",,3,1
"study2","additive_q4","negative_control","published_fit","LVGP",,4,1
"study2","additive_q4","negative_control","published_fit","LVGP",,5,1
"study2","additive_q4","negative_control","published_fit","LVGP",,6,1
"study2","additive_q4","negative_control","published_fit","LVGP",,7,1
"study2","additive_q4","negative_control","published_fit","LVGP",,8,1
"study2","additive_q4","negative_control","published_fit","LVGP",,9,1
"study2","additive_q4","negative_control","published_fit","LVGP",,10,1
"study2","additive_q4","negative_control","published_fit","LVGP",,11,1
"study2","additive_q4","negative_control","published_fit","LVGP",,12,1
"study2","additive_q4","negative_control","published_fit","LVGP",,13,1
"study2","additive_q4","negative_control","published_fit","LVGP",,14,1
"study2","additive_q4","negative_control","published_fit","LVGP",,15,1
"study2","additive_q4","negative_control","published_fit","LVGP",,16,1
"study2","additive_q4","negative_control","published_fit","LVGP",,17,1
"study2","additive_q4","negative_control","published_fit","LVGP",,18,1
"study2","additive_q4","negative_control","published_fit","LVGP",,19,1
"study2","additive_q4","negative_control","published_fit","LVGP",,20,1
"study2","additive_q4","negative_control","published_fit","LVGP",,21,1
"study2","additive_q4","negative_control","published_fit","LVGP",,22,1
"study2","additive_q4","negative_control","published_fit","LVGP",,23,1
"study2","additive_q4","negative_control","published_fit","LVGP",,24,1
"study2","additive_q4","negative_control","published_fit","LVGP",,25,1
"study2","additive_q4","negative_control","published_fit","LVGP",,26,1
"study2","additive_q4","negative_control","published_fit","LVGP",,27,1
"study2","additive_q4","negative_control","published_fit","LVGP",,28,1
"study2","additive_q4","negative_control","published_fit","LVGP",,29,1
"study2","additive_q4","negative_control","published_fit","LVGP",,30,1
"study2","additive_q4","negative_control","published_fit","LVGP",,31,1
"study2","additive_q4","negative_control","published_fit","LVGP",,32,1
"study2","additive_q4","negative_control","published_fit","LVGP",,33,1
"study2","additive_q4","negative_control","published_fit","LVGP",,34,1
"study2","additive_q4","negative_control","published_fit","LVGP",,35,1
"study2","additive_q4","negative_control","published_fit","LVGP",,36,1
"study2","additive_q4","negative_control","published_fit","LVGP",,37,1
"study2","additive_q4","negative_control","published_fit","LVGP",,38,1
"study2","additive_q4","negative_control","published_fit","LVGP",,39,1
"study2","additive_q4","negative_control","published_fit","LVGP",,40,1
"study2","additive_q4","negative_control","published_fit","LVGP",,41,1
"study2","additive_q4","negative_control","published_fit","LVGP",,42,1
"study2","additive_q4","negative_control","published_fit","LVGP",,43,1
"study2","additive_q4","negative_control","published_fit","LVGP",,44,1
"study2","additive_q4","negative_control","published_fit","LVGP",,45,1
"study2","additive_q4","negative_control","published_fit","LVGP",,46,1
"study2","additive_q4","negative_control","published_fit","LVGP",,47,1
"study2","additive_q4","negative_control","published_fit","LVGP",,48,1
"study2","additive_q4","negative_control","published_fit","LVGP",,49,1
"study2","additive_q4","negative_control","published_fit","LVGP",,50,1
"study2","additive_q4","negative_control","published_fit","EzGP",,1,1
"study2","additive_q4","negative_control","published_fit","EzGP",,2,1
"study2","additive_q4","negative_control","published_fit","EzGP",,3,1
"study2","additive_q4","negative_control","published_fit","EzGP",,4,1
"study2","additive_q4","negative_control","published_fit","EzGP",,5,1
"study2","additive_q4","negative_control","published_fit","EzGP",,6,1
"study2","additive_q4","negative_control","published_fit","EzGP",,7,1
"study2","additive_q4","negative_control","published_fit","EzGP",,8,1
"study2","additive_q4","negative_control","published_fit","EzGP",,9,1
"study2","additive_q4","negative_control","published_fit","EzGP",,10,1
"study2","additive_q4","negative_control","published_fit","EzGP",,11,1
"study2","additive_q4","negative_control","published_fit","EzGP",,12,1
"study2","additive_q4","negative_control","published_fit","EzGP",,13,1
"study2","additive_q4","negative_control","published_fit","EzGP",,14,1
"study2","additive_q4","negative_control","published_fit","EzGP",,15,1
"study2","additive_q4","negative_control","published_fit","EzGP",,16,1
"study2","additive_q4","negative_control","published_fit","EzGP",,17,1
"study2","additive_q4","negative_control","published_fit","EzGP",,18,1
"study2","additive_q4","negative_control","published_fit","EzGP",,19,1
"study2","additive_q4","negative_control","published_fit","EzGP",,20,1
"study2","additive_q4","negative_control","published_fit","EzGP",,21,1
"study2","additive_q4","negative_control","published_fit","EzGP",,22,1
"study2","additive_q4","negative_control","published_fit","EzGP",,23,1
"study2","additive_q4","negative_control","published_fit","EzGP",,24,1
"study2","additive_q4","negative_control","published_fit","EzGP",,25,1
"study2","additive_q4","negative_control","published_fit","EzGP",,26,1
"study2","additive_q4","negative_control","published_fit","EzGP",,27,1
"study2","additive_q4","negative_control","published_fit","EzGP",,28,1
"study2","additive_q4","negative_control","published_fit","EzGP",,29,1
"study2","additive_q4","negative_control","published_fit","EzGP",,30,1
"study2","additive_q4","negative_control","published_fit","EzGP",,31,1
"study2","additive_q4","negative_control","published_fit","EzGP",,32,1
"study2","additive_q4","negative_control","published_fit","EzGP",,33,1
"study2","additive_q4","negative_control","published_fit","EzGP",,34,1
"study2","additive_q4","negative_control","published_fit","EzGP",,35,1
"study2","additive_q4","negative_control","published_fit","EzGP",,36,1
"study2","additive_q4","negative_control","published_fit","EzGP",,37,1
"study2","additive_q4","negative_control","published_fit","EzGP",,38,1
"study2","additive_q4","negative_control","published_fit","EzGP",,39,1
"study2","additive_q4","negative_control","published_fit","EzGP",,40,1
"study2","additive_q4","negative_control","published_fit","EzGP",,41,1
"study2","additive_q4","negative_control","published_fit","EzGP",,42,1
"study2","additive_q4","negative_control","published_fit","EzGP",,43,1
"study2","additive_q4","negative_control","published_fit","EzGP",,44,1
"study2","additive_q4","negative_control","published_fit","EzGP",,45,1
"study2","additive_q4","negative_control","published_fit","EzGP",,46,1
"study2","additive_q4","negative_control","published_fit","EzGP",,47,1
"study2","additive_q4","negative_control","published_fit","EzGP",,48,1
"study2","additive_q4","negative_control","published_fit","EzGP",,49,1
"study2","additive_q4","negative_control","published_fit","EzGP",,50,1
"study2","additive_q4","negative_control","eiv_fit","EIV-GP",12,1,1
"study2","additive_q4","negative_control","eiv_fit","EIV-GP",12,2,1
"study2","additive_q4","negative_control","eiv_fit","EIV-GP",12,3,1
"study2","additive_q4","negative_control","eiv_fit","EIV-GP",12,4,1
"study2","additive_q4","negative_control","eiv_fit","EIV-GP",12,5,1
"study2","additive_q4","negative_control","eiv_fit","EIV-GP",12,6,1
"study2","additive_q4","negative_control","eiv_fit","EIV-GP",12,7,1
"study2","additive_q4","negative_control","eiv_fit","EIV-GP",12,8,1
"study2","additive_q4","negative_control","eiv_fit","EIV-GP",12,9,1
"study2","additive_q4","negative_control","eiv_fit","EIV-GP",12,10,1
"study2","additive_q4","negative_control","eiv_fit","EIV-GP",12,11,1
"study2","additive_q4","negative_control","eiv_fit","EIV-GP",12,12,1
"study2","additive_q4","negative_control","eiv_fit","EIV-GP",12,13,1
"study2","additive_q4","negative_control","eiv_fit","EIV-GP",12,14,1
"study2","additive_q4","negative_control","eiv_fit","EIV-GP",12,15,1
"study2","additive_q4","negative_control","eiv_fit","EIV-GP",12,16,1
"study2","additive_q4","negative_control","eiv_fit","EIV-GP",12,17,1
"study2","additive_q4","negative_control","eiv_fit","EIV-GP",12,18,1
"study2","additive_q4","negative_control","eiv_fit","EIV-GP",12,19,1
"study2","additive_q4","negative_control","eiv_fit","EIV-GP",12,20,1
"study2","additive_q4","negative_control","eiv_fit","EIV-GP",12,21,1
"study2","additive_q4","negative_control","eiv_fit","EIV-GP",12,22,1
"study2","additive_q4","negative_control","eiv_fit","EIV-GP",12,23,1
"study2","additive_q4","negative_control","eiv_fit","EIV-GP",12,24,1
"study2","additive_q4","negative_control","eiv_fit","EIV-GP",12,25,1
"study2","additive_q4","negative_control","eiv_fit","EIV-GP",12,26,1
"study2","additive_q4","negative_control","eiv_fit","EIV-GP",12,27,1
"study2","additive_q4","negative_control","eiv_fit","EIV-GP",12,28,1
"study2","additive_q4","negative_control","eiv_fit","EIV-GP",12,29,1
"study2","additive_q4","negative_control","eiv_fit","EIV-GP",12,30,1
"study2","additive_q4","negative_control","eiv_fit","EIV-GP",12,31,1
"study2","additive_q4","negative_control","eiv_fit","EIV-GP",12,32,1
"study2","additive_q4","negative_control","eiv_fit","EIV-GP",12,33,1
"study2","additive_q4","negative_control","eiv_fit","EIV-GP",12,34,1
"study2","additive_q4","negative_control","eiv_fit","EIV-GP",12,35,1
"study2","additive_q4","negative_control","eiv_fit","EIV-GP",12,36,1
"study2","additive_q4","negative_control","eiv_fit","EIV-GP",12,37,1
"study2","additive_q4","negative_control","eiv_fit","EIV-GP",12,38,1
"study2","additive_q4","negative_control","eiv_fit","EIV-GP",12,39,1
"study2","additive_q4","negative_control","eiv_fit","EIV-GP",12,40,1
"study2","additive_q4","negative_control","eiv_fit","EIV-GP",12,41,1
"study2","additive_q4","negative_control","eiv_fit","EIV-GP",12,42,1
"study2","additive_q4","negative_control","eiv_fit","EIV-GP",12,43,1
"study2","additive_q4","negative_control","eiv_fit","EIV-GP",12,44,1
"study2","additive_q4","negative_control","eiv_fit","EIV-GP",12,45,1
"study2","additive_q4","negative_control","eiv_fit","EIV-GP",12,46,1
"study2","additive_q4","negative_control","eiv_fit","EIV-GP",12,47,1
"study2","additive_q4","negative_control","eiv_fit","EIV-GP",12,48,1
"study2","additive_q4","negative_control","eiv_fit","EIV-GP",12,49,1
"study2","additive_q4","negative_control","eiv_fit","EIV-GP",12,50,1
"study2","additive_q4","negative_control","ablation_fit","RF-OM",12,1,1
"study2","additive_q4","negative_control","ablation_fit","RF-OM",12,2,1
"study2","additive_q4","negative_control","ablation_fit","RF-OM",12,3,1
"study2","additive_q4","negative_control","ablation_fit","RF-OM",12,4,1
"study2","additive_q4","negative_control","ablation_fit","RF-OM",12,5,1
"study2","additive_q4","negative_control","ablation_fit","RF-OM",12,6,1
"study2","additive_q4","negative_control","ablation_fit","RF-OM",12,7,1
"study2","additive_q4","negative_control","ablation_fit","RF-OM",12,8,1
"study2","additive_q4","negative_control","ablation_fit","RF-OM",12,9,1
"study2","additive_q4","negative_control","ablation_fit","RF-OM",12,10,1
"study2","additive_q4","negative_control","ablation_fit","RF-OM",12,11,1
"study2","additive_q4","negative_control","ablation_fit","RF-OM",12,12,1
"study2","additive_q4","negative_control","ablation_fit","RF-OM",12,13,1
"study2","additive_q4","negative_control","ablation_fit","RF-OM",12,14,1
"study2","additive_q4","negative_control","ablation_fit","RF-OM",12,15,1
"study2","additive_q4","negative_control","ablation_fit","RF-OM",12,16,1
"study2","additive_q4","negative_control","ablation_fit","RF-OM",12,17,1
"study2","additive_q4","negative_control","ablation_fit","RF-OM",12,18,1
"study2","additive_q4","negative_control","ablation_fit","RF-OM",12,19,1
"study2","additive_q4","negative_control","ablation_fit","RF-OM",12,20,1
"study2","additive_q4","negative_control","ablation_fit","RF-OM",12,21,1
"study2","additive_q4","negative_control","ablation_fit","RF-OM",12,22,1
"study2","additive_q4","negative_control","ablation_fit","RF-OM",12,23,1
"study2","additive_q4","negative_control","ablation_fit","RF-OM",12,24,1
"study2","additive_q4","negative_control","ablation_fit","RF-OM",12,25,1
"study2","additive_q4","negative_control","ablation_fit","RF-OM",12,26,1
"study2","additive_q4","negative_control","ablation_fit","RF-OM",12,27,1
"study2","additive_q4","negative_control","ablation_fit","RF-OM",12,28,1
"study2","additive_q4","negative_control","ablation_fit","RF-OM",12,29,1
"study2","additive_q4","negative_control","ablation_fit","RF-OM",12,30,1
"study2","additive_q4","negative_control","ablation_fit","RF-OM",12,31,1
"study2","additive_q4","negative_control","ablation_fit","RF-OM",12,32,1
"study2","additive_q4","negative_control","ablation_fit","RF-OM",12,33,1
"study2","additive_q4","negative_control","ablation_fit","RF-OM",12,34,1
"study2","additive_q4","negative_control","ablation_fit","RF-OM",12,35,1
"study2","additive_q4","negative_control","ablation_fit","RF-OM",12,36,1
"study2","additive_q4","negative_control","ablation_fit","RF-OM",12,37,1
"study2","additive_q4","negative_control","ablation_fit","RF-OM",12,38,1
"study2","additive_q4","negative_control","ablation_fit","RF-OM",12,39,1
"study2","additive_q4","negative_control","ablation_fit","RF-OM",12,40,1
"study2","additive_q4","negative_control","ablation_fit","RF-OM",12,41,1
"study2","additive_q4","negative_control","ablation_fit","RF-OM",12,42,1
"study2","additive_q4","negative_control","ablation_fit","RF-OM",12,43,1
"study2","additive_q4","negative_control","ablation_fit","RF-OM",12,44,1
"study2","additive_q4","negative_control","ablation_fit","RF-OM",12,45,1
"study2","additive_q4","negative_control","ablation_fit","RF-OM",12,46,1
"study2","additive_q4","negative_control","ablation_fit","RF-OM",12,47,1
"study2","additive_q4","negative_control","ablation_fit","RF-OM",12,48,1
"study2","additive_q4","negative_control","ablation_fit","RF-OM",12,49,1
"study2","additive_q4","negative_control","ablation_fit","RF-OM",12,50,1
"study2","additive_q4","negative_control","ablation_fit","PI-GP",12,1,1
"study2","additive_q4","negative_control","ablation_fit","PI-GP",12,2,1
"study2","additive_q4","negative_control","ablation_fit","PI-GP",12,3,1
"study2","additive_q4","negative_control","ablation_fit","PI-GP",12,4,1
"study2","additive_q4","negative_control","ablation_fit","PI-GP",12,5,1
"study2","additive_q4","negative_control","ablation_fit","PI-GP",12,6,1
"study2","additive_q4","negative_control","ablation_fit","PI-GP",12,7,1
"study2","additive_q4","negative_control","ablation_fit","PI-GP",12,8,1
"study2","additive_q4","negative_control","ablation_fit","PI-GP",12,9,1
"study2","additive_q4","negative_control","ablation_fit","PI-GP",12,10,1
"study2","additive_q4","negative_control","ablation_fit","PI-GP",12,11,1
"study2","additive_q4","negative_control","ablation_fit","PI-GP",12,12,1
"study2","additive_q4","negative_control","ablation_fit","PI-GP",12,13,1
"study2","additive_q4","negative_control","ablation_fit","PI-GP",12,14,1
"study2","additive_q4","negative_control","ablation_fit","PI-GP",12,15,1
"study2","additive_q4","negative_control","ablation_fit","PI-GP",12,16,1
"study2","additive_q4","negative_control","ablation_fit","PI-GP",12,17,1
"study2","additive_q4","negative_control","ablation_fit","PI-GP",12,18,1
"study2","additive_q4","negative_control","ablation_fit","PI-GP",12,19,1
"study2","additive_q4","negative_control","ablation_fit","PI-GP",12,20,1
"study2","additive_q4","negative_control","ablation_fit","PI-GP",12,21,1
"study2","additive_q4","negative_control","ablation_fit","PI-GP",12,22,1
"study2","additive_q4","negative_control","ablation_fit","PI-GP",12,23,1
"study2","additive_q4","negative_control","ablation_fit","PI-GP",12,24,1
"study2","additive_q4","negative_control","ablation_fit","PI-GP",12,25,1
"study2","additive_q4","negative_control","ablation_fit","PI-GP",12,26,1
"study2","additive_q4","negative_control","ablation_fit","PI-GP",12,27,1
"study2","additive_q4","negative_control","ablation_fit","PI-GP",12,28,1
"study2","additive_q4","negative_control","ablation_fit","PI-GP",12,29,1
"study2","additive_q4","negative_control","ablation_fit","PI-GP",12,30,1
"study2","additive_q4","negative_control","ablation_fit","PI-GP",12,31,1
"study2","additive_q4","negative_control","ablation_fit","PI-GP",12,32,1
"study2","additive_q4","negative_control","ablation_fit","PI-GP",12,33,1
"study2","additive_q4","negative_control","ablation_fit","PI-GP",12,34,1
"study2","additive_q4","negative_control","ablation_fit","PI-GP",12,35,1
"study2","additive_q4","negative_control","ablation_fit","PI-GP",12,36,1
"study2","additive_q4","negative_control","ablation_fit","PI-GP",12,37,1
"study2","additive_q4","negative_control","ablation_fit","PI-GP",12,38,1
"study2","additive_q4","negative_control","ablation_fit","PI-GP",12,39,1
"study2","additive_q4","negative_control","ablation_fit","PI-GP",12,40,1
"study2","additive_q4","negative_control","ablation_fit","PI-GP",12,41,1
"study2","additive_q4","negative_control","ablation_fit","PI-GP",12,42,1
"study2","additive_q4","negative_control","ablation_fit","PI-GP",12,43,1
"study2","additive_q4","negative_control","ablation_fit","PI-GP",12,44,1
"study2","additive_q4","negative_control","ablation_fit","PI-GP",12,45,1
"study2","additive_q4","negative_control","ablation_fit","PI-GP",12,46,1
"study2","additive_q4","negative_control","ablation_fit","PI-GP",12,47,1
"study2","additive_q4","negative_control","ablation_fit","PI-GP",12,48,1
"study2","additive_q4","negative_control","ablation_fit","PI-GP",12,49,1
"study2","additive_q4","negative_control","ablation_fit","PI-GP",12,50,1
"study2","additive_q4","negative_control","ablation_fit","CC-GP",12,1,1
"study2","additive_q4","negative_control","ablation_fit","CC-GP",12,2,1
"study2","additive_q4","negative_control","ablation_fit","CC-GP",12,3,1
"study2","additive_q4","negative_control","ablation_fit","CC-GP",12,4,1
"study2","additive_q4","negative_control","ablation_fit","CC-GP",12,5,1
"study2","additive_q4","negative_control","ablation_fit","CC-GP",12,6,1
"study2","additive_q4","negative_control","ablation_fit","CC-GP",12,7,1
"study2","additive_q4","negative_control","ablation_fit","CC-GP",12,8,1
"study2","additive_q4","negative_control","ablation_fit","CC-GP",12,9,1
"study2","additive_q4","negative_control","ablation_fit","CC-GP",12,10,1
"study2","additive_q4","negative_control","ablation_fit","CC-GP",12,11,1
"study2","additive_q4","negative_control","ablation_fit","CC-GP",12,12,1
"study2","additive_q4","negative_control","ablation_fit","CC-GP",12,13,1
"study2","additive_q4","negative_control","ablation_fit","CC-GP",12,14,1
"study2","additive_q4","negative_control","ablation_fit","CC-GP",12,15,1
"study2","additive_q4","negative_control","ablation_fit","CC-GP",12,16,1
"study2","additive_q4","negative_control","ablation_fit","CC-GP",12,17,1
"study2","additive_q4","negative_control","ablation_fit","CC-GP",12,18,1
"study2","additive_q4","negative_control","ablation_fit","CC-GP",12,19,1
"study2","additive_q4","negative_control","ablation_fit","CC-GP",12,20,1
"study2","additive_q4","negative_control","ablation_fit","CC-GP",12,21,1
"study2","additive_q4","negative_control","ablation_fit","CC-GP",12,22,1
"study2","additive_q4","negative_control","ablation_fit","CC-GP",12,23,1
"study2","additive_q4","negative_control","ablation_fit","CC-GP",12,24,1
"study2","additive_q4","negative_control","ablation_fit","CC-GP",12,25,1
"study2","additive_q4","negative_control","ablation_fit","CC-GP",12,26,1
"study2","additive_q4","negative_control","ablation_fit","CC-GP",12,27,1
"study2","additive_q4","negative_control","ablation_fit","CC-GP",12,28,1
"study2","additive_q4","negative_control","ablation_fit","CC-GP",12,29,1
"study2","additive_q4","negative_control","ablation_fit","CC-GP",12,30,1
"study2","additive_q4","negative_control","ablation_fit","CC-GP",12,31,1
"study2","additive_q4","negative_control","ablation_fit","CC-GP",12,32,1
"study2","additive_q4","negative_control","ablation_fit","CC-GP",12,33,1
"study2","additive_q4","negative_control","ablation_fit","CC-GP",12,34,1
"study2","additive_q4","negative_control","ablation_fit","CC-GP",12,35,1
"study2","additive_q4","negative_control","ablation_fit","CC-GP",12,36,1
"study2","additive_q4","negative_control","ablation_fit","CC-GP",12,37,1
"study2","additive_q4","negative_control","ablation_fit","CC-GP",12,38,1
"study2","additive_q4","negative_control","ablation_fit","CC-GP",12,39,1
"study2","additive_q4","negative_control","ablation_fit","CC-GP",12,40,1
"study2","additive_q4","negative_control","ablation_fit","CC-GP",12,41,1
"study2","additive_q4","negative_control","ablation_fit","CC-GP",12,42,1
"study2","additive_q4","negative_control","ablation_fit","CC-GP",12,43,1
"study2","additive_q4","negative_control","ablation_fit","CC-GP",12,44,1
"study2","additive_q4","negative_control","ablation_fit","CC-GP",12,45,1
"study2","additive_q4","negative_control","ablation_fit","CC-GP",12,46,1
"study2","additive_q4","negative_control","ablation_fit","CC-GP",12,47,1
"study2","additive_q4","negative_control","ablation_fit","CC-GP",12,48,1
"study2","additive_q4","negative_control","ablation_fit","CC-GP",12,49,1
"study2","additive_q4","negative_control","ablation_fit","CC-GP",12,50,1
"study2","high_uncertainty_q4","uncertainty_control","frozen_data","DGM",,1,1
"study2","high_uncertainty_q4","uncertainty_control","frozen_data","DGM",,2,1
"study2","high_uncertainty_q4","uncertainty_control","frozen_data","DGM",,3,1
"study2","high_uncertainty_q4","uncertainty_control","frozen_data","DGM",,4,1
"study2","high_uncertainty_q4","uncertainty_control","frozen_data","DGM",,5,1
"study2","high_uncertainty_q4","uncertainty_control","frozen_data","DGM",,6,1
"study2","high_uncertainty_q4","uncertainty_control","frozen_data","DGM",,7,1
"study2","high_uncertainty_q4","uncertainty_control","frozen_data","DGM",,8,1
"study2","high_uncertainty_q4","uncertainty_control","frozen_data","DGM",,9,1
"study2","high_uncertainty_q4","uncertainty_control","frozen_data","DGM",,10,1
"study2","high_uncertainty_q4","uncertainty_control","frozen_data","DGM",,11,1
"study2","high_uncertainty_q4","uncertainty_control","frozen_data","DGM",,12,1
"study2","high_uncertainty_q4","uncertainty_control","frozen_data","DGM",,13,1
"study2","high_uncertainty_q4","uncertainty_control","frozen_data","DGM",,14,1
"study2","high_uncertainty_q4","uncertainty_control","frozen_data","DGM",,15,1
"study2","high_uncertainty_q4","uncertainty_control","frozen_data","DGM",,16,1
"study2","high_uncertainty_q4","uncertainty_control","frozen_data","DGM",,17,1
"study2","high_uncertainty_q4","uncertainty_control","frozen_data","DGM",,18,1
"study2","high_uncertainty_q4","uncertainty_control","frozen_data","DGM",,19,1
"study2","high_uncertainty_q4","uncertainty_control","frozen_data","DGM",,20,1
"study2","high_uncertainty_q4","uncertainty_control","frozen_data","DGM",,21,1
"study2","high_uncertainty_q4","uncertainty_control","frozen_data","DGM",,22,1
"study2","high_uncertainty_q4","uncertainty_control","frozen_data","DGM",,23,1
"study2","high_uncertainty_q4","uncertainty_control","frozen_data","DGM",,24,1
"study2","high_uncertainty_q4","uncertainty_control","frozen_data","DGM",,25,1
"study2","high_uncertainty_q4","uncertainty_control","frozen_data","DGM",,26,1
"study2","high_uncertainty_q4","uncertainty_control","frozen_data","DGM",,27,1
"study2","high_uncertainty_q4","uncertainty_control","frozen_data","DGM",,28,1
"study2","high_uncertainty_q4","uncertainty_control","frozen_data","DGM",,29,1
"study2","high_uncertainty_q4","uncertainty_control","frozen_data","DGM",,30,1
"study2","high_uncertainty_q4","uncertainty_control","frozen_data","DGM",,31,1
"study2","high_uncertainty_q4","uncertainty_control","frozen_data","DGM",,32,1
"study2","high_uncertainty_q4","uncertainty_control","frozen_data","DGM",,33,1
"study2","high_uncertainty_q4","uncertainty_control","frozen_data","DGM",,34,1
"study2","high_uncertainty_q4","uncertainty_control","frozen_data","DGM",,35,1
"study2","high_uncertainty_q4","uncertainty_control","frozen_data","DGM",,36,1
"study2","high_uncertainty_q4","uncertainty_control","frozen_data","DGM",,37,1
"study2","high_uncertainty_q4","uncertainty_control","frozen_data","DGM",,38,1
"study2","high_uncertainty_q4","uncertainty_control","frozen_data","DGM",,39,1
"study2","high_uncertainty_q4","uncertainty_control","frozen_data","DGM",,40,1
"study2","high_uncertainty_q4","uncertainty_control","frozen_data","DGM",,41,1
"study2","high_uncertainty_q4","uncertainty_control","frozen_data","DGM",,42,1
"study2","high_uncertainty_q4","uncertainty_control","frozen_data","DGM",,43,1
"study2","high_uncertainty_q4","uncertainty_control","frozen_data","DGM",,44,1
"study2","high_uncertainty_q4","uncertainty_control","frozen_data","DGM",,45,1
"study2","high_uncertainty_q4","uncertainty_control","frozen_data","DGM",,46,1
"study2","high_uncertainty_q4","uncertainty_control","frozen_data","DGM",,47,1
"study2","high_uncertainty_q4","uncertainty_control","frozen_data","DGM",,48,1
"study2","high_uncertainty_q4","uncertainty_control","frozen_data","DGM",,49,1
"study2","high_uncertainty_q4","uncertainty_control","frozen_data","DGM",,50,1
"study2","high_uncertainty_q4","uncertainty_control","prediction_truth","DGM oracle",,1,1
"study2","high_uncertainty_q4","uncertainty_control","prediction_truth","DGM oracle",,2,1
"study2","high_uncertainty_q4","uncertainty_control","prediction_truth","DGM oracle",,3,1
"study2","high_uncertainty_q4","uncertainty_control","prediction_truth","DGM oracle",,4,1
"study2","high_uncertainty_q4","uncertainty_control","prediction_truth","DGM oracle",,5,1
"study2","high_uncertainty_q4","uncertainty_control","prediction_truth","DGM oracle",,6,1
"study2","high_uncertainty_q4","uncertainty_control","prediction_truth","DGM oracle",,7,1
"study2","high_uncertainty_q4","uncertainty_control","prediction_truth","DGM oracle",,8,1
"study2","high_uncertainty_q4","uncertainty_control","prediction_truth","DGM oracle",,9,1
"study2","high_uncertainty_q4","uncertainty_control","prediction_truth","DGM oracle",,10,1
"study2","high_uncertainty_q4","uncertainty_control","prediction_truth","DGM oracle",,11,1
"study2","high_uncertainty_q4","uncertainty_control","prediction_truth","DGM oracle",,12,1
"study2","high_uncertainty_q4","uncertainty_control","prediction_truth","DGM oracle",,13,1
"study2","high_uncertainty_q4","uncertainty_control","prediction_truth","DGM oracle",,14,1
"study2","high_uncertainty_q4","uncertainty_control","prediction_truth","DGM oracle",,15,1
"study2","high_uncertainty_q4","uncertainty_control","prediction_truth","DGM oracle",,16,1
"study2","high_uncertainty_q4","uncertainty_control","prediction_truth","DGM oracle",,17,1
"study2","high_uncertainty_q4","uncertainty_control","prediction_truth","DGM oracle",,18,1
"study2","high_uncertainty_q4","uncertainty_control","prediction_truth","DGM oracle",,19,1
"study2","high_uncertainty_q4","uncertainty_control","prediction_truth","DGM oracle",,20,1
"study2","high_uncertainty_q4","uncertainty_control","prediction_truth","DGM oracle",,21,1
"study2","high_uncertainty_q4","uncertainty_control","prediction_truth","DGM oracle",,22,1
"study2","high_uncertainty_q4","uncertainty_control","prediction_truth","DGM oracle",,23,1
"study2","high_uncertainty_q4","uncertainty_control","prediction_truth","DGM oracle",,24,1
"study2","high_uncertainty_q4","uncertainty_control","prediction_truth","DGM oracle",,25,1
"study2","high_uncertainty_q4","uncertainty_control","prediction_truth","DGM oracle",,26,1
"study2","high_uncertainty_q4","uncertainty_control","prediction_truth","DGM oracle",,27,1
"study2","high_uncertainty_q4","uncertainty_control","prediction_truth","DGM oracle",,28,1
"study2","high_uncertainty_q4","uncertainty_control","prediction_truth","DGM oracle",,29,1
"study2","high_uncertainty_q4","uncertainty_control","prediction_truth","DGM oracle",,30,1
"study2","high_uncertainty_q4","uncertainty_control","prediction_truth","DGM oracle",,31,1
"study2","high_uncertainty_q4","uncertainty_control","prediction_truth","DGM oracle",,32,1
"study2","high_uncertainty_q4","uncertainty_control","prediction_truth","DGM oracle",,33,1
"study2","high_uncertainty_q4","uncertainty_control","prediction_truth","DGM oracle",,34,1
"study2","high_uncertainty_q4","uncertainty_control","prediction_truth","DGM oracle",,35,1
"study2","high_uncertainty_q4","uncertainty_control","prediction_truth","DGM oracle",,36,1
"study2","high_uncertainty_q4","uncertainty_control","prediction_truth","DGM oracle",,37,1
"study2","high_uncertainty_q4","uncertainty_control","prediction_truth","DGM oracle",,38,1
"study2","high_uncertainty_q4","uncertainty_control","prediction_truth","DGM oracle",,39,1
"study2","high_uncertainty_q4","uncertainty_control","prediction_truth","DGM oracle",,40,1
"study2","high_uncertainty_q4","uncertainty_control","prediction_truth","DGM oracle",,41,1
"study2","high_uncertainty_q4","uncertainty_control","prediction_truth","DGM oracle",,42,1
"study2","high_uncertainty_q4","uncertainty_control","prediction_truth","DGM oracle",,43,1
"study2","high_uncertainty_q4","uncertainty_control","prediction_truth","DGM oracle",,44,1
"study2","high_uncertainty_q4","uncertainty_control","prediction_truth","DGM oracle",,45,1
"study2","high_uncertainty_q4","uncertainty_control","prediction_truth","DGM oracle",,46,1
"study2","high_uncertainty_q4","uncertainty_control","prediction_truth","DGM oracle",,47,1
"study2","high_uncertainty_q4","uncertainty_control","prediction_truth","DGM oracle",,48,1
"study2","high_uncertainty_q4","uncertainty_control","prediction_truth","DGM oracle",,49,1
"study2","high_uncertainty_q4","uncertainty_control","prediction_truth","DGM oracle",,50,1
"study2","high_uncertainty_q4","uncertainty_control","published_fit","UC-GP",,1,1
"study2","high_uncertainty_q4","uncertainty_control","published_fit","UC-GP",,2,1
"study2","high_uncertainty_q4","uncertainty_control","published_fit","UC-GP",,3,1
"study2","high_uncertainty_q4","uncertainty_control","published_fit","UC-GP",,4,1
"study2","high_uncertainty_q4","uncertainty_control","published_fit","UC-GP",,5,1
"study2","high_uncertainty_q4","uncertainty_control","published_fit","UC-GP",,6,1
"study2","high_uncertainty_q4","uncertainty_control","published_fit","UC-GP",,7,1
"study2","high_uncertainty_q4","uncertainty_control","published_fit","UC-GP",,8,1
"study2","high_uncertainty_q4","uncertainty_control","published_fit","UC-GP",,9,1
"study2","high_uncertainty_q4","uncertainty_control","published_fit","UC-GP",,10,1
"study2","high_uncertainty_q4","uncertainty_control","published_fit","UC-GP",,11,1
"study2","high_uncertainty_q4","uncertainty_control","published_fit","UC-GP",,12,1
"study2","high_uncertainty_q4","uncertainty_control","published_fit","UC-GP",,13,1
"study2","high_uncertainty_q4","uncertainty_control","published_fit","UC-GP",,14,1
"study2","high_uncertainty_q4","uncertainty_control","published_fit","UC-GP",,15,1
"study2","high_uncertainty_q4","uncertainty_control","published_fit","UC-GP",,16,1
"study2","high_uncertainty_q4","uncertainty_control","published_fit","UC-GP",,17,1
"study2","high_uncertainty_q4","uncertainty_control","published_fit","UC-GP",,18,1
"study2","high_uncertainty_q4","uncertainty_control","published_fit","UC-GP",,19,1
"study2","high_uncertainty_q4","uncertainty_control","published_fit","UC-GP",,20,1
"study2","high_uncertainty_q4","uncertainty_control","published_fit","UC-GP",,21,1
"study2","high_uncertainty_q4","uncertainty_control","published_fit","UC-GP",,22,1
"study2","high_uncertainty_q4","uncertainty_control","published_fit","UC-GP",,23,1
"study2","high_uncertainty_q4","uncertainty_control","published_fit","UC-GP",,24,1
"study2","high_uncertainty_q4","uncertainty_control","published_fit","UC-GP",,25,1
"study2","high_uncertainty_q4","uncertainty_control","published_fit","UC-GP",,26,1
"study2","high_uncertainty_q4","uncertainty_control","published_fit","UC-GP",,27,1
"study2","high_uncertainty_q4","uncertainty_control","published_fit","UC-GP",,28,1
"study2","high_uncertainty_q4","uncertainty_control","published_fit","UC-GP",,29,1
"study2","high_uncertainty_q4","uncertainty_control","published_fit","UC-GP",,30,1
"study2","high_uncertainty_q4","uncertainty_control","published_fit","UC-GP",,31,1
"study2","high_uncertainty_q4","uncertainty_control","published_fit","UC-GP",,32,1
"study2","high_uncertainty_q4","uncertainty_control","published_fit","UC-GP",,33,1
"study2","high_uncertainty_q4","uncertainty_control","published_fit","UC-GP",,34,1
"study2","high_uncertainty_q4","uncertainty_control","published_fit","UC-GP",,35,1
"study2","high_uncertainty_q4","uncertainty_control","published_fit","UC-GP",,36,1
"study2","high_uncertainty_q4","uncertainty_control","published_fit","UC-GP",,37,1
"study2","high_uncertainty_q4","uncertainty_control","published_fit","UC-GP",,38,1
"study2","high_uncertainty_q4","uncertainty_control","published_fit","UC-GP",,39,1
"study2","high_uncertainty_q4","uncertainty_control","published_fit","UC-GP",,40,1
"study2","high_uncertainty_q4","uncertainty_control","published_fit","UC-GP",,41,1
"study2","high_uncertainty_q4","uncertainty_control","published_fit","UC-GP",,42,1
"study2","high_uncertainty_q4","uncertainty_control","published_fit","UC-GP",,43,1
"study2","high_uncertainty_q4","uncertainty_control","published_fit","UC-GP",,44,1
"study2","high_uncertainty_q4","uncertainty_control","published_fit","UC-GP",,45,1
"study2","high_uncertainty_q4","uncertainty_control","published_fit","UC-GP",,46,1
"study2","high_uncertainty_q4","uncertainty_control","published_fit","UC-GP",,47,1
"study2","high_uncertainty_q4","uncertainty_control","published_fit","UC-GP",,48,1
"study2","high_uncertainty_q4","uncertainty_control","published_fit","UC-GP",,49,1
"study2","high_uncertainty_q4","uncertainty_control","published_fit","UC-GP",,50,1
"study2","high_uncertainty_q4","uncertainty_control","published_fit","LVGP",,1,1
"study2","high_uncertainty_q4","uncertainty_control","published_fit","LVGP",,2,1
"study2","high_uncertainty_q4","uncertainty_control","published_fit","LVGP",,3,1
"study2","high_uncertainty_q4","uncertainty_control","published_fit","LVGP",,4,1
"study2","high_uncertainty_q4","uncertainty_control","published_fit","LVGP",,5,1
"study2","high_uncertainty_q4","uncertainty_control","published_fit","LVGP",,6,1
"study2","high_uncertainty_q4","uncertainty_control","published_fit","LVGP",,7,1
"study2","high_uncertainty_q4","uncertainty_control","published_fit","LVGP",,8,1
"study2","high_uncertainty_q4","uncertainty_control","published_fit","LVGP",,9,1
"study2","high_uncertainty_q4","uncertainty_control","published_fit","LVGP",,10,1
"study2","high_uncertainty_q4","uncertainty_control","published_fit","LVGP",,11,1
"study2","high_uncertainty_q4","uncertainty_control","published_fit","LVGP",,12,1
"study2","high_uncertainty_q4","uncertainty_control","published_fit","LVGP",,13,1
"study2","high_uncertainty_q4","uncertainty_control","published_fit","LVGP",,14,1
"study2","high_uncertainty_q4","uncertainty_control","published_fit","LVGP",,15,1
"study2","high_uncertainty_q4","uncertainty_control","published_fit","LVGP",,16,1
"study2","high_uncertainty_q4","uncertainty_control","published_fit","LVGP",,17,1
"study2","high_uncertainty_q4","uncertainty_control","published_fit","LVGP",,18,1
"study2","high_uncertainty_q4","uncertainty_control","published_fit","LVGP",,19,1
"study2","high_uncertainty_q4","uncertainty_control","published_fit","LVGP",,20,1
"study2","high_uncertainty_q4","uncertainty_control","published_fit","LVGP",,21,1
"study2","high_uncertainty_q4","uncertainty_control","published_fit","LVGP",,22,1
"study2","high_uncertainty_q4","uncertainty_control","published_fit","LVGP",,23,1
"study2","high_uncertainty_q4","uncertainty_control","published_fit","LVGP",,24,1
"study2","high_uncertainty_q4","uncertainty_control","published_fit","LVGP",,25,1
"study2","high_uncertainty_q4","uncertainty_control","published_fit","LVGP",,26,1
"study2","high_uncertainty_q4","uncertainty_control","published_fit","LVGP",,27,1
"study2","high_uncertainty_q4","uncertainty_control","published_fit","LVGP",,28,1
"study2","high_uncertainty_q4","uncertainty_control","published_fit","LVGP",,29,1
"study2","high_uncertainty_q4","uncertainty_control","published_fit","LVGP",,30,1
"study2","high_uncertainty_q4","uncertainty_control","published_fit","LVGP",,31,1
"study2","high_uncertainty_q4","uncertainty_control","published_fit","LVGP",,32,1
"study2","high_uncertainty_q4","uncertainty_control","published_fit","LVGP",,33,1
"study2","high_uncertainty_q4","uncertainty_control","published_fit","LVGP",,34,1
"study2","high_uncertainty_q4","uncertainty_control","published_fit","LVGP",,35,1
"study2","high_uncertainty_q4","uncertainty_control","published_fit","LVGP",,36,1
"study2","high_uncertainty_q4","uncertainty_control","published_fit","LVGP",,37,1
"study2","high_uncertainty_q4","uncertainty_control","published_fit","LVGP",,38,1
"study2","high_uncertainty_q4","uncertainty_control","published_fit","LVGP",,39,1
"study2","high_uncertainty_q4","uncertainty_control","published_fit","LVGP",,40,1
"study2","high_uncertainty_q4","uncertainty_control","published_fit","LVGP",,41,1
"study2","high_uncertainty_q4","uncertainty_control","published_fit","LVGP",,42,1
"study2","high_uncertainty_q4","uncertainty_control","published_fit","LVGP",,43,1
"study2","high_uncertainty_q4","uncertainty_control","published_fit","LVGP",,44,1
"study2","high_uncertainty_q4","uncertainty_control","published_fit","LVGP",,45,1
"study2","high_uncertainty_q4","uncertainty_control","published_fit","LVGP",,46,1
"study2","high_uncertainty_q4","uncertainty_control","published_fit","LVGP",,47,1
"study2","high_uncertainty_q4","uncertainty_control","published_fit","LVGP",,48,1
"study2","high_uncertainty_q4","uncertainty_control","published_fit","LVGP",,49,1
"study2","high_uncertainty_q4","uncertainty_control","published_fit","LVGP",,50,1
"study2","high_uncertainty_q4","uncertainty_control","published_fit","EzGP",,1,1
"study2","high_uncertainty_q4","uncertainty_control","published_fit","EzGP",,2,1
"study2","high_uncertainty_q4","uncertainty_control","published_fit","EzGP",,3,1
"study2","high_uncertainty_q4","uncertainty_control","published_fit","EzGP",,4,1
"study2","high_uncertainty_q4","uncertainty_control","published_fit","EzGP",,5,1
"study2","high_uncertainty_q4","uncertainty_control","published_fit","EzGP",,6,1
"study2","high_uncertainty_q4","uncertainty_control","published_fit","EzGP",,7,1
"study2","high_uncertainty_q4","uncertainty_control","published_fit","EzGP",,8,1
"study2","high_uncertainty_q4","uncertainty_control","published_fit","EzGP",,9,1
"study2","high_uncertainty_q4","uncertainty_control","published_fit","EzGP",,10,1
"study2","high_uncertainty_q4","uncertainty_control","published_fit","EzGP",,11,1
"study2","high_uncertainty_q4","uncertainty_control","published_fit","EzGP",,12,1
"study2","high_uncertainty_q4","uncertainty_control","published_fit","EzGP",,13,1
"study2","high_uncertainty_q4","uncertainty_control","published_fit","EzGP",,14,1
"study2","high_uncertainty_q4","uncertainty_control","published_fit","EzGP",,15,1
"study2","high_uncertainty_q4","uncertainty_control","published_fit","EzGP",,16,1
"study2","high_uncertainty_q4","uncertainty_control","published_fit","EzGP",,17,1
"study2","high_uncertainty_q4","uncertainty_control","published_fit","EzGP",,18,1
"study2","high_uncertainty_q4","uncertainty_control","published_fit","EzGP",,19,1
"study2","high_uncertainty_q4","uncertainty_control","published_fit","EzGP",,20,1
"study2","high_uncertainty_q4","uncertainty_control","published_fit","EzGP",,21,1
"study2","high_uncertainty_q4","uncertainty_control","published_fit","EzGP",,22,1
"study2","high_uncertainty_q4","uncertainty_control","published_fit","EzGP",,23,1
"study2","high_uncertainty_q4","uncertainty_control","published_fit","EzGP",,24,1
"study2","high_uncertainty_q4","uncertainty_control","published_fit","EzGP",,25,1
"study2","high_uncertainty_q4","uncertainty_control","published_fit","EzGP",,26,1
"study2","high_uncertainty_q4","uncertainty_control","published_fit","EzGP",,27,1
"study2","high_uncertainty_q4","uncertainty_control","published_fit","EzGP",,28,1
"study2","high_uncertainty_q4","uncertainty_control","published_fit","EzGP",,29,1
"study2","high_uncertainty_q4","uncertainty_control","published_fit","EzGP",,30,1
"study2","high_uncertainty_q4","uncertainty_control","published_fit","EzGP",,31,1
"study2","high_uncertainty_q4","uncertainty_control","published_fit","EzGP",,32,1
"study2","high_uncertainty_q4","uncertainty_control","published_fit","EzGP",,33,1
"study2","high_uncertainty_q4","uncertainty_control","published_fit","EzGP",,34,1
"study2","high_uncertainty_q4","uncertainty_control","published_fit","EzGP",,35,1
"study2","high_uncertainty_q4","uncertainty_control","published_fit","EzGP",,36,1
"study2","high_uncertainty_q4","uncertainty_control","published_fit","EzGP",,37,1
"study2","high_uncertainty_q4","uncertainty_control","published_fit","EzGP",,38,1
"study2","high_uncertainty_q4","uncertainty_control","published_fit","EzGP",,39,1
"study2","high_uncertainty_q4","uncertainty_control","published_fit","EzGP",,40,1
"study2","high_uncertainty_q4","uncertainty_control","published_fit","EzGP",,41,1
"study2","high_uncertainty_q4","uncertainty_control","published_fit","EzGP",,42,1
"study2","high_uncertainty_q4","uncertainty_control","published_fit","EzGP",,43,1
"study2","high_uncertainty_q4","uncertainty_control","published_fit","EzGP",,44,1
"study2","high_uncertainty_q4","uncertainty_control","published_fit","EzGP",,45,1
"study2","high_uncertainty_q4","uncertainty_control","published_fit","EzGP",,46,1
"study2","high_uncertainty_q4","uncertainty_control","published_fit","EzGP",,47,1
"study2","high_uncertainty_q4","uncertainty_control","published_fit","EzGP",,48,1
"study2","high_uncertainty_q4","uncertainty_control","published_fit","EzGP",,49,1
"study2","high_uncertainty_q4","uncertainty_control","published_fit","EzGP",,50,1
"study2","high_uncertainty_q4","uncertainty_control","eiv_fit","EIV-GP",12,1,1
"study2","high_uncertainty_q4","uncertainty_control","eiv_fit","EIV-GP",12,2,1
"study2","high_uncertainty_q4","uncertainty_control","eiv_fit","EIV-GP",12,3,1
"study2","high_uncertainty_q4","uncertainty_control","eiv_fit","EIV-GP",12,4,1
"study2","high_uncertainty_q4","uncertainty_control","eiv_fit","EIV-GP",12,5,1
"study2","high_uncertainty_q4","uncertainty_control","eiv_fit","EIV-GP",12,6,1
"study2","high_uncertainty_q4","uncertainty_control","eiv_fit","EIV-GP",12,7,1
"study2","high_uncertainty_q4","uncertainty_control","eiv_fit","EIV-GP",12,8,1
"study2","high_uncertainty_q4","uncertainty_control","eiv_fit","EIV-GP",12,9,1
"study2","high_uncertainty_q4","uncertainty_control","eiv_fit","EIV-GP",12,10,1
"study2","high_uncertainty_q4","uncertainty_control","eiv_fit","EIV-GP",12,11,1
"study2","high_uncertainty_q4","uncertainty_control","eiv_fit","EIV-GP",12,12,1
"study2","high_uncertainty_q4","uncertainty_control","eiv_fit","EIV-GP",12,13,1
"study2","high_uncertainty_q4","uncertainty_control","eiv_fit","EIV-GP",12,14,1
"study2","high_uncertainty_q4","uncertainty_control","eiv_fit","EIV-GP",12,15,1
"study2","high_uncertainty_q4","uncertainty_control","eiv_fit","EIV-GP",12,16,1
"study2","high_uncertainty_q4","uncertainty_control","eiv_fit","EIV-GP",12,17,1
"study2","high_uncertainty_q4","uncertainty_control","eiv_fit","EIV-GP",12,18,1
"study2","high_uncertainty_q4","uncertainty_control","eiv_fit","EIV-GP",12,19,1
"study2","high_uncertainty_q4","uncertainty_control","eiv_fit","EIV-GP",12,20,1
"study2","high_uncertainty_q4","uncertainty_control","eiv_fit","EIV-GP",12,21,1
"study2","high_uncertainty_q4","uncertainty_control","eiv_fit","EIV-GP",12,22,1
"study2","high_uncertainty_q4","uncertainty_control","eiv_fit","EIV-GP",12,23,1
"study2","high_uncertainty_q4","uncertainty_control","eiv_fit","EIV-GP",12,24,1
"study2","high_uncertainty_q4","uncertainty_control","eiv_fit","EIV-GP",12,25,1
"study2","high_uncertainty_q4","uncertainty_control","eiv_fit","EIV-GP",12,26,1
"study2","high_uncertainty_q4","uncertainty_control","eiv_fit","EIV-GP",12,27,1
"study2","high_uncertainty_q4","uncertainty_control","eiv_fit","EIV-GP",12,28,1
"study2","high_uncertainty_q4","uncertainty_control","eiv_fit","EIV-GP",12,29,1
"study2","high_uncertainty_q4","uncertainty_control","eiv_fit","EIV-GP",12,30,1
"study2","high_uncertainty_q4","uncertainty_control","eiv_fit","EIV-GP",12,31,1
"study2","high_uncertainty_q4","uncertainty_control","eiv_fit","EIV-GP",12,32,1
"study2","high_uncertainty_q4","uncertainty_control","eiv_fit","EIV-GP",12,33,1
"study2","high_uncertainty_q4","uncertainty_control","eiv_fit","EIV-GP",12,34,1
"study2","high_uncertainty_q4","uncertainty_control","eiv_fit","EIV-GP",12,35,1
"study2","high_uncertainty_q4","uncertainty_control","eiv_fit","EIV-GP",12,36,1
"study2","high_uncertainty_q4","uncertainty_control","eiv_fit","EIV-GP",12,37,1
"study2","high_uncertainty_q4","uncertainty_control","eiv_fit","EIV-GP",12,38,1
"study2","high_uncertainty_q4","uncertainty_control","eiv_fit","EIV-GP",12,39,1
"study2","high_uncertainty_q4","uncertainty_control","eiv_fit","EIV-GP",12,40,1
"study2","high_uncertainty_q4","uncertainty_control","eiv_fit","EIV-GP",12,41,1
"study2","high_uncertainty_q4","uncertainty_control","eiv_fit","EIV-GP",12,42,1
"study2","high_uncertainty_q4","uncertainty_control","eiv_fit","EIV-GP",12,43,1
"study2","high_uncertainty_q4","uncertainty_control","eiv_fit","EIV-GP",12,44,1
"study2","high_uncertainty_q4","uncertainty_control","eiv_fit","EIV-GP",12,45,1
"study2","high_uncertainty_q4","uncertainty_control","eiv_fit","EIV-GP",12,46,1
"study2","high_uncertainty_q4","uncertainty_control","eiv_fit","EIV-GP",12,47,1
"study2","high_uncertainty_q4","uncertainty_control","eiv_fit","EIV-GP",12,48,1
"study2","high_uncertainty_q4","uncertainty_control","eiv_fit","EIV-GP",12,49,1
"study2","high_uncertainty_q4","uncertainty_control","eiv_fit","EIV-GP",12,50,1
"study2","high_uncertainty_q4","uncertainty_control","ablation_fit","RF-OM",12,1,1
"study2","high_uncertainty_q4","uncertainty_control","ablation_fit","RF-OM",12,2,1
"study2","high_uncertainty_q4","uncertainty_control","ablation_fit","RF-OM",12,3,1
"study2","high_uncertainty_q4","uncertainty_control","ablation_fit","RF-OM",12,4,1
"study2","high_uncertainty_q4","uncertainty_control","ablation_fit","RF-OM",12,5,1
"study2","high_uncertainty_q4","uncertainty_control","ablation_fit","RF-OM",12,6,1
"study2","high_uncertainty_q4","uncertainty_control","ablation_fit","RF-OM",12,7,1
"study2","high_uncertainty_q4","uncertainty_control","ablation_fit","RF-OM",12,8,1
"study2","high_uncertainty_q4","uncertainty_control","ablation_fit","RF-OM",12,9,1
"study2","high_uncertainty_q4","uncertainty_control","ablation_fit","RF-OM",12,10,1
"study2","high_uncertainty_q4","uncertainty_control","ablation_fit","RF-OM",12,11,1
"study2","high_uncertainty_q4","uncertainty_control","ablation_fit","RF-OM",12,12,1
"study2","high_uncertainty_q4","uncertainty_control","ablation_fit","RF-OM",12,13,1
"study2","high_uncertainty_q4","uncertainty_control","ablation_fit","RF-OM",12,14,1
"study2","high_uncertainty_q4","uncertainty_control","ablation_fit","RF-OM",12,15,1
"study2","high_uncertainty_q4","uncertainty_control","ablation_fit","RF-OM",12,16,1
"study2","high_uncertainty_q4","uncertainty_control","ablation_fit","RF-OM",12,17,1
"study2","high_uncertainty_q4","uncertainty_control","ablation_fit","RF-OM",12,18,1
"study2","high_uncertainty_q4","uncertainty_control","ablation_fit","RF-OM",12,19,1
"study2","high_uncertainty_q4","uncertainty_control","ablation_fit","RF-OM",12,20,1
"study2","high_uncertainty_q4","uncertainty_control","ablation_fit","RF-OM",12,21,1
"study2","high_uncertainty_q4","uncertainty_control","ablation_fit","RF-OM",12,22,1
"study2","high_uncertainty_q4","uncertainty_control","ablation_fit","RF-OM",12,23,1
"study2","high_uncertainty_q4","uncertainty_control","ablation_fit","RF-OM",12,24,1
"study2","high_uncertainty_q4","uncertainty_control","ablation_fit","RF-OM",12,25,1
"study2","high_uncertainty_q4","uncertainty_control","ablation_fit","RF-OM",12,26,1
"study2","high_uncertainty_q4","uncertainty_control","ablation_fit","RF-OM",12,27,1
"study2","high_uncertainty_q4","uncertainty_control","ablation_fit","RF-OM",12,28,1
"study2","high_uncertainty_q4","uncertainty_control","ablation_fit","RF-OM",12,29,1
"study2","high_uncertainty_q4","uncertainty_control","ablation_fit","RF-OM",12,30,1
"study2","high_uncertainty_q4","uncertainty_control","ablation_fit","RF-OM",12,31,1
"study2","high_uncertainty_q4","uncertainty_control","ablation_fit","RF-OM",12,32,1
"study2","high_uncertainty_q4","uncertainty_control","ablation_fit","RF-OM",12,33,1
"study2","high_uncertainty_q4","uncertainty_control","ablation_fit","RF-OM",12,34,1
"study2","high_uncertainty_q4","uncertainty_control","ablation_fit","RF-OM",12,35,1
"study2","high_uncertainty_q4","uncertainty_control","ablation_fit","RF-OM",12,36,1
"study2","high_uncertainty_q4","uncertainty_control","ablation_fit","RF-OM",12,37,1
"study2","high_uncertainty_q4","uncertainty_control","ablation_fit","RF-OM",12,38,1
"study2","high_uncertainty_q4","uncertainty_control","ablation_fit","RF-OM",12,39,1
"study2","high_uncertainty_q4","uncertainty_control","ablation_fit","RF-OM",12,40,1
"study2","high_uncertainty_q4","uncertainty_control","ablation_fit","RF-OM",12,41,1
"study2","high_uncertainty_q4","uncertainty_control","ablation_fit","RF-OM",12,42,1
"study2","high_uncertainty_q4","uncertainty_control","ablation_fit","RF-OM",12,43,1
"study2","high_uncertainty_q4","uncertainty_control","ablation_fit","RF-OM",12,44,1
"study2","high_uncertainty_q4","uncertainty_control","ablation_fit","RF-OM",12,45,1
"study2","high_uncertainty_q4","uncertainty_control","ablation_fit","RF-OM",12,46,1
"study2","high_uncertainty_q4","uncertainty_control","ablation_fit","RF-OM",12,47,1
"study2","high_uncertainty_q4","uncertainty_control","ablation_fit","RF-OM",12,48,1
"study2","high_uncertainty_q4","uncertainty_control","ablation_fit","RF-OM",12,49,1
"study2","high_uncertainty_q4","uncertainty_control","ablation_fit","RF-OM",12,50,1
"study2","high_uncertainty_q4","uncertainty_control","ablation_fit","PI-GP",12,1,1
"study2","high_uncertainty_q4","uncertainty_control","ablation_fit","PI-GP",12,2,1
"study2","high_uncertainty_q4","uncertainty_control","ablation_fit","PI-GP",12,3,1
"study2","high_uncertainty_q4","uncertainty_control","ablation_fit","PI-GP",12,4,1
"study2","high_uncertainty_q4","uncertainty_control","ablation_fit","PI-GP",12,5,1
"study2","high_uncertainty_q4","uncertainty_control","ablation_fit","PI-GP",12,6,1
"study2","high_uncertainty_q4","uncertainty_control","ablation_fit","PI-GP",12,7,1
"study2","high_uncertainty_q4","uncertainty_control","ablation_fit","PI-GP",12,8,1
"study2","high_uncertainty_q4","uncertainty_control","ablation_fit","PI-GP",12,9,1
"study2","high_uncertainty_q4","uncertainty_control","ablation_fit","PI-GP",12,10,1
"study2","high_uncertainty_q4","uncertainty_control","ablation_fit","PI-GP",12,11,1
"study2","high_uncertainty_q4","uncertainty_control","ablation_fit","PI-GP",12,12,1
"study2","high_uncertainty_q4","uncertainty_control","ablation_fit","PI-GP",12,13,1
"study2","high_uncertainty_q4","uncertainty_control","ablation_fit","PI-GP",12,14,1
"study2","high_uncertainty_q4","uncertainty_control","ablation_fit","PI-GP",12,15,1
"study2","high_uncertainty_q4","uncertainty_control","ablation_fit","PI-GP",12,16,1
"study2","high_uncertainty_q4","uncertainty_control","ablation_fit","PI-GP",12,17,1
"study2","high_uncertainty_q4","uncertainty_control","ablation_fit","PI-GP",12,18,1
"study2","high_uncertainty_q4","uncertainty_control","ablation_fit","PI-GP",12,19,1
"study2","high_uncertainty_q4","uncertainty_control","ablation_fit","PI-GP",12,20,1
"study2","high_uncertainty_q4","uncertainty_control","ablation_fit","PI-GP",12,21,1
"study2","high_uncertainty_q4","uncertainty_control","ablation_fit","PI-GP",12,22,1
"study2","high_uncertainty_q4","uncertainty_control","ablation_fit","PI-GP",12,23,1
"study2","high_uncertainty_q4","uncertainty_control","ablation_fit","PI-GP",12,24,1
"study2","high_uncertainty_q4","uncertainty_control","ablation_fit","PI-GP",12,25,1
"study2","high_uncertainty_q4","uncertainty_control","ablation_fit","PI-GP",12,26,1
"study2","high_uncertainty_q4","uncertainty_control","ablation_fit","PI-GP",12,27,1
"study2","high_uncertainty_q4","uncertainty_control","ablation_fit","PI-GP",12,28,1
"study2","high_uncertainty_q4","uncertainty_control","ablation_fit","PI-GP",12,29,1
"study2","high_uncertainty_q4","uncertainty_control","ablation_fit","PI-GP",12,30,1
"study2","high_uncertainty_q4","uncertainty_control","ablation_fit","PI-GP",12,31,1
"study2","high_uncertainty_q4","uncertainty_control","ablation_fit","PI-GP",12,32,1
"study2","high_uncertainty_q4","uncertainty_control","ablation_fit","PI-GP",12,33,1
"study2","high_uncertainty_q4","uncertainty_control","ablation_fit","PI-GP",12,34,1
"study2","high_uncertainty_q4","uncertainty_control","ablation_fit","PI-GP",12,35,1
"study2","high_uncertainty_q4","uncertainty_control","ablation_fit","PI-GP",12,36,1
"study2","high_uncertainty_q4","uncertainty_control","ablation_fit","PI-GP",12,37,1
"study2","high_uncertainty_q4","uncertainty_control","ablation_fit","PI-GP",12,38,1
"study2","high_uncertainty_q4","uncertainty_control","ablation_fit","PI-GP",12,39,1
"study2","high_uncertainty_q4","uncertainty_control","ablation_fit","PI-GP",12,40,1
"study2","high_uncertainty_q4","uncertainty_control","ablation_fit","PI-GP",12,41,1
"study2","high_uncertainty_q4","uncertainty_control","ablation_fit","PI-GP",12,42,1
"study2","high_uncertainty_q4","uncertainty_control","ablation_fit","PI-GP",12,43,1
"study2","high_uncertainty_q4","uncertainty_control","ablation_fit","PI-GP",12,44,1
"study2","high_uncertainty_q4","uncertainty_control","ablation_fit","PI-GP",12,45,1
"study2","high_uncertainty_q4","uncertainty_control","ablation_fit","PI-GP",12,46,1
"study2","high_uncertainty_q4","uncertainty_control","ablation_fit","PI-GP",12,47,1
"study2","high_uncertainty_q4","uncertainty_control","ablation_fit","PI-GP",12,48,1
"study2","high_uncertainty_q4","uncertainty_control","ablation_fit","PI-GP",12,49,1
"study2","high_uncertainty_q4","uncertainty_control","ablation_fit","PI-GP",12,50,1
"study2","high_uncertainty_q4","uncertainty_control","ablation_fit","CC-GP",12,1,1
"study2","high_uncertainty_q4","uncertainty_control","ablation_fit","CC-GP",12,2,1
"study2","high_uncertainty_q4","uncertainty_control","ablation_fit","CC-GP",12,3,1
"study2","high_uncertainty_q4","uncertainty_control","ablation_fit","CC-GP",12,4,1
"study2","high_uncertainty_q4","uncertainty_control","ablation_fit","CC-GP",12,5,1
"study2","high_uncertainty_q4","uncertainty_control","ablation_fit","CC-GP",12,6,1
"study2","high_uncertainty_q4","uncertainty_control","ablation_fit","CC-GP",12,7,1
"study2","high_uncertainty_q4","uncertainty_control","ablation_fit","CC-GP",12,8,1
"study2","high_uncertainty_q4","uncertainty_control","ablation_fit","CC-GP",12,9,1
"study2","high_uncertainty_q4","uncertainty_control","ablation_fit","CC-GP",12,10,1
"study2","high_uncertainty_q4","uncertainty_control","ablation_fit","CC-GP",12,11,1
"study2","high_uncertainty_q4","uncertainty_control","ablation_fit","CC-GP",12,12,1
"study2","high_uncertainty_q4","uncertainty_control","ablation_fit","CC-GP",12,13,1
"study2","high_uncertainty_q4","uncertainty_control","ablation_fit","CC-GP",12,14,1
"study2","high_uncertainty_q4","uncertainty_control","ablation_fit","CC-GP",12,15,1
"study2","high_uncertainty_q4","uncertainty_control","ablation_fit","CC-GP",12,16,1
"study2","high_uncertainty_q4","uncertainty_control","ablation_fit","CC-GP",12,17,1
"study2","high_uncertainty_q4","uncertainty_control","ablation_fit","CC-GP",12,18,1
"study2","high_uncertainty_q4","uncertainty_control","ablation_fit","CC-GP",12,19,1
"study2","high_uncertainty_q4","uncertainty_control","ablation_fit","CC-GP",12,20,1
"study2","high_uncertainty_q4","uncertainty_control","ablation_fit","CC-GP",12,21,1
"study2","high_uncertainty_q4","uncertainty_control","ablation_fit","CC-GP",12,22,1
"study2","high_uncertainty_q4","uncertainty_control","ablation_fit","CC-GP",12,23,1
"study2","high_uncertainty_q4","uncertainty_control","ablation_fit","CC-GP",12,24,1
"study2","high_uncertainty_q4","uncertainty_control","ablation_fit","CC-GP",12,25,1
"study2","high_uncertainty_q4","uncertainty_control","ablation_fit","CC-GP",12,26,1
"study2","high_uncertainty_q4","uncertainty_control","ablation_fit","CC-GP",12,27,1
"study2","high_uncertainty_q4","uncertainty_control","ablation_fit","CC-GP",12,28,1
"study2","high_uncertainty_q4","uncertainty_control","ablation_fit","CC-GP",12,29,1
"study2","high_uncertainty_q4","uncertainty_control","ablation_fit","CC-GP",12,30,1
"study2","high_uncertainty_q4","uncertainty_control","ablation_fit","CC-GP",12,31,1
"study2","high_uncertainty_q4","uncertainty_control","ablation_fit","CC-GP",12,32,1
"study2","high_uncertainty_q4","uncertainty_control","ablation_fit","CC-GP",12,33,1
"study2","high_uncertainty_q4","uncertainty_control","ablation_fit","CC-GP",12,34,1
"study2","high_uncertainty_q4","uncertainty_control","ablation_fit","CC-GP",12,35,1
"study2","high_uncertainty_q4","uncertainty_control","ablation_fit","CC-GP",12,36,1
"study2","high_uncertainty_q4","uncertainty_control","ablation_fit","CC-GP",12,37,1
"study2","high_uncertainty_q4","uncertainty_control","ablation_fit","CC-GP",12,38,1
"study2","high_uncertainty_q4","uncertainty_control","ablation_fit","CC-GP",12,39,1
"study2","high_uncertainty_q4","uncertainty_control","ablation_fit","CC-GP",12,40,1
"study2","high_uncertainty_q4","uncertainty_control","ablation_fit","CC-GP",12,41,1
"study2","high_uncertainty_q4","uncertainty_control","ablation_fit","CC-GP",12,42,1
"study2","high_uncertainty_q4","uncertainty_control","ablation_fit","CC-GP",12,43,1
"study2","high_uncertainty_q4","uncertainty_control","ablation_fit","CC-GP",12,44,1
"study2","high_uncertainty_q4","uncertainty_control","ablation_fit","CC-GP",12,45,1
"study2","high_uncertainty_q4","uncertainty_control","ablation_fit","CC-GP",12,46,1
"study2","high_uncertainty_q4","uncertainty_control","ablation_fit","CC-GP",12,47,1
"study2","high_uncertainty_q4","uncertainty_control","ablation_fit","CC-GP",12,48,1
"study2","high_uncertainty_q4","uncertainty_control","ablation_fit","CC-GP",12,49,1
"study2","high_uncertainty_q4","uncertainty_control","ablation_fit","CC-GP",12,50,1
"study2","logistic_q4","appendix_misspecification","frozen_data","DGM",,1,1
"study2","logistic_q4","appendix_misspecification","frozen_data","DGM",,2,1
"study2","logistic_q4","appendix_misspecification","frozen_data","DGM",,3,1
"study2","logistic_q4","appendix_misspecification","frozen_data","DGM",,4,1
"study2","logistic_q4","appendix_misspecification","frozen_data","DGM",,5,1
"study2","logistic_q4","appendix_misspecification","frozen_data","DGM",,6,1
"study2","logistic_q4","appendix_misspecification","frozen_data","DGM",,7,1
"study2","logistic_q4","appendix_misspecification","frozen_data","DGM",,8,1
"study2","logistic_q4","appendix_misspecification","frozen_data","DGM",,9,1
"study2","logistic_q4","appendix_misspecification","frozen_data","DGM",,10,1
"study2","logistic_q4","appendix_misspecification","frozen_data","DGM",,11,1
"study2","logistic_q4","appendix_misspecification","frozen_data","DGM",,12,1
"study2","logistic_q4","appendix_misspecification","frozen_data","DGM",,13,1
"study2","logistic_q4","appendix_misspecification","frozen_data","DGM",,14,1
"study2","logistic_q4","appendix_misspecification","frozen_data","DGM",,15,1
"study2","logistic_q4","appendix_misspecification","frozen_data","DGM",,16,1
"study2","logistic_q4","appendix_misspecification","frozen_data","DGM",,17,1
"study2","logistic_q4","appendix_misspecification","frozen_data","DGM",,18,1
"study2","logistic_q4","appendix_misspecification","frozen_data","DGM",,19,1
"study2","logistic_q4","appendix_misspecification","frozen_data","DGM",,20,1
"study2","logistic_q4","appendix_misspecification","frozen_data","DGM",,21,1
"study2","logistic_q4","appendix_misspecification","frozen_data","DGM",,22,1
"study2","logistic_q4","appendix_misspecification","frozen_data","DGM",,23,1
"study2","logistic_q4","appendix_misspecification","frozen_data","DGM",,24,1
"study2","logistic_q4","appendix_misspecification","frozen_data","DGM",,25,1
"study2","logistic_q4","appendix_misspecification","frozen_data","DGM",,26,1
"study2","logistic_q4","appendix_misspecification","frozen_data","DGM",,27,1
"study2","logistic_q4","appendix_misspecification","frozen_data","DGM",,28,1
"study2","logistic_q4","appendix_misspecification","frozen_data","DGM",,29,1
"study2","logistic_q4","appendix_misspecification","frozen_data","DGM",,30,1
"study2","logistic_q4","appendix_misspecification","frozen_data","DGM",,31,1
"study2","logistic_q4","appendix_misspecification","frozen_data","DGM",,32,1
"study2","logistic_q4","appendix_misspecification","frozen_data","DGM",,33,1
"study2","logistic_q4","appendix_misspecification","frozen_data","DGM",,34,1
"study2","logistic_q4","appendix_misspecification","frozen_data","DGM",,35,1
"study2","logistic_q4","appendix_misspecification","frozen_data","DGM",,36,1
"study2","logistic_q4","appendix_misspecification","frozen_data","DGM",,37,1
"study2","logistic_q4","appendix_misspecification","frozen_data","DGM",,38,1
"study2","logistic_q4","appendix_misspecification","frozen_data","DGM",,39,1
"study2","logistic_q4","appendix_misspecification","frozen_data","DGM",,40,1
"study2","logistic_q4","appendix_misspecification","frozen_data","DGM",,41,1
"study2","logistic_q4","appendix_misspecification","frozen_data","DGM",,42,1
"study2","logistic_q4","appendix_misspecification","frozen_data","DGM",,43,1
"study2","logistic_q4","appendix_misspecification","frozen_data","DGM",,44,1
"study2","logistic_q4","appendix_misspecification","frozen_data","DGM",,45,1
"study2","logistic_q4","appendix_misspecification","frozen_data","DGM",,46,1
"study2","logistic_q4","appendix_misspecification","frozen_data","DGM",,47,1
"study2","logistic_q4","appendix_misspecification","frozen_data","DGM",,48,1
"study2","logistic_q4","appendix_misspecification","frozen_data","DGM",,49,1
"study2","logistic_q4","appendix_misspecification","frozen_data","DGM",,50,1
"study2","logistic_q4","appendix_misspecification","prediction_truth","DGM oracle",,1,1
"study2","logistic_q4","appendix_misspecification","prediction_truth","DGM oracle",,2,1
"study2","logistic_q4","appendix_misspecification","prediction_truth","DGM oracle",,3,1
"study2","logistic_q4","appendix_misspecification","prediction_truth","DGM oracle",,4,1
"study2","logistic_q4","appendix_misspecification","prediction_truth","DGM oracle",,5,1
"study2","logistic_q4","appendix_misspecification","prediction_truth","DGM oracle",,6,1
"study2","logistic_q4","appendix_misspecification","prediction_truth","DGM oracle",,7,1
"study2","logistic_q4","appendix_misspecification","prediction_truth","DGM oracle",,8,1
"study2","logistic_q4","appendix_misspecification","prediction_truth","DGM oracle",,9,1
"study2","logistic_q4","appendix_misspecification","prediction_truth","DGM oracle",,10,1
"study2","logistic_q4","appendix_misspecification","prediction_truth","DGM oracle",,11,1
"study2","logistic_q4","appendix_misspecification","prediction_truth","DGM oracle",,12,1
"study2","logistic_q4","appendix_misspecification","prediction_truth","DGM oracle",,13,1
"study2","logistic_q4","appendix_misspecification","prediction_truth","DGM oracle",,14,1
"study2","logistic_q4","appendix_misspecification","prediction_truth","DGM oracle",,15,1
"study2","logistic_q4","appendix_misspecification","prediction_truth","DGM oracle",,16,1
"study2","logistic_q4","appendix_misspecification","prediction_truth","DGM oracle",,17,1
"study2","logistic_q4","appendix_misspecification","prediction_truth","DGM oracle",,18,1
"study2","logistic_q4","appendix_misspecification","prediction_truth","DGM oracle",,19,1
"study2","logistic_q4","appendix_misspecification","prediction_truth","DGM oracle",,20,1
"study2","logistic_q4","appendix_misspecification","prediction_truth","DGM oracle",,21,1
"study2","logistic_q4","appendix_misspecification","prediction_truth","DGM oracle",,22,1
"study2","logistic_q4","appendix_misspecification","prediction_truth","DGM oracle",,23,1
"study2","logistic_q4","appendix_misspecification","prediction_truth","DGM oracle",,24,1
"study2","logistic_q4","appendix_misspecification","prediction_truth","DGM oracle",,25,1
"study2","logistic_q4","appendix_misspecification","prediction_truth","DGM oracle",,26,1
"study2","logistic_q4","appendix_misspecification","prediction_truth","DGM oracle",,27,1
"study2","logistic_q4","appendix_misspecification","prediction_truth","DGM oracle",,28,1
"study2","logistic_q4","appendix_misspecification","prediction_truth","DGM oracle",,29,1
"study2","logistic_q4","appendix_misspecification","prediction_truth","DGM oracle",,30,1
"study2","logistic_q4","appendix_misspecification","prediction_truth","DGM oracle",,31,1
"study2","logistic_q4","appendix_misspecification","prediction_truth","DGM oracle",,32,1
"study2","logistic_q4","appendix_misspecification","prediction_truth","DGM oracle",,33,1
"study2","logistic_q4","appendix_misspecification","prediction_truth","DGM oracle",,34,1
"study2","logistic_q4","appendix_misspecification","prediction_truth","DGM oracle",,35,1
"study2","logistic_q4","appendix_misspecification","prediction_truth","DGM oracle",,36,1
"study2","logistic_q4","appendix_misspecification","prediction_truth","DGM oracle",,37,1
"study2","logistic_q4","appendix_misspecification","prediction_truth","DGM oracle",,38,1
"study2","logistic_q4","appendix_misspecification","prediction_truth","DGM oracle",,39,1
"study2","logistic_q4","appendix_misspecification","prediction_truth","DGM oracle",,40,1
"study2","logistic_q4","appendix_misspecification","prediction_truth","DGM oracle",,41,1
"study2","logistic_q4","appendix_misspecification","prediction_truth","DGM oracle",,42,1
"study2","logistic_q4","appendix_misspecification","prediction_truth","DGM oracle",,43,1
"study2","logistic_q4","appendix_misspecification","prediction_truth","DGM oracle",,44,1
"study2","logistic_q4","appendix_misspecification","prediction_truth","DGM oracle",,45,1
"study2","logistic_q4","appendix_misspecification","prediction_truth","DGM oracle",,46,1
"study2","logistic_q4","appendix_misspecification","prediction_truth","DGM oracle",,47,1
"study2","logistic_q4","appendix_misspecification","prediction_truth","DGM oracle",,48,1
"study2","logistic_q4","appendix_misspecification","prediction_truth","DGM oracle",,49,1
"study2","logistic_q4","appendix_misspecification","prediction_truth","DGM oracle",,50,1
"study2","logistic_q4","appendix_misspecification","published_fit","UC-GP",,1,1
"study2","logistic_q4","appendix_misspecification","published_fit","UC-GP",,2,1
"study2","logistic_q4","appendix_misspecification","published_fit","UC-GP",,3,1
"study2","logistic_q4","appendix_misspecification","published_fit","UC-GP",,4,1
"study2","logistic_q4","appendix_misspecification","published_fit","UC-GP",,5,1
"study2","logistic_q4","appendix_misspecification","published_fit","UC-GP",,6,1
"study2","logistic_q4","appendix_misspecification","published_fit","UC-GP",,7,1
"study2","logistic_q4","appendix_misspecification","published_fit","UC-GP",,8,1
"study2","logistic_q4","appendix_misspecification","published_fit","UC-GP",,9,1
"study2","logistic_q4","appendix_misspecification","published_fit","UC-GP",,10,1
"study2","logistic_q4","appendix_misspecification","published_fit","UC-GP",,11,1
"study2","logistic_q4","appendix_misspecification","published_fit","UC-GP",,12,1
"study2","logistic_q4","appendix_misspecification","published_fit","UC-GP",,13,1
"study2","logistic_q4","appendix_misspecification","published_fit","UC-GP",,14,1
"study2","logistic_q4","appendix_misspecification","published_fit","UC-GP",,15,1
"study2","logistic_q4","appendix_misspecification","published_fit","UC-GP",,16,1
"study2","logistic_q4","appendix_misspecification","published_fit","UC-GP",,17,1
"study2","logistic_q4","appendix_misspecification","published_fit","UC-GP",,18,1
"study2","logistic_q4","appendix_misspecification","published_fit","UC-GP",,19,1
"study2","logistic_q4","appendix_misspecification","published_fit","UC-GP",,20,1
"study2","logistic_q4","appendix_misspecification","published_fit","UC-GP",,21,1
"study2","logistic_q4","appendix_misspecification","published_fit","UC-GP",,22,1
"study2","logistic_q4","appendix_misspecification","published_fit","UC-GP",,23,1
"study2","logistic_q4","appendix_misspecification","published_fit","UC-GP",,24,1
"study2","logistic_q4","appendix_misspecification","published_fit","UC-GP",,25,1
"study2","logistic_q4","appendix_misspecification","published_fit","UC-GP",,26,1
"study2","logistic_q4","appendix_misspecification","published_fit","UC-GP",,27,1
"study2","logistic_q4","appendix_misspecification","published_fit","UC-GP",,28,1
"study2","logistic_q4","appendix_misspecification","published_fit","UC-GP",,29,1
"study2","logistic_q4","appendix_misspecification","published_fit","UC-GP",,30,1
"study2","logistic_q4","appendix_misspecification","published_fit","UC-GP",,31,1
"study2","logistic_q4","appendix_misspecification","published_fit","UC-GP",,32,1
"study2","logistic_q4","appendix_misspecification","published_fit","UC-GP",,33,1
"study2","logistic_q4","appendix_misspecification","published_fit","UC-GP",,34,1
"study2","logistic_q4","appendix_misspecification","published_fit","UC-GP",,35,1
"study2","logistic_q4","appendix_misspecification","published_fit","UC-GP",,36,1
"study2","logistic_q4","appendix_misspecification","published_fit","UC-GP",,37,1
"study2","logistic_q4","appendix_misspecification","published_fit","UC-GP",,38,1
"study2","logistic_q4","appendix_misspecification","published_fit","UC-GP",,39,1
"study2","logistic_q4","appendix_misspecification","published_fit","UC-GP",,40,1
"study2","logistic_q4","appendix_misspecification","published_fit","UC-GP",,41,1
"study2","logistic_q4","appendix_misspecification","published_fit","UC-GP",,42,1
"study2","logistic_q4","appendix_misspecification","published_fit","UC-GP",,43,1
"study2","logistic_q4","appendix_misspecification","published_fit","UC-GP",,44,1
"study2","logistic_q4","appendix_misspecification","published_fit","UC-GP",,45,1
"study2","logistic_q4","appendix_misspecification","published_fit","UC-GP",,46,1
"study2","logistic_q4","appendix_misspecification","published_fit","UC-GP",,47,1
"study2","logistic_q4","appendix_misspecification","published_fit","UC-GP",,48,1
"study2","logistic_q4","appendix_misspecification","published_fit","UC-GP",,49,1
"study2","logistic_q4","appendix_misspecification","published_fit","UC-GP",,50,1
"study2","logistic_q4","appendix_misspecification","published_fit","LVGP",,1,1
"study2","logistic_q4","appendix_misspecification","published_fit","LVGP",,2,1
"study2","logistic_q4","appendix_misspecification","published_fit","LVGP",,3,1
"study2","logistic_q4","appendix_misspecification","published_fit","LVGP",,4,1
"study2","logistic_q4","appendix_misspecification","published_fit","LVGP",,5,1
"study2","logistic_q4","appendix_misspecification","published_fit","LVGP",,6,1
"study2","logistic_q4","appendix_misspecification","published_fit","LVGP",,7,1
"study2","logistic_q4","appendix_misspecification","published_fit","LVGP",,8,1
"study2","logistic_q4","appendix_misspecification","published_fit","LVGP",,9,1
"study2","logistic_q4","appendix_misspecification","published_fit","LVGP",,10,1
"study2","logistic_q4","appendix_misspecification","published_fit","LVGP",,11,1
"study2","logistic_q4","appendix_misspecification","published_fit","LVGP",,12,1
"study2","logistic_q4","appendix_misspecification","published_fit","LVGP",,13,1
"study2","logistic_q4","appendix_misspecification","published_fit","LVGP",,14,1
"study2","logistic_q4","appendix_misspecification","published_fit","LVGP",,15,1
"study2","logistic_q4","appendix_misspecification","published_fit","LVGP",,16,1
"study2","logistic_q4","appendix_misspecification","published_fit","LVGP",,17,1
"study2","logistic_q4","appendix_misspecification","published_fit","LVGP",,18,1
"study2","logistic_q4","appendix_misspecification","published_fit","LVGP",,19,1
"study2","logistic_q4","appendix_misspecification","published_fit","LVGP",,20,1
"study2","logistic_q4","appendix_misspecification","published_fit","LVGP",,21,1
"study2","logistic_q4","appendix_misspecification","published_fit","LVGP",,22,1
"study2","logistic_q4","appendix_misspecification","published_fit","LVGP",,23,1
"study2","logistic_q4","appendix_misspecification","published_fit","LVGP",,24,1
"study2","logistic_q4","appendix_misspecification","published_fit","LVGP",,25,1
"study2","logistic_q4","appendix_misspecification","published_fit","LVGP",,26,1
"study2","logistic_q4","appendix_misspecification","published_fit","LVGP",,27,1
"study2","logistic_q4","appendix_misspecification","published_fit","LVGP",,28,1
"study2","logistic_q4","appendix_misspecification","published_fit","LVGP",,29,1
"study2","logistic_q4","appendix_misspecification","published_fit","LVGP",,30,1
"study2","logistic_q4","appendix_misspecification","published_fit","LVGP",,31,1
"study2","logistic_q4","appendix_misspecification","published_fit","LVGP",,32,1
"study2","logistic_q4","appendix_misspecification","published_fit","LVGP",,33,1
"study2","logistic_q4","appendix_misspecification","published_fit","LVGP",,34,1
"study2","logistic_q4","appendix_misspecification","published_fit","LVGP",,35,1
"study2","logistic_q4","appendix_misspecification","published_fit","LVGP",,36,1
"study2","logistic_q4","appendix_misspecification","published_fit","LVGP",,37,1
"study2","logistic_q4","appendix_misspecification","published_fit","LVGP",,38,1
"study2","logistic_q4","appendix_misspecification","published_fit","LVGP",,39,1
"study2","logistic_q4","appendix_misspecification","published_fit","LVGP",,40,1
"study2","logistic_q4","appendix_misspecification","published_fit","LVGP",,41,1
"study2","logistic_q4","appendix_misspecification","published_fit","LVGP",,42,1
"study2","logistic_q4","appendix_misspecification","published_fit","LVGP",,43,1
"study2","logistic_q4","appendix_misspecification","published_fit","LVGP",,44,1
"study2","logistic_q4","appendix_misspecification","published_fit","LVGP",,45,1
"study2","logistic_q4","appendix_misspecification","published_fit","LVGP",,46,1
"study2","logistic_q4","appendix_misspecification","published_fit","LVGP",,47,1
"study2","logistic_q4","appendix_misspecification","published_fit","LVGP",,48,1
"study2","logistic_q4","appendix_misspecification","published_fit","LVGP",,49,1
"study2","logistic_q4","appendix_misspecification","published_fit","LVGP",,50,1
"study2","logistic_q4","appendix_misspecification","published_fit","EzGP",,1,1
"study2","logistic_q4","appendix_misspecification","published_fit","EzGP",,2,1
"study2","logistic_q4","appendix_misspecification","published_fit","EzGP",,3,1
"study2","logistic_q4","appendix_misspecification","published_fit","EzGP",,4,1
"study2","logistic_q4","appendix_misspecification","published_fit","EzGP",,5,1
"study2","logistic_q4","appendix_misspecification","published_fit","EzGP",,6,1
"study2","logistic_q4","appendix_misspecification","published_fit","EzGP",,7,1
"study2","logistic_q4","appendix_misspecification","published_fit","EzGP",,8,1
"study2","logistic_q4","appendix_misspecification","published_fit","EzGP",,9,1
"study2","logistic_q4","appendix_misspecification","published_fit","EzGP",,10,1
"study2","logistic_q4","appendix_misspecification","published_fit","EzGP",,11,1
"study2","logistic_q4","appendix_misspecification","published_fit","EzGP",,12,1
"study2","logistic_q4","appendix_misspecification","published_fit","EzGP",,13,1
"study2","logistic_q4","appendix_misspecification","published_fit","EzGP",,14,1
"study2","logistic_q4","appendix_misspecification","published_fit","EzGP",,15,1
"study2","logistic_q4","appendix_misspecification","published_fit","EzGP",,16,1
"study2","logistic_q4","appendix_misspecification","published_fit","EzGP",,17,1
"study2","logistic_q4","appendix_misspecification","published_fit","EzGP",,18,1
"study2","logistic_q4","appendix_misspecification","published_fit","EzGP",,19,1
"study2","logistic_q4","appendix_misspecification","published_fit","EzGP",,20,1
"study2","logistic_q4","appendix_misspecification","published_fit","EzGP",,21,1
"study2","logistic_q4","appendix_misspecification","published_fit","EzGP",,22,1
"study2","logistic_q4","appendix_misspecification","published_fit","EzGP",,23,1
"study2","logistic_q4","appendix_misspecification","published_fit","EzGP",,24,1
"study2","logistic_q4","appendix_misspecification","published_fit","EzGP",,25,1
"study2","logistic_q4","appendix_misspecification","published_fit","EzGP",,26,1
"study2","logistic_q4","appendix_misspecification","published_fit","EzGP",,27,1
"study2","logistic_q4","appendix_misspecification","published_fit","EzGP",,28,1
"study2","logistic_q4","appendix_misspecification","published_fit","EzGP",,29,1
"study2","logistic_q4","appendix_misspecification","published_fit","EzGP",,30,1
"study2","logistic_q4","appendix_misspecification","published_fit","EzGP",,31,1
"study2","logistic_q4","appendix_misspecification","published_fit","EzGP",,32,1
"study2","logistic_q4","appendix_misspecification","published_fit","EzGP",,33,1
"study2","logistic_q4","appendix_misspecification","published_fit","EzGP",,34,1
"study2","logistic_q4","appendix_misspecification","published_fit","EzGP",,35,1
"study2","logistic_q4","appendix_misspecification","published_fit","EzGP",,36,1
"study2","logistic_q4","appendix_misspecification","published_fit","EzGP",,37,1
"study2","logistic_q4","appendix_misspecification","published_fit","EzGP",,38,1
"study2","logistic_q4","appendix_misspecification","published_fit","EzGP",,39,1
"study2","logistic_q4","appendix_misspecification","published_fit","EzGP",,40,1
"study2","logistic_q4","appendix_misspecification","published_fit","EzGP",,41,1
"study2","logistic_q4","appendix_misspecification","published_fit","EzGP",,42,1
"study2","logistic_q4","appendix_misspecification","published_fit","EzGP",,43,1
"study2","logistic_q4","appendix_misspecification","published_fit","EzGP",,44,1
"study2","logistic_q4","appendix_misspecification","published_fit","EzGP",,45,1
"study2","logistic_q4","appendix_misspecification","published_fit","EzGP",,46,1
"study2","logistic_q4","appendix_misspecification","published_fit","EzGP",,47,1
"study2","logistic_q4","appendix_misspecification","published_fit","EzGP",,48,1
"study2","logistic_q4","appendix_misspecification","published_fit","EzGP",,49,1
"study2","logistic_q4","appendix_misspecification","published_fit","EzGP",,50,1
"study2","logistic_q4","appendix_misspecification","eiv_fit","EIV-GP",12,1,1
"study2","logistic_q4","appendix_misspecification","eiv_fit","EIV-GP",12,2,1
"study2","logistic_q4","appendix_misspecification","eiv_fit","EIV-GP",12,3,1
"study2","logistic_q4","appendix_misspecification","eiv_fit","EIV-GP",12,4,1
"study2","logistic_q4","appendix_misspecification","eiv_fit","EIV-GP",12,5,1
"study2","logistic_q4","appendix_misspecification","eiv_fit","EIV-GP",12,6,1
"study2","logistic_q4","appendix_misspecification","eiv_fit","EIV-GP",12,7,1
"study2","logistic_q4","appendix_misspecification","eiv_fit","EIV-GP",12,8,1
"study2","logistic_q4","appendix_misspecification","eiv_fit","EIV-GP",12,9,1
"study2","logistic_q4","appendix_misspecification","eiv_fit","EIV-GP",12,10,1
"study2","logistic_q4","appendix_misspecification","eiv_fit","EIV-GP",12,11,1
"study2","logistic_q4","appendix_misspecification","eiv_fit","EIV-GP",12,12,1
"study2","logistic_q4","appendix_misspecification","eiv_fit","EIV-GP",12,13,1
"study2","logistic_q4","appendix_misspecification","eiv_fit","EIV-GP",12,14,1
"study2","logistic_q4","appendix_misspecification","eiv_fit","EIV-GP",12,15,1
"study2","logistic_q4","appendix_misspecification","eiv_fit","EIV-GP",12,16,1
"study2","logistic_q4","appendix_misspecification","eiv_fit","EIV-GP",12,17,1
"study2","logistic_q4","appendix_misspecification","eiv_fit","EIV-GP",12,18,1
"study2","logistic_q4","appendix_misspecification","eiv_fit","EIV-GP",12,19,1
"study2","logistic_q4","appendix_misspecification","eiv_fit","EIV-GP",12,20,1
"study2","logistic_q4","appendix_misspecification","eiv_fit","EIV-GP",12,21,1
"study2","logistic_q4","appendix_misspecification","eiv_fit","EIV-GP",12,22,1
"study2","logistic_q4","appendix_misspecification","eiv_fit","EIV-GP",12,23,1
"study2","logistic_q4","appendix_misspecification","eiv_fit","EIV-GP",12,24,1
"study2","logistic_q4","appendix_misspecification","eiv_fit","EIV-GP",12,25,1
"study2","logistic_q4","appendix_misspecification","eiv_fit","EIV-GP",12,26,1
"study2","logistic_q4","appendix_misspecification","eiv_fit","EIV-GP",12,27,1
"study2","logistic_q4","appendix_misspecification","eiv_fit","EIV-GP",12,28,1
"study2","logistic_q4","appendix_misspecification","eiv_fit","EIV-GP",12,29,1
"study2","logistic_q4","appendix_misspecification","eiv_fit","EIV-GP",12,30,1
"study2","logistic_q4","appendix_misspecification","eiv_fit","EIV-GP",12,31,1
"study2","logistic_q4","appendix_misspecification","eiv_fit","EIV-GP",12,32,1
"study2","logistic_q4","appendix_misspecification","eiv_fit","EIV-GP",12,33,1
"study2","logistic_q4","appendix_misspecification","eiv_fit","EIV-GP",12,34,1
"study2","logistic_q4","appendix_misspecification","eiv_fit","EIV-GP",12,35,1
"study2","logistic_q4","appendix_misspecification","eiv_fit","EIV-GP",12,36,1
"study2","logistic_q4","appendix_misspecification","eiv_fit","EIV-GP",12,37,1
"study2","logistic_q4","appendix_misspecification","eiv_fit","EIV-GP",12,38,1
"study2","logistic_q4","appendix_misspecification","eiv_fit","EIV-GP",12,39,1
"study2","logistic_q4","appendix_misspecification","eiv_fit","EIV-GP",12,40,1
"study2","logistic_q4","appendix_misspecification","eiv_fit","EIV-GP",12,41,1
"study2","logistic_q4","appendix_misspecification","eiv_fit","EIV-GP",12,42,1
"study2","logistic_q4","appendix_misspecification","eiv_fit","EIV-GP",12,43,1
"study2","logistic_q4","appendix_misspecification","eiv_fit","EIV-GP",12,44,1
"study2","logistic_q4","appendix_misspecification","eiv_fit","EIV-GP",12,45,1
"study2","logistic_q4","appendix_misspecification","eiv_fit","EIV-GP",12,46,1
"study2","logistic_q4","appendix_misspecification","eiv_fit","EIV-GP",12,47,1
"study2","logistic_q4","appendix_misspecification","eiv_fit","EIV-GP",12,48,1
"study2","logistic_q4","appendix_misspecification","eiv_fit","EIV-GP",12,49,1
"study2","logistic_q4","appendix_misspecification","eiv_fit","EIV-GP",12,50,1
"study2","primary_q6","appendix_sparse_pattern_stress","frozen_data","DGM",,1,1
"study2","primary_q6","appendix_sparse_pattern_stress","frozen_data","DGM",,2,1
"study2","primary_q6","appendix_sparse_pattern_stress","frozen_data","DGM",,3,1
"study2","primary_q6","appendix_sparse_pattern_stress","frozen_data","DGM",,4,1
"study2","primary_q6","appendix_sparse_pattern_stress","frozen_data","DGM",,5,1
"study2","primary_q6","appendix_sparse_pattern_stress","frozen_data","DGM",,6,1
"study2","primary_q6","appendix_sparse_pattern_stress","frozen_data","DGM",,7,1
"study2","primary_q6","appendix_sparse_pattern_stress","frozen_data","DGM",,8,1
"study2","primary_q6","appendix_sparse_pattern_stress","frozen_data","DGM",,9,1
"study2","primary_q6","appendix_sparse_pattern_stress","frozen_data","DGM",,10,1
"study2","primary_q6","appendix_sparse_pattern_stress","frozen_data","DGM",,11,1
"study2","primary_q6","appendix_sparse_pattern_stress","frozen_data","DGM",,12,1
"study2","primary_q6","appendix_sparse_pattern_stress","frozen_data","DGM",,13,1
"study2","primary_q6","appendix_sparse_pattern_stress","frozen_data","DGM",,14,1
"study2","primary_q6","appendix_sparse_pattern_stress","frozen_data","DGM",,15,1
"study2","primary_q6","appendix_sparse_pattern_stress","frozen_data","DGM",,16,1
"study2","primary_q6","appendix_sparse_pattern_stress","frozen_data","DGM",,17,1
"study2","primary_q6","appendix_sparse_pattern_stress","frozen_data","DGM",,18,1
"study2","primary_q6","appendix_sparse_pattern_stress","frozen_data","DGM",,19,1
"study2","primary_q6","appendix_sparse_pattern_stress","frozen_data","DGM",,20,1
"study2","primary_q6","appendix_sparse_pattern_stress","frozen_data","DGM",,21,1
"study2","primary_q6","appendix_sparse_pattern_stress","frozen_data","DGM",,22,1
"study2","primary_q6","appendix_sparse_pattern_stress","frozen_data","DGM",,23,1
"study2","primary_q6","appendix_sparse_pattern_stress","frozen_data","DGM",,24,1
"study2","primary_q6","appendix_sparse_pattern_stress","frozen_data","DGM",,25,1
"study2","primary_q6","appendix_sparse_pattern_stress","frozen_data","DGM",,26,1
"study2","primary_q6","appendix_sparse_pattern_stress","frozen_data","DGM",,27,1
"study2","primary_q6","appendix_sparse_pattern_stress","frozen_data","DGM",,28,1
"study2","primary_q6","appendix_sparse_pattern_stress","frozen_data","DGM",,29,1
"study2","primary_q6","appendix_sparse_pattern_stress","frozen_data","DGM",,30,1
"study2","primary_q6","appendix_sparse_pattern_stress","frozen_data","DGM",,31,1
"study2","primary_q6","appendix_sparse_pattern_stress","frozen_data","DGM",,32,1
"study2","primary_q6","appendix_sparse_pattern_stress","frozen_data","DGM",,33,1
"study2","primary_q6","appendix_sparse_pattern_stress","frozen_data","DGM",,34,1
"study2","primary_q6","appendix_sparse_pattern_stress","frozen_data","DGM",,35,1
"study2","primary_q6","appendix_sparse_pattern_stress","frozen_data","DGM",,36,1
"study2","primary_q6","appendix_sparse_pattern_stress","frozen_data","DGM",,37,1
"study2","primary_q6","appendix_sparse_pattern_stress","frozen_data","DGM",,38,1
"study2","primary_q6","appendix_sparse_pattern_stress","frozen_data","DGM",,39,1
"study2","primary_q6","appendix_sparse_pattern_stress","frozen_data","DGM",,40,1
"study2","primary_q6","appendix_sparse_pattern_stress","frozen_data","DGM",,41,1
"study2","primary_q6","appendix_sparse_pattern_stress","frozen_data","DGM",,42,1
"study2","primary_q6","appendix_sparse_pattern_stress","frozen_data","DGM",,43,1
"study2","primary_q6","appendix_sparse_pattern_stress","frozen_data","DGM",,44,1
"study2","primary_q6","appendix_sparse_pattern_stress","frozen_data","DGM",,45,1
"study2","primary_q6","appendix_sparse_pattern_stress","frozen_data","DGM",,46,1
"study2","primary_q6","appendix_sparse_pattern_stress","frozen_data","DGM",,47,1
"study2","primary_q6","appendix_sparse_pattern_stress","frozen_data","DGM",,48,1
"study2","primary_q6","appendix_sparse_pattern_stress","frozen_data","DGM",,49,1
"study2","primary_q6","appendix_sparse_pattern_stress","frozen_data","DGM",,50,1
"study2","primary_q6","appendix_sparse_pattern_stress","prediction_truth","DGM oracle",,1,1
"study2","primary_q6","appendix_sparse_pattern_stress","prediction_truth","DGM oracle",,2,1
"study2","primary_q6","appendix_sparse_pattern_stress","prediction_truth","DGM oracle",,3,1
"study2","primary_q6","appendix_sparse_pattern_stress","prediction_truth","DGM oracle",,4,1
"study2","primary_q6","appendix_sparse_pattern_stress","prediction_truth","DGM oracle",,5,1
"study2","primary_q6","appendix_sparse_pattern_stress","prediction_truth","DGM oracle",,6,1
"study2","primary_q6","appendix_sparse_pattern_stress","prediction_truth","DGM oracle",,7,1
"study2","primary_q6","appendix_sparse_pattern_stress","prediction_truth","DGM oracle",,8,1
"study2","primary_q6","appendix_sparse_pattern_stress","prediction_truth","DGM oracle",,9,1
"study2","primary_q6","appendix_sparse_pattern_stress","prediction_truth","DGM oracle",,10,1
"study2","primary_q6","appendix_sparse_pattern_stress","prediction_truth","DGM oracle",,11,1
"study2","primary_q6","appendix_sparse_pattern_stress","prediction_truth","DGM oracle",,12,1
"study2","primary_q6","appendix_sparse_pattern_stress","prediction_truth","DGM oracle",,13,1
"study2","primary_q6","appendix_sparse_pattern_stress","prediction_truth","DGM oracle",,14,1
"study2","primary_q6","appendix_sparse_pattern_stress","prediction_truth","DGM oracle",,15,1
"study2","primary_q6","appendix_sparse_pattern_stress","prediction_truth","DGM oracle",,16,1
"study2","primary_q6","appendix_sparse_pattern_stress","prediction_truth","DGM oracle",,17,1
"study2","primary_q6","appendix_sparse_pattern_stress","prediction_truth","DGM oracle",,18,1
"study2","primary_q6","appendix_sparse_pattern_stress","prediction_truth","DGM oracle",,19,1
"study2","primary_q6","appendix_sparse_pattern_stress","prediction_truth","DGM oracle",,20,1
"study2","primary_q6","appendix_sparse_pattern_stress","prediction_truth","DGM oracle",,21,1
"study2","primary_q6","appendix_sparse_pattern_stress","prediction_truth","DGM oracle",,22,1
"study2","primary_q6","appendix_sparse_pattern_stress","prediction_truth","DGM oracle",,23,1
"study2","primary_q6","appendix_sparse_pattern_stress","prediction_truth","DGM oracle",,24,1
"study2","primary_q6","appendix_sparse_pattern_stress","prediction_truth","DGM oracle",,25,1
"study2","primary_q6","appendix_sparse_pattern_stress","prediction_truth","DGM oracle",,26,1
"study2","primary_q6","appendix_sparse_pattern_stress","prediction_truth","DGM oracle",,27,1
"study2","primary_q6","appendix_sparse_pattern_stress","prediction_truth","DGM oracle",,28,1
"study2","primary_q6","appendix_sparse_pattern_stress","prediction_truth","DGM oracle",,29,1
"study2","primary_q6","appendix_sparse_pattern_stress","prediction_truth","DGM oracle",,30,1
"study2","primary_q6","appendix_sparse_pattern_stress","prediction_truth","DGM oracle",,31,1
"study2","primary_q6","appendix_sparse_pattern_stress","prediction_truth","DGM oracle",,32,1
"study2","primary_q6","appendix_sparse_pattern_stress","prediction_truth","DGM oracle",,33,1
"study2","primary_q6","appendix_sparse_pattern_stress","prediction_truth","DGM oracle",,34,1
"study2","primary_q6","appendix_sparse_pattern_stress","prediction_truth","DGM oracle",,35,1
"study2","primary_q6","appendix_sparse_pattern_stress","prediction_truth","DGM oracle",,36,1
"study2","primary_q6","appendix_sparse_pattern_stress","prediction_truth","DGM oracle",,37,1
"study2","primary_q6","appendix_sparse_pattern_stress","prediction_truth","DGM oracle",,38,1
"study2","primary_q6","appendix_sparse_pattern_stress","prediction_truth","DGM oracle",,39,1
"study2","primary_q6","appendix_sparse_pattern_stress","prediction_truth","DGM oracle",,40,1
"study2","primary_q6","appendix_sparse_pattern_stress","prediction_truth","DGM oracle",,41,1
"study2","primary_q6","appendix_sparse_pattern_stress","prediction_truth","DGM oracle",,42,1
"study2","primary_q6","appendix_sparse_pattern_stress","prediction_truth","DGM oracle",,43,1
"study2","primary_q6","appendix_sparse_pattern_stress","prediction_truth","DGM oracle",,44,1
"study2","primary_q6","appendix_sparse_pattern_stress","prediction_truth","DGM oracle",,45,1
"study2","primary_q6","appendix_sparse_pattern_stress","prediction_truth","DGM oracle",,46,1
"study2","primary_q6","appendix_sparse_pattern_stress","prediction_truth","DGM oracle",,47,1
"study2","primary_q6","appendix_sparse_pattern_stress","prediction_truth","DGM oracle",,48,1
"study2","primary_q6","appendix_sparse_pattern_stress","prediction_truth","DGM oracle",,49,1
"study2","primary_q6","appendix_sparse_pattern_stress","prediction_truth","DGM oracle",,50,1
"study2","primary_q6","appendix_sparse_pattern_stress","published_fit","UC-GP",,1,1
"study2","primary_q6","appendix_sparse_pattern_stress","published_fit","UC-GP",,2,1
"study2","primary_q6","appendix_sparse_pattern_stress","published_fit","UC-GP",,3,1
"study2","primary_q6","appendix_sparse_pattern_stress","published_fit","UC-GP",,4,1
"study2","primary_q6","appendix_sparse_pattern_stress","published_fit","UC-GP",,5,1
"study2","primary_q6","appendix_sparse_pattern_stress","published_fit","UC-GP",,6,1
"study2","primary_q6","appendix_sparse_pattern_stress","published_fit","UC-GP",,7,1
"study2","primary_q6","appendix_sparse_pattern_stress","published_fit","UC-GP",,8,1
"study2","primary_q6","appendix_sparse_pattern_stress","published_fit","UC-GP",,9,1
"study2","primary_q6","appendix_sparse_pattern_stress","published_fit","UC-GP",,10,1
"study2","primary_q6","appendix_sparse_pattern_stress","published_fit","UC-GP",,11,1
"study2","primary_q6","appendix_sparse_pattern_stress","published_fit","UC-GP",,12,1
"study2","primary_q6","appendix_sparse_pattern_stress","published_fit","UC-GP",,13,1
"study2","primary_q6","appendix_sparse_pattern_stress","published_fit","UC-GP",,14,1
"study2","primary_q6","appendix_sparse_pattern_stress","published_fit","UC-GP",,15,1
"study2","primary_q6","appendix_sparse_pattern_stress","published_fit","UC-GP",,16,1
"study2","primary_q6","appendix_sparse_pattern_stress","published_fit","UC-GP",,17,1
"study2","primary_q6","appendix_sparse_pattern_stress","published_fit","UC-GP",,18,1
"study2","primary_q6","appendix_sparse_pattern_stress","published_fit","UC-GP",,19,1
"study2","primary_q6","appendix_sparse_pattern_stress","published_fit","UC-GP",,20,1
"study2","primary_q6","appendix_sparse_pattern_stress","published_fit","UC-GP",,21,1
"study2","primary_q6","appendix_sparse_pattern_stress","published_fit","UC-GP",,22,1
"study2","primary_q6","appendix_sparse_pattern_stress","published_fit","UC-GP",,23,1
"study2","primary_q6","appendix_sparse_pattern_stress","published_fit","UC-GP",,24,1
"study2","primary_q6","appendix_sparse_pattern_stress","published_fit","UC-GP",,25,1
"study2","primary_q6","appendix_sparse_pattern_stress","published_fit","UC-GP",,26,1
"study2","primary_q6","appendix_sparse_pattern_stress","published_fit","UC-GP",,27,1
"study2","primary_q6","appendix_sparse_pattern_stress","published_fit","UC-GP",,28,1
"study2","primary_q6","appendix_sparse_pattern_stress","published_fit","UC-GP",,29,1
"study2","primary_q6","appendix_sparse_pattern_stress","published_fit","UC-GP",,30,1
"study2","primary_q6","appendix_sparse_pattern_stress","published_fit","UC-GP",,31,1
"study2","primary_q6","appendix_sparse_pattern_stress","published_fit","UC-GP",,32,1
"study2","primary_q6","appendix_sparse_pattern_stress","published_fit","UC-GP",,33,1
"study2","primary_q6","appendix_sparse_pattern_stress","published_fit","UC-GP",,34,1
"study2","primary_q6","appendix_sparse_pattern_stress","published_fit","UC-GP",,35,1
"study2","primary_q6","appendix_sparse_pattern_stress","published_fit","UC-GP",,36,1
"study2","primary_q6","appendix_sparse_pattern_stress","published_fit","UC-GP",,37,1
"study2","primary_q6","appendix_sparse_pattern_stress","published_fit","UC-GP",,38,1
"study2","primary_q6","appendix_sparse_pattern_stress","published_fit","UC-GP",,39,1
"study2","primary_q6","appendix_sparse_pattern_stress","published_fit","UC-GP",,40,1
"study2","primary_q6","appendix_sparse_pattern_stress","published_fit","UC-GP",,41,1
"study2","primary_q6","appendix_sparse_pattern_stress","published_fit","UC-GP",,42,1
"study2","primary_q6","appendix_sparse_pattern_stress","published_fit","UC-GP",,43,1
"study2","primary_q6","appendix_sparse_pattern_stress","published_fit","UC-GP",,44,1
"study2","primary_q6","appendix_sparse_pattern_stress","published_fit","UC-GP",,45,1
"study2","primary_q6","appendix_sparse_pattern_stress","published_fit","UC-GP",,46,1
"study2","primary_q6","appendix_sparse_pattern_stress","published_fit","UC-GP",,47,1
"study2","primary_q6","appendix_sparse_pattern_stress","published_fit","UC-GP",,48,1
"study2","primary_q6","appendix_sparse_pattern_stress","published_fit","UC-GP",,49,1
"study2","primary_q6","appendix_sparse_pattern_stress","published_fit","UC-GP",,50,1
"study2","primary_q6","appendix_sparse_pattern_stress","published_fit","LVGP",,1,1
"study2","primary_q6","appendix_sparse_pattern_stress","published_fit","LVGP",,2,1
"study2","primary_q6","appendix_sparse_pattern_stress","published_fit","LVGP",,3,1
"study2","primary_q6","appendix_sparse_pattern_stress","published_fit","LVGP",,4,1
"study2","primary_q6","appendix_sparse_pattern_stress","published_fit","LVGP",,5,1
"study2","primary_q6","appendix_sparse_pattern_stress","published_fit","LVGP",,6,1
"study2","primary_q6","appendix_sparse_pattern_stress","published_fit","LVGP",,7,1
"study2","primary_q6","appendix_sparse_pattern_stress","published_fit","LVGP",,8,1
"study2","primary_q6","appendix_sparse_pattern_stress","published_fit","LVGP",,9,1
"study2","primary_q6","appendix_sparse_pattern_stress","published_fit","LVGP",,10,1
"study2","primary_q6","appendix_sparse_pattern_stress","published_fit","LVGP",,11,1
"study2","primary_q6","appendix_sparse_pattern_stress","published_fit","LVGP",,12,1
"study2","primary_q6","appendix_sparse_pattern_stress","published_fit","LVGP",,13,1
"study2","primary_q6","appendix_sparse_pattern_stress","published_fit","LVGP",,14,1
"study2","primary_q6","appendix_sparse_pattern_stress","published_fit","LVGP",,15,1
"study2","primary_q6","appendix_sparse_pattern_stress","published_fit","LVGP",,16,1
"study2","primary_q6","appendix_sparse_pattern_stress","published_fit","LVGP",,17,1
"study2","primary_q6","appendix_sparse_pattern_stress","published_fit","LVGP",,18,1
"study2","primary_q6","appendix_sparse_pattern_stress","published_fit","LVGP",,19,1
"study2","primary_q6","appendix_sparse_pattern_stress","published_fit","LVGP",,20,1
"study2","primary_q6","appendix_sparse_pattern_stress","published_fit","LVGP",,21,1
"study2","primary_q6","appendix_sparse_pattern_stress","published_fit","LVGP",,22,1
"study2","primary_q6","appendix_sparse_pattern_stress","published_fit","LVGP",,23,1
"study2","primary_q6","appendix_sparse_pattern_stress","published_fit","LVGP",,24,1
"study2","primary_q6","appendix_sparse_pattern_stress","published_fit","LVGP",,25,1
"study2","primary_q6","appendix_sparse_pattern_stress","published_fit","LVGP",,26,1
"study2","primary_q6","appendix_sparse_pattern_stress","published_fit","LVGP",,27,1
"study2","primary_q6","appendix_sparse_pattern_stress","published_fit","LVGP",,28,1
"study2","primary_q6","appendix_sparse_pattern_stress","published_fit","LVGP",,29,1
"study2","primary_q6","appendix_sparse_pattern_stress","published_fit","LVGP",,30,1
"study2","primary_q6","appendix_sparse_pattern_stress","published_fit","LVGP",,31,1
"study2","primary_q6","appendix_sparse_pattern_stress","published_fit","LVGP",,32,1
"study2","primary_q6","appendix_sparse_pattern_stress","published_fit","LVGP",,33,1
"study2","primary_q6","appendix_sparse_pattern_stress","published_fit","LVGP",,34,1
"study2","primary_q6","appendix_sparse_pattern_stress","published_fit","LVGP",,35,1
"study2","primary_q6","appendix_sparse_pattern_stress","published_fit","LVGP",,36,1
"study2","primary_q6","appendix_sparse_pattern_stress","published_fit","LVGP",,37,1
"study2","primary_q6","appendix_sparse_pattern_stress","published_fit","LVGP",,38,1
"study2","primary_q6","appendix_sparse_pattern_stress","published_fit","LVGP",,39,1
"study2","primary_q6","appendix_sparse_pattern_stress","published_fit","LVGP",,40,1
"study2","primary_q6","appendix_sparse_pattern_stress","published_fit","LVGP",,41,1
"study2","primary_q6","appendix_sparse_pattern_stress","published_fit","LVGP",,42,1
"study2","primary_q6","appendix_sparse_pattern_stress","published_fit","LVGP",,43,1
"study2","primary_q6","appendix_sparse_pattern_stress","published_fit","LVGP",,44,1
"study2","primary_q6","appendix_sparse_pattern_stress","published_fit","LVGP",,45,1
"study2","primary_q6","appendix_sparse_pattern_stress","published_fit","LVGP",,46,1
"study2","primary_q6","appendix_sparse_pattern_stress","published_fit","LVGP",,47,1
"study2","primary_q6","appendix_sparse_pattern_stress","published_fit","LVGP",,48,1
"study2","primary_q6","appendix_sparse_pattern_stress","published_fit","LVGP",,49,1
"study2","primary_q6","appendix_sparse_pattern_stress","published_fit","LVGP",,50,1
"study2","primary_q6","appendix_sparse_pattern_stress","published_fit","EzGP",,1,1
"study2","primary_q6","appendix_sparse_pattern_stress","published_fit","EzGP",,2,1
"study2","primary_q6","appendix_sparse_pattern_stress","published_fit","EzGP",,3,1
"study2","primary_q6","appendix_sparse_pattern_stress","published_fit","EzGP",,4,1
"study2","primary_q6","appendix_sparse_pattern_stress","published_fit","EzGP",,5,1
"study2","primary_q6","appendix_sparse_pattern_stress","published_fit","EzGP",,6,1
"study2","primary_q6","appendix_sparse_pattern_stress","published_fit","EzGP",,7,1
"study2","primary_q6","appendix_sparse_pattern_stress","published_fit","EzGP",,8,1
"study2","primary_q6","appendix_sparse_pattern_stress","published_fit","EzGP",,9,1
"study2","primary_q6","appendix_sparse_pattern_stress","published_fit","EzGP",,10,1
"study2","primary_q6","appendix_sparse_pattern_stress","published_fit","EzGP",,11,1
"study2","primary_q6","appendix_sparse_pattern_stress","published_fit","EzGP",,12,1
"study2","primary_q6","appendix_sparse_pattern_stress","published_fit","EzGP",,13,1
"study2","primary_q6","appendix_sparse_pattern_stress","published_fit","EzGP",,14,1
"study2","primary_q6","appendix_sparse_pattern_stress","published_fit","EzGP",,15,1
"study2","primary_q6","appendix_sparse_pattern_stress","published_fit","EzGP",,16,1
"study2","primary_q6","appendix_sparse_pattern_stress","published_fit","EzGP",,17,1
"study2","primary_q6","appendix_sparse_pattern_stress","published_fit","EzGP",,18,1
"study2","primary_q6","appendix_sparse_pattern_stress","published_fit","EzGP",,19,1
"study2","primary_q6","appendix_sparse_pattern_stress","published_fit","EzGP",,20,1
"study2","primary_q6","appendix_sparse_pattern_stress","published_fit","EzGP",,21,1
"study2","primary_q6","appendix_sparse_pattern_stress","published_fit","EzGP",,22,1
"study2","primary_q6","appendix_sparse_pattern_stress","published_fit","EzGP",,23,1
"study2","primary_q6","appendix_sparse_pattern_stress","published_fit","EzGP",,24,1
"study2","primary_q6","appendix_sparse_pattern_stress","published_fit","EzGP",,25,1
"study2","primary_q6","appendix_sparse_pattern_stress","published_fit","EzGP",,26,1
"study2","primary_q6","appendix_sparse_pattern_stress","published_fit","EzGP",,27,1
"study2","primary_q6","appendix_sparse_pattern_stress","published_fit","EzGP",,28,1
"study2","primary_q6","appendix_sparse_pattern_stress","published_fit","EzGP",,29,1
"study2","primary_q6","appendix_sparse_pattern_stress","published_fit","EzGP",,30,1
"study2","primary_q6","appendix_sparse_pattern_stress","published_fit","EzGP",,31,1
"study2","primary_q6","appendix_sparse_pattern_stress","published_fit","EzGP",,32,1
"study2","primary_q6","appendix_sparse_pattern_stress","published_fit","EzGP",,33,1
"study2","primary_q6","appendix_sparse_pattern_stress","published_fit","EzGP",,34,1
"study2","primary_q6","appendix_sparse_pattern_stress","published_fit","EzGP",,35,1
"study2","primary_q6","appendix_sparse_pattern_stress","published_fit","EzGP",,36,1
"study2","primary_q6","appendix_sparse_pattern_stress","published_fit","EzGP",,37,1
"study2","primary_q6","appendix_sparse_pattern_stress","published_fit","EzGP",,38,1
"study2","primary_q6","appendix_sparse_pattern_stress","published_fit","EzGP",,39,1
"study2","primary_q6","appendix_sparse_pattern_stress","published_fit","EzGP",,40,1
"study2","primary_q6","appendix_sparse_pattern_stress","published_fit","EzGP",,41,1
"study2","primary_q6","appendix_sparse_pattern_stress","published_fit","EzGP",,42,1
"study2","primary_q6","appendix_sparse_pattern_stress","published_fit","EzGP",,43,1
"study2","primary_q6","appendix_sparse_pattern_stress","published_fit","EzGP",,44,1
"study2","primary_q6","appendix_sparse_pattern_stress","published_fit","EzGP",,45,1
"study2","primary_q6","appendix_sparse_pattern_stress","published_fit","EzGP",,46,1
"study2","primary_q6","appendix_sparse_pattern_stress","published_fit","EzGP",,47,1
"study2","primary_q6","appendix_sparse_pattern_stress","published_fit","EzGP",,48,1
"study2","primary_q6","appendix_sparse_pattern_stress","published_fit","EzGP",,49,1
"study2","primary_q6","appendix_sparse_pattern_stress","published_fit","EzGP",,50,1
"study2","primary_q6","appendix_sparse_pattern_stress","eiv_fit","EIV-GP",12,1,1
"study2","primary_q6","appendix_sparse_pattern_stress","eiv_fit","EIV-GP",12,2,1
"study2","primary_q6","appendix_sparse_pattern_stress","eiv_fit","EIV-GP",12,3,1
"study2","primary_q6","appendix_sparse_pattern_stress","eiv_fit","EIV-GP",12,4,1
"study2","primary_q6","appendix_sparse_pattern_stress","eiv_fit","EIV-GP",12,5,1
"study2","primary_q6","appendix_sparse_pattern_stress","eiv_fit","EIV-GP",12,6,1
"study2","primary_q6","appendix_sparse_pattern_stress","eiv_fit","EIV-GP",12,7,1
"study2","primary_q6","appendix_sparse_pattern_stress","eiv_fit","EIV-GP",12,8,1
"study2","primary_q6","appendix_sparse_pattern_stress","eiv_fit","EIV-GP",12,9,1
"study2","primary_q6","appendix_sparse_pattern_stress","eiv_fit","EIV-GP",12,10,1
"study2","primary_q6","appendix_sparse_pattern_stress","eiv_fit","EIV-GP",12,11,1
"study2","primary_q6","appendix_sparse_pattern_stress","eiv_fit","EIV-GP",12,12,1
"study2","primary_q6","appendix_sparse_pattern_stress","eiv_fit","EIV-GP",12,13,1
"study2","primary_q6","appendix_sparse_pattern_stress","eiv_fit","EIV-GP",12,14,1
"study2","primary_q6","appendix_sparse_pattern_stress","eiv_fit","EIV-GP",12,15,1
"study2","primary_q6","appendix_sparse_pattern_stress","eiv_fit","EIV-GP",12,16,1
"study2","primary_q6","appendix_sparse_pattern_stress","eiv_fit","EIV-GP",12,17,1
"study2","primary_q6","appendix_sparse_pattern_stress","eiv_fit","EIV-GP",12,18,1
"study2","primary_q6","appendix_sparse_pattern_stress","eiv_fit","EIV-GP",12,19,1
"study2","primary_q6","appendix_sparse_pattern_stress","eiv_fit","EIV-GP",12,20,1
"study2","primary_q6","appendix_sparse_pattern_stress","eiv_fit","EIV-GP",12,21,1
"study2","primary_q6","appendix_sparse_pattern_stress","eiv_fit","EIV-GP",12,22,1
"study2","primary_q6","appendix_sparse_pattern_stress","eiv_fit","EIV-GP",12,23,1
"study2","primary_q6","appendix_sparse_pattern_stress","eiv_fit","EIV-GP",12,24,1
"study2","primary_q6","appendix_sparse_pattern_stress","eiv_fit","EIV-GP",12,25,1
"study2","primary_q6","appendix_sparse_pattern_stress","eiv_fit","EIV-GP",12,26,1
"study2","primary_q6","appendix_sparse_pattern_stress","eiv_fit","EIV-GP",12,27,1
"study2","primary_q6","appendix_sparse_pattern_stress","eiv_fit","EIV-GP",12,28,1
"study2","primary_q6","appendix_sparse_pattern_stress","eiv_fit","EIV-GP",12,29,1
"study2","primary_q6","appendix_sparse_pattern_stress","eiv_fit","EIV-GP",12,30,1
"study2","primary_q6","appendix_sparse_pattern_stress","eiv_fit","EIV-GP",12,31,1
"study2","primary_q6","appendix_sparse_pattern_stress","eiv_fit","EIV-GP",12,32,1
"study2","primary_q6","appendix_sparse_pattern_stress","eiv_fit","EIV-GP",12,33,1
"study2","primary_q6","appendix_sparse_pattern_stress","eiv_fit","EIV-GP",12,34,1
"study2","primary_q6","appendix_sparse_pattern_stress","eiv_fit","EIV-GP",12,35,1
"study2","primary_q6","appendix_sparse_pattern_stress","eiv_fit","EIV-GP",12,36,1
"study2","primary_q6","appendix_sparse_pattern_stress","eiv_fit","EIV-GP",12,37,1
"study2","primary_q6","appendix_sparse_pattern_stress","eiv_fit","EIV-GP",12,38,1
"study2","primary_q6","appendix_sparse_pattern_stress","eiv_fit","EIV-GP",12,39,1
"study2","primary_q6","appendix_sparse_pattern_stress","eiv_fit","EIV-GP",12,40,1
"study2","primary_q6","appendix_sparse_pattern_stress","eiv_fit","EIV-GP",12,41,1
"study2","primary_q6","appendix_sparse_pattern_stress","eiv_fit","EIV-GP",12,42,1
"study2","primary_q6","appendix_sparse_pattern_stress","eiv_fit","EIV-GP",12,43,1
"study2","primary_q6","appendix_sparse_pattern_stress","eiv_fit","EIV-GP",12,44,1
"study2","primary_q6","appendix_sparse_pattern_stress","eiv_fit","EIV-GP",12,45,1
"study2","primary_q6","appendix_sparse_pattern_stress","eiv_fit","EIV-GP",12,46,1
"study2","primary_q6","appendix_sparse_pattern_stress","eiv_fit","EIV-GP",12,47,1
"study2","primary_q6","appendix_sparse_pattern_stress","eiv_fit","EIV-GP",12,48,1
"study2","primary_q6","appendix_sparse_pattern_stress","eiv_fit","EIV-GP",12,49,1
"study2","primary_q6","appendix_sparse_pattern_stress","eiv_fit","EIV-GP",12,50,1
"study2","primary_q6","appendix_sparse_pattern_stress","ablation_fit","RF-OM",12,1,1
"study2","primary_q6","appendix_sparse_pattern_stress","ablation_fit","RF-OM",12,2,1
"study2","primary_q6","appendix_sparse_pattern_stress","ablation_fit","RF-OM",12,3,1
"study2","primary_q6","appendix_sparse_pattern_stress","ablation_fit","RF-OM",12,4,1
"study2","primary_q6","appendix_sparse_pattern_stress","ablation_fit","RF-OM",12,5,1
"study2","primary_q6","appendix_sparse_pattern_stress","ablation_fit","RF-OM",12,6,1
"study2","primary_q6","appendix_sparse_pattern_stress","ablation_fit","RF-OM",12,7,1
"study2","primary_q6","appendix_sparse_pattern_stress","ablation_fit","RF-OM",12,8,1
"study2","primary_q6","appendix_sparse_pattern_stress","ablation_fit","RF-OM",12,9,1
"study2","primary_q6","appendix_sparse_pattern_stress","ablation_fit","RF-OM",12,10,1
"study2","primary_q6","appendix_sparse_pattern_stress","ablation_fit","RF-OM",12,11,1
"study2","primary_q6","appendix_sparse_pattern_stress","ablation_fit","RF-OM",12,12,1
"study2","primary_q6","appendix_sparse_pattern_stress","ablation_fit","RF-OM",12,13,1
"study2","primary_q6","appendix_sparse_pattern_stress","ablation_fit","RF-OM",12,14,1
"study2","primary_q6","appendix_sparse_pattern_stress","ablation_fit","RF-OM",12,15,1
"study2","primary_q6","appendix_sparse_pattern_stress","ablation_fit","RF-OM",12,16,1
"study2","primary_q6","appendix_sparse_pattern_stress","ablation_fit","RF-OM",12,17,1
"study2","primary_q6","appendix_sparse_pattern_stress","ablation_fit","RF-OM",12,18,1
"study2","primary_q6","appendix_sparse_pattern_stress","ablation_fit","RF-OM",12,19,1
"study2","primary_q6","appendix_sparse_pattern_stress","ablation_fit","RF-OM",12,20,1
"study2","primary_q6","appendix_sparse_pattern_stress","ablation_fit","RF-OM",12,21,1
"study2","primary_q6","appendix_sparse_pattern_stress","ablation_fit","RF-OM",12,22,1
"study2","primary_q6","appendix_sparse_pattern_stress","ablation_fit","RF-OM",12,23,1
"study2","primary_q6","appendix_sparse_pattern_stress","ablation_fit","RF-OM",12,24,1
"study2","primary_q6","appendix_sparse_pattern_stress","ablation_fit","RF-OM",12,25,1
"study2","primary_q6","appendix_sparse_pattern_stress","ablation_fit","RF-OM",12,26,1
"study2","primary_q6","appendix_sparse_pattern_stress","ablation_fit","RF-OM",12,27,1
"study2","primary_q6","appendix_sparse_pattern_stress","ablation_fit","RF-OM",12,28,1
"study2","primary_q6","appendix_sparse_pattern_stress","ablation_fit","RF-OM",12,29,1
"study2","primary_q6","appendix_sparse_pattern_stress","ablation_fit","RF-OM",12,30,1
"study2","primary_q6","appendix_sparse_pattern_stress","ablation_fit","RF-OM",12,31,1
"study2","primary_q6","appendix_sparse_pattern_stress","ablation_fit","RF-OM",12,32,1
"study2","primary_q6","appendix_sparse_pattern_stress","ablation_fit","RF-OM",12,33,1
"study2","primary_q6","appendix_sparse_pattern_stress","ablation_fit","RF-OM",12,34,1
"study2","primary_q6","appendix_sparse_pattern_stress","ablation_fit","RF-OM",12,35,1
"study2","primary_q6","appendix_sparse_pattern_stress","ablation_fit","RF-OM",12,36,1
"study2","primary_q6","appendix_sparse_pattern_stress","ablation_fit","RF-OM",12,37,1
"study2","primary_q6","appendix_sparse_pattern_stress","ablation_fit","RF-OM",12,38,1
"study2","primary_q6","appendix_sparse_pattern_stress","ablation_fit","RF-OM",12,39,1
"study2","primary_q6","appendix_sparse_pattern_stress","ablation_fit","RF-OM",12,40,1
"study2","primary_q6","appendix_sparse_pattern_stress","ablation_fit","RF-OM",12,41,1
"study2","primary_q6","appendix_sparse_pattern_stress","ablation_fit","RF-OM",12,42,1
"study2","primary_q6","appendix_sparse_pattern_stress","ablation_fit","RF-OM",12,43,1
"study2","primary_q6","appendix_sparse_pattern_stress","ablation_fit","RF-OM",12,44,1
"study2","primary_q6","appendix_sparse_pattern_stress","ablation_fit","RF-OM",12,45,1
"study2","primary_q6","appendix_sparse_pattern_stress","ablation_fit","RF-OM",12,46,1
"study2","primary_q6","appendix_sparse_pattern_stress","ablation_fit","RF-OM",12,47,1
"study2","primary_q6","appendix_sparse_pattern_stress","ablation_fit","RF-OM",12,48,1
"study2","primary_q6","appendix_sparse_pattern_stress","ablation_fit","RF-OM",12,49,1
"study2","primary_q6","appendix_sparse_pattern_stress","ablation_fit","RF-OM",12,50,1
"study2","primary_q6","appendix_sparse_pattern_stress","ablation_fit","PI-GP",12,1,1
"study2","primary_q6","appendix_sparse_pattern_stress","ablation_fit","PI-GP",12,2,1
"study2","primary_q6","appendix_sparse_pattern_stress","ablation_fit","PI-GP",12,3,1
"study2","primary_q6","appendix_sparse_pattern_stress","ablation_fit","PI-GP",12,4,1
"study2","primary_q6","appendix_sparse_pattern_stress","ablation_fit","PI-GP",12,5,1
"study2","primary_q6","appendix_sparse_pattern_stress","ablation_fit","PI-GP",12,6,1
"study2","primary_q6","appendix_sparse_pattern_stress","ablation_fit","PI-GP",12,7,1
"study2","primary_q6","appendix_sparse_pattern_stress","ablation_fit","PI-GP",12,8,1
"study2","primary_q6","appendix_sparse_pattern_stress","ablation_fit","PI-GP",12,9,1
"study2","primary_q6","appendix_sparse_pattern_stress","ablation_fit","PI-GP",12,10,1
"study2","primary_q6","appendix_sparse_pattern_stress","ablation_fit","PI-GP",12,11,1
"study2","primary_q6","appendix_sparse_pattern_stress","ablation_fit","PI-GP",12,12,1
"study2","primary_q6","appendix_sparse_pattern_stress","ablation_fit","PI-GP",12,13,1
"study2","primary_q6","appendix_sparse_pattern_stress","ablation_fit","PI-GP",12,14,1
"study2","primary_q6","appendix_sparse_pattern_stress","ablation_fit","PI-GP",12,15,1
"study2","primary_q6","appendix_sparse_pattern_stress","ablation_fit","PI-GP",12,16,1
"study2","primary_q6","appendix_sparse_pattern_stress","ablation_fit","PI-GP",12,17,1
"study2","primary_q6","appendix_sparse_pattern_stress","ablation_fit","PI-GP",12,18,1
"study2","primary_q6","appendix_sparse_pattern_stress","ablation_fit","PI-GP",12,19,1
"study2","primary_q6","appendix_sparse_pattern_stress","ablation_fit","PI-GP",12,20,1
"study2","primary_q6","appendix_sparse_pattern_stress","ablation_fit","PI-GP",12,21,1
"study2","primary_q6","appendix_sparse_pattern_stress","ablation_fit","PI-GP",12,22,1
"study2","primary_q6","appendix_sparse_pattern_stress","ablation_fit","PI-GP",12,23,1
"study2","primary_q6","appendix_sparse_pattern_stress","ablation_fit","PI-GP",12,24,1
"study2","primary_q6","appendix_sparse_pattern_stress","ablation_fit","PI-GP",12,25,1
"study2","primary_q6","appendix_sparse_pattern_stress","ablation_fit","PI-GP",12,26,1
"study2","primary_q6","appendix_sparse_pattern_stress","ablation_fit","PI-GP",12,27,1
"study2","primary_q6","appendix_sparse_pattern_stress","ablation_fit","PI-GP",12,28,1
"study2","primary_q6","appendix_sparse_pattern_stress","ablation_fit","PI-GP",12,29,1
"study2","primary_q6","appendix_sparse_pattern_stress","ablation_fit","PI-GP",12,30,1
"study2","primary_q6","appendix_sparse_pattern_stress","ablation_fit","PI-GP",12,31,1
"study2","primary_q6","appendix_sparse_pattern_stress","ablation_fit","PI-GP",12,32,1
"study2","primary_q6","appendix_sparse_pattern_stress","ablation_fit","PI-GP",12,33,1
"study2","primary_q6","appendix_sparse_pattern_stress","ablation_fit","PI-GP",12,34,1
"study2","primary_q6","appendix_sparse_pattern_stress","ablation_fit","PI-GP",12,35,1
"study2","primary_q6","appendix_sparse_pattern_stress","ablation_fit","PI-GP",12,36,1
"study2","primary_q6","appendix_sparse_pattern_stress","ablation_fit","PI-GP",12,37,1
"study2","primary_q6","appendix_sparse_pattern_stress","ablation_fit","PI-GP",12,38,1
"study2","primary_q6","appendix_sparse_pattern_stress","ablation_fit","PI-GP",12,39,1
"study2","primary_q6","appendix_sparse_pattern_stress","ablation_fit","PI-GP",12,40,1
"study2","primary_q6","appendix_sparse_pattern_stress","ablation_fit","PI-GP",12,41,1
"study2","primary_q6","appendix_sparse_pattern_stress","ablation_fit","PI-GP",12,42,1
"study2","primary_q6","appendix_sparse_pattern_stress","ablation_fit","PI-GP",12,43,1
"study2","primary_q6","appendix_sparse_pattern_stress","ablation_fit","PI-GP",12,44,1
"study2","primary_q6","appendix_sparse_pattern_stress","ablation_fit","PI-GP",12,45,1
"study2","primary_q6","appendix_sparse_pattern_stress","ablation_fit","PI-GP",12,46,1
"study2","primary_q6","appendix_sparse_pattern_stress","ablation_fit","PI-GP",12,47,1
"study2","primary_q6","appendix_sparse_pattern_stress","ablation_fit","PI-GP",12,48,1
"study2","primary_q6","appendix_sparse_pattern_stress","ablation_fit","PI-GP",12,49,1
"study2","primary_q6","appendix_sparse_pattern_stress","ablation_fit","PI-GP",12,50,1
"study2","primary_q6","appendix_sparse_pattern_stress","ablation_fit","CC-GP",12,1,1
"study2","primary_q6","appendix_sparse_pattern_stress","ablation_fit","CC-GP",12,2,1
"study2","primary_q6","appendix_sparse_pattern_stress","ablation_fit","CC-GP",12,3,1
"study2","primary_q6","appendix_sparse_pattern_stress","ablation_fit","CC-GP",12,4,1
"study2","primary_q6","appendix_sparse_pattern_stress","ablation_fit","CC-GP",12,5,1
"study2","primary_q6","appendix_sparse_pattern_stress","ablation_fit","CC-GP",12,6,1
"study2","primary_q6","appendix_sparse_pattern_stress","ablation_fit","CC-GP",12,7,1
"study2","primary_q6","appendix_sparse_pattern_stress","ablation_fit","CC-GP",12,8,1
"study2","primary_q6","appendix_sparse_pattern_stress","ablation_fit","CC-GP",12,9,1
"study2","primary_q6","appendix_sparse_pattern_stress","ablation_fit","CC-GP",12,10,1
"study2","primary_q6","appendix_sparse_pattern_stress","ablation_fit","CC-GP",12,11,1
"study2","primary_q6","appendix_sparse_pattern_stress","ablation_fit","CC-GP",12,12,1
"study2","primary_q6","appendix_sparse_pattern_stress","ablation_fit","CC-GP",12,13,1
"study2","primary_q6","appendix_sparse_pattern_stress","ablation_fit","CC-GP",12,14,1
"study2","primary_q6","appendix_sparse_pattern_stress","ablation_fit","CC-GP",12,15,1
"study2","primary_q6","appendix_sparse_pattern_stress","ablation_fit","CC-GP",12,16,1
"study2","primary_q6","appendix_sparse_pattern_stress","ablation_fit","CC-GP",12,17,1
"study2","primary_q6","appendix_sparse_pattern_stress","ablation_fit","CC-GP",12,18,1
"study2","primary_q6","appendix_sparse_pattern_stress","ablation_fit","CC-GP",12,19,1
"study2","primary_q6","appendix_sparse_pattern_stress","ablation_fit","CC-GP",12,20,1
"study2","primary_q6","appendix_sparse_pattern_stress","ablation_fit","CC-GP",12,21,1
"study2","primary_q6","appendix_sparse_pattern_stress","ablation_fit","CC-GP",12,22,1
"study2","primary_q6","appendix_sparse_pattern_stress","ablation_fit","CC-GP",12,23,1
"study2","primary_q6","appendix_sparse_pattern_stress","ablation_fit","CC-GP",12,24,1
"study2","primary_q6","appendix_sparse_pattern_stress","ablation_fit","CC-GP",12,25,1
"study2","primary_q6","appendix_sparse_pattern_stress","ablation_fit","CC-GP",12,26,1
"study2","primary_q6","appendix_sparse_pattern_stress","ablation_fit","CC-GP",12,27,1
"study2","primary_q6","appendix_sparse_pattern_stress","ablation_fit","CC-GP",12,28,1
"study2","primary_q6","appendix_sparse_pattern_stress","ablation_fit","CC-GP",12,29,1
"study2","primary_q6","appendix_sparse_pattern_stress","ablation_fit","CC-GP",12,30,1
"study2","primary_q6","appendix_sparse_pattern_stress","ablation_fit","CC-GP",12,31,1
"study2","primary_q6","appendix_sparse_pattern_stress","ablation_fit","CC-GP",12,32,1
"study2","primary_q6","appendix_sparse_pattern_stress","ablation_fit","CC-GP",12,33,1
"study2","primary_q6","appendix_sparse_pattern_stress","ablation_fit","CC-GP",12,34,1
"study2","primary_q6","appendix_sparse_pattern_stress","ablation_fit","CC-GP",12,35,1
"study2","primary_q6","appendix_sparse_pattern_stress","ablation_fit","CC-GP",12,36,1
"study2","primary_q6","appendix_sparse_pattern_stress","ablation_fit","CC-GP",12,37,1
"study2","primary_q6","appendix_sparse_pattern_stress","ablation_fit","CC-GP",12,38,1
"study2","primary_q6","appendix_sparse_pattern_stress","ablation_fit","CC-GP",12,39,1
"study2","primary_q6","appendix_sparse_pattern_stress","ablation_fit","CC-GP",12,40,1
"study2","primary_q6","appendix_sparse_pattern_stress","ablation_fit","CC-GP",12,41,1
"study2","primary_q6","appendix_sparse_pattern_stress","ablation_fit","CC-GP",12,42,1
"study2","primary_q6","appendix_sparse_pattern_stress","ablation_fit","CC-GP",12,43,1
"study2","primary_q6","appendix_sparse_pattern_stress","ablation_fit","CC-GP",12,44,1
"study2","primary_q6","appendix_sparse_pattern_stress","ablation_fit","CC-GP",12,45,1
"study2","primary_q6","appendix_sparse_pattern_stress","ablation_fit","CC-GP",12,46,1
"study2","primary_q6","appendix_sparse_pattern_stress","ablation_fit","CC-GP",12,47,1
"study2","primary_q6","appendix_sparse_pattern_stress","ablation_fit","CC-GP",12,48,1
"study2","primary_q6","appendix_sparse_pattern_stress","ablation_fit","CC-GP",12,49,1
"study2","primary_q6","appendix_sparse_pattern_stress","ablation_fit","CC-GP",12,50,1
