"source_row","record_key","cruise","station","survey","date","event","depth_id","bottle","depth_m","longitude","latitude","NO3_NO2_uM","H2PO4_uM","SiO2_uM","x_temperature","x_salinity","consensus_outlier","c","c0","y","u_raw_std","u_log_std"
17,"ECOHAB_1|22","ECOHAB_1","CB01","Survey_1",20030604,"CTD003",22,6,0,-124.37,47.3,9.3,1.14,17.2,10.93,31.86,FALSE,4,3,9.3,0.116644433852076,0.399030206009952
18,"ECOHAB_1|21","ECOHAB_1","CB01","Survey_1",20030604,"CTD003",21,5,5,-124.37,47.3,10.3,1.23,18.4,10.87,31.86,FALSE,5,4,10.3,0.25837454309839,0.503695349789541
19,"ECOHAB_1|20","ECOHAB_1","CB01","Survey_1",20030604,"CTD003",20,4,6,-124.37,47.3,11.3,1.29,19.4,10.66,31.86,FALSE,5,4,11.3,0.352861282595934,0.56929957554222
20,"ECOHAB_1|19","ECOHAB_1","CB01","Survey_1",20030604,"CTD003",19,3,10,-124.37,47.3,16.8,1.76,27.6,9.38,32.26,FALSE,6,5,16.8,1.09300740866002,0.997227437426333
25,"ECOHAB_1|27","ECOHAB_1","CB02","Survey_1",20030604,"CTD004",27,5,10,-124.47,47.27,6.5,0.59,13.8,10.95,31.71,FALSE,3,2,6.5,-0.74948401154207,-0.508228145948082
49,"ECOHAB_1|60","ECOHAB_1","CB06","Survey_1",20030604,"CTD008",60,7,10,-125.03,47.13,0.1,0.18,3,13.18,31.02,FALSE,1,0,0.1,-1.39514339810862,-2.14346383843625
86,"ECOHAB_1|107","ECOHAB_1","KB02","Survey_1",20030604,"CTD015",107,6,0,-124.64,47.53,6.4,0.83,9.4,11.19,31.36,FALSE,4,3,6.4,-0.371537053551898,-0.0381074861861789
87,"ECOHAB_1|106","ECOHAB_1","KB02","Survey_1",20030604,"CTD015",106,5,5,-124.64,47.53,8,0.88,10.8,10.91,31.43,FALSE,4,3,8,-0.292798103970611,0.0424668482712623
88,"ECOHAB_1|105","ECOHAB_1","KB02","Survey_1",20030604,"CTD015",105,4,10,-124.64,47.53,14.6,1.32,18.9,10.46,31.54,FALSE,5,4,14.6,0.400104652344705,0.600965990093417
91,"ECOHAB_1|112","ECOHAB_1","KB01","Survey_1",20030604,"CTD016",112,5,0,-124.5,47.58,19.8,1.72,28.6,9.47,32.3,FALSE,6,5,19.8,1.03001624899499,0.965561022875136
92,"ECOHAB_1|111","ECOHAB_1","KB01","Survey_1",20030604,"CTD016",111,4,5,-124.5,47.58,23.7,1.94,33,9.09,32.44,FALSE,6,5,23.7,1.37646762715265,1.13135337318799
93,"ECOHAB_1|110","ECOHAB_1","KB01","Survey_1",20030604,"CTD016",110,3,10,-124.5,47.58,28.7,2.21,40.3,7.63,33.28,FALSE,6,5,28.7,1.8016579548916,1.31083854634107
96,"ECOHAB_1|156","ECOHAB_1","LP01","Survey_1",20030605,"CTD019",156,6,0,-124.68,47.82,5.5,0.68,21.1,11.12,31.86,FALSE,3,2,5.5,-0.607753902295755,-0.312674280774001
97,"ECOHAB_1|155","ECOHAB_1","LP01","Survey_1",20030605,"CTD019",155,5,5,-124.68,47.82,17.2,1.4,35.4,9.42,32.09,FALSE,5,4,17.2,0.526086971674763,0.68201456396584
98,"ECOHAB_1|154","ECOHAB_1","LP01","Survey_1",20030605,"CTD019",154,4,7,-124.68,47.82,16.6,1.35,34.8,9.61,32.06,FALSE,5,4,16.6,0.447348022093477,0.631920739236269
99,"ECOHAB_1|153","ECOHAB_1","LP01","Survey_1",20030605,"CTD019",153,3,10,-124.68,47.82,20.7,1.59,39.6,9.01,32.23,FALSE,5,4,20.7,0.82529498008365,0.85730854926359
104,"ECOHAB_1|162","ECOHAB_1","LP02","Survey_1",20030605,"CTD020",162,6,7,-124.8,47.77,0.6,0.44,6.1,12.42,31.42,FALSE,2,1,0.6,-0.985700860285928,-0.912293740883808
105,"ECOHAB_1|161","ECOHAB_1","LP02","Survey_1",20030605,"CTD020",161,5,10,-124.8,47.77,3,0.61,7.1,10.85,32,FALSE,3,2,3,-0.717988431709556,-0.462309615010259
116,"ECOHAB_1|178","ECOHAB_1","LP04","Survey_1",20030605,"CTD022",178,6,10,-125.06,47.66,1.3,0.32,5.2,13.75,31.18,FALSE,2,1,1.3,-1.17467433928101,-1.35094094377042
168,"ECOHAB_1|250","ECOHAB_1","OZ04","Survey_1",20030605,"CTD032",250,9,5,-125.1,47.89,0.9,0.34,3.5,13.26,31.56,FALSE,2,1,0.9,-1.1431787594485,-1.26743486992907
169,"ECOHAB_1|248","ECOHAB_1","OZ04","Survey_1",20030605,"CTD032",248,8,10,-125.1,47.89,2.3,0.48,5.3,12.96,31.6,FALSE,3,2,2.3,-0.9227097006209,-0.792441801948267
180,"ECOHAB_1|260","ECOHAB_1","OZ02","Survey_1",20030605,"CTD034",260,5,5,-124.86,48.01,2.8,0.46,16.1,11.23,31.92,FALSE,3,2,2.8,-0.954205280453414,-0.851064622146247
181,"ECOHAB_1|259","ECOHAB_1","OZ02","Survey_1",20030605,"CTD034",259,4,10,-124.86,48.01,14.3,1.2,24.5,10.41,32.03,FALSE,4,3,14.3,0.211131173349619,0.469683044747031
185,"ECOHAB_1|267","ECOHAB_1","OZ01","Survey_1",20030605,"CTD035",267,6,0,-124.73,48.06,23,1.71,31.5,9.19,32.83,FALSE,6,5,23,1.01426845907874,0.957529347832107
186,"ECOHAB_1|266","ECOHAB_1","OZ01","Survey_1",20030605,"CTD035",266,5,5,-124.73,48.06,26.6,1.96,NA,8.2,33.02,FALSE,6,5,26.6,1.40796320698517,1.14548096746658
187,"ECOHAB_1|265","ECOHAB_1","OZ01","Survey_1",20030605,"CTD035",265,4,10,-124.73,48.06,28.4,2.19,36.7,7.9,33.16,FALSE,6,5,28.4,1.77016237505908,1.29831638403426
189,"ECOHAB_1|273","ECOHAB_1","CF01","Survey_1",20030605,"CTD036",273,6,0,-124.74,48.28,9.4,0.92,28.3,11.74,32.34,FALSE,4,3,9.4,-0.229806944305583,0.103695967008823
190,"ECOHAB_1|272","ECOHAB_1","CF01","Survey_1",20030605,"CTD036",272,5,3,-124.74,48.28,13.5,1.18,34.7,10.32,32.53,FALSE,4,3,13.5,0.179635593517104,0.446532443206988
191,"ECOHAB_1|271","ECOHAB_1","CF01","Survey_1",20030605,"CTD036",271,4,5,-124.74,48.28,20.4,1.58,43.4,9.62,32.51,FALSE,5,4,20.4,0.809547190167393,0.848618120643258
192,"ECOHAB_1|270","ECOHAB_1","CF01","Survey_1",20030605,"CTD036",270,3,10,-124.74,48.28,28.9,2.11,53,8.02,33.13,FALSE,6,5,28.9,1.64418005572902,1.24705732078903
195,"ECOHAB_1|279","ECOHAB_1","CF02","Survey_1",20030605,"CTD037",279,6,0,-124.87,48.22,3.8,0.68,29.2,11.45,31.89,FALSE,3,2,3.8,-0.607753902295755,-0.312674280774001
196,"ECOHAB_1|278","ECOHAB_1","CF02","Survey_1",20030605,"CTD037",278,5,5,-124.87,48.22,17.1,1.33,36,9.75,32.22,FALSE,5,4,17.1,0.415852442260963,0.611361725228762
197,"ECOHAB_1|277","ECOHAB_1","CF02","Survey_1",20030605,"CTD037",277,4,10,-124.87,48.22,22.2,1.72,42.7,9.29,32.34,FALSE,6,5,22.2,1.03001624899499,0.965561022875136
205,"ECOHAB_1|313","ECOHAB_1","CF04","Survey_1",20030606,"CTD040",313,9,0,-125.13,48.08,1.1,0.25,5.9,13.41,31.19,FALSE,1,0,1.1,-1.28490886869482,-1.69097301784504
206,"ECOHAB_1|312","ECOHAB_1","CF04","Survey_1",20030606,"CTD040",312,8,5,-125.13,48.08,10.6,0.91,22.4,10.73,31.42,FALSE,4,3,10.6,-0.24555473422184,0.088641955230543
249,"ECOHAB_1|364","ECOHAB_1","LA10","Survey_1",20030606,"CTD047",364,8,10,-125.72,47.98,0.1,0.26,2.9,12.85,31.65,FALSE,1,0,0.1,-1.26916107877856,-1.63694929496549
273,"ECOHAB_1|393","ECOHAB_1","LA06","Survey_1",20030606,"CTD051",393,10,0,-125.29,48.21,1.5,0.3,6.1,12.9,31.17,FALSE,2,1,1.5,-1.20616991911353,-1.43983813356311
274,"ECOHAB_1|392","ECOHAB_1","LA06","Survey_1",20030606,"CTD051",392,9,5,-125.29,48.21,2.9,0.44,8.6,12.64,31.16,FALSE,2,1,2.9,-0.985700860285928,-0.912293740883808
275,"ECOHAB_1|391","ECOHAB_1","LA06","Survey_1",20030606,"CTD051",391,8,10,-125.29,48.21,9.3,0.85,20.1,11.3,31.32,FALSE,4,3,9.3,-0.340041473719383,-0.00531002323377337
284,"ECOHAB_1|405","ECOHAB_1","LA04","Survey_1",20030606,"CTD053",405,9,0,-125.07,48.32,20.3,1.56,45,10.07,32.28,FALSE,5,4,20.3,0.778051610334878,0.831071025166804
285,"ECOHAB_1|404","ECOHAB_1","LA04","Survey_1",20030606,"CTD053",404,8,5,-125.07,48.32,21.4,1.65,46.3,9.4,32.44,FALSE,5,4,21.4,0.919781719581193,0.908330247633644
286,"ECOHAB_1|403","ECOHAB_1","LA04","Survey_1",20030606,"CTD053",403,7,8,-125.07,48.32,24.2,1.81,47.6,8.85,32.58,FALSE,6,5,24.2,1.17174635824131,1.03581338817802
287,"ECOHAB_1|402","ECOHAB_1","LA04","Survey_1",20030606,"CTD053",402,6,10,-125.07,48.32,26.4,1.96,49.1,8.53,32.69,FALSE,6,5,26.4,1.40796320698517,1.14548096746658
296,"ECOHAB_1|419","ECOHAB_1","LA02","Survey_1",20030606,"CTD055",419,9,0,-124.86,48.44,27.5,2.07,42.1,10.16,31.74,FALSE,6,5,27.5,1.581188896064,1.22069425065313
297,"ECOHAB_1|418","ECOHAB_1","LA02","Survey_1",20030606,"CTD055",418,8,5,-124.86,48.44,26.6,2.02,41.5,9.47,31.91,FALSE,6,5,26.6,1.50244994648271,1.18701461760046
298,"ECOHAB_1|417","ECOHAB_1","LA02","Survey_1",20030606,"CTD055",417,7,10,-124.86,48.44,27.6,2.1,42.7,9.13,32.26,FALSE,6,5,27.6,1.62843226581277,1.24051370578799
305,"ECOHAB_1|429","ECOHAB_1","LA01","Survey_1",20030606,"CTD056",429,10,0,-124.73,48.49,25,1.91,40,11.16,31.69,FALSE,6,5,25,1.32922425740388,1.10988652259025
306,"ECOHAB_1|428","ECOHAB_1","LA01","Survey_1",20030606,"CTD056",428,9,5,-124.73,48.49,25.5,1.95,40.3,10,31.69,FALSE,6,5,25.5,1.39221541706891,1.13843528270703
307,"ECOHAB_1|426","ECOHAB_1","LA01","Survey_1",20030606,"CTD056",426,8,10,-124.73,48.49,25.9,2.01,40.4,9.74,31.68,FALSE,6,5,25.9,1.48670215656645,1.18017873078012
314,"ECOHAB_1|454","ECOHAB_1","LAB01","Survey_1",20030607,"CTD057",454,8,0,-124.83,48.59,19.8,1.54,35.3,11.33,31.49,FALSE,5,4,19.8,0.746556030502364,0.813297509312226
315,"ECOHAB_1|453","ECOHAB_1","LAB01","Survey_1",20030607,"CTD057",453,7,5,-124.83,48.59,20.2,1.56,35.2,11.17,31.49,FALSE,5,4,20.2,0.778051610334878,0.831071025166804
316,"ECOHAB_1|452","ECOHAB_1","LAB01","Survey_1",20030607,"CTD057",452,6,10,-124.83,48.59,21.1,1.64,35.9,10.99,31.5,FALSE,5,4,21.1,0.904033929664936,0.899956797122457
322,"ECOHAB_1|461","ECOHAB_1","LAB02","Survey_1",20030607,"CTD058",461,7,0,-124.97,48.53,24.6,1.83,39.4,10.27,31.61,FALSE,6,5,24.6,1.20324193807382,1.05095011596697
323,"ECOHAB_1|460","ECOHAB_1","LAB02","Survey_1",20030607,"CTD058",460,6,5,-124.97,48.53,24.9,1.83,39.8,10.01,31.62,FALSE,6,5,24.9,1.20324193807382,1.05095011596697
324,"ECOHAB_1|459","ECOHAB_1","LAB02","Survey_1",20030607,"CTD058",459,5,10,-124.97,48.53,25.2,1.85,40,9.79,31.62,FALSE,6,5,25.2,1.23473751790634,1.06592231084836
332,"ECOHAB_1|476","ECOHAB_1","LAB04","Survey_1",20030607,"CTD060",476,7,0,-125.21,48.39,20,1.56,34.5,12.24,31.51,FALSE,5,4,20,0.778051610334878,0.831071025166804
333,"ECOHAB_1|475","ECOHAB_1","LAB04","Survey_1",20030607,"CTD060",475,6,5,-125.21,48.39,22.2,1.71,35,11.15,31.54,FALSE,6,5,22.2,1.01426845907874,0.957529347832107
334,"ECOHAB_1|474","ECOHAB_1","LAB04","Survey_1",20030607,"CTD060",474,5,10,-125.21,48.39,24.9,1.91,36.2,9.88,31.62,FALSE,6,5,24.9,1.32922425740388,1.10988652259025
384,"ECOHAB_1|530","ECOHAB_1","LB14","Survey_1",20030607,"CTD068",530,6,10,-126,48.14,1.7,0.45,5.4,13.01,31.69,FALSE,3,2,1.7,-0.969953070369671,-0.881338991740956
396,"ECOHAB_1|543","ECOHAB_1","LB11","Survey_1",20030607,"CTD070",543,6,10,-125.8,48.25,1.7,0.35,3.4,12.93,31.09,FALSE,2,1,1.7,-1.12743096953224,-1.2275066143443
415,"ECOHAB_1|575","ECOHAB_1","LB07","Survey_1",20030607,"CTD074",575,7,5,-125.37,48.48,3.2,0.23,6.6,13.14,31.22,FALSE,1,0,3.2,-1.31640444852733,-1.80582521130132
416,"ECOHAB_1|574","ECOHAB_1","LB07","Survey_1",20030607,"CTD074",574,6,10,-125.37,48.48,9.7,0.95,13.3,10.68,31.51,FALSE,4,3,9.7,-0.182563574556811,0.147895321728025
429,"ECOHAB_1|611","ECOHAB_1","LB03","Survey_1",20030608,"CTD077",611,6,0,-125.09,48.62,0.3,0.28,6.5,11.97,31.37,FALSE,1,0,0.3,-1.23766549894604,-1.53487087188453
430,"ECOHAB_1|610","ECOHAB_1","LB03","Survey_1",20030608,"CTD077",610,5,5,-125.09,48.62,3.8,0.55,13.9,11.77,31.39,FALSE,3,2,3.8,-0.812475171207099,-0.604929483343581
431,"ECOHAB_1|609","ECOHAB_1","LB03","Survey_1",20030608,"CTD077",609,4,10,-125.09,48.62,12.2,1.19,30.3,10.96,31.41,FALSE,4,3,12.2,0.195383383433362,0.458156380266963
437,"ECOHAB_1|614","ECOHAB_1","LB01","Survey_1",20030608,"CTD078",614,3,10,-124.99,48.67,0.1,0.17,5,11.97,31.44,FALSE,1,0,0.1,-1.41089118802487,-2.22219545908414
441,"ECOHAB_1|621","ECOHAB_1","LBC01","Survey_1",20030608,"CTD079",621,5,5,-125.25,48.73,2.2,0.21,7.8,12.15,31.3,FALSE,1,0,2.2,-1.34790002835984,-1.93113231921744
442,"ECOHAB_1|620","ECOHAB_1","LBC01","Survey_1",20030608,"CTD079",620,4,9,-125.25,48.73,8.7,0.79,17.8,10.82,31.45,FALSE,4,3,8.7,-0.434528213216926,-0.106142468511812
448,"ECOHAB_1|627","ECOHAB_1","LBC02","Survey_1",20030608,"CTD080",627,5,10,-125.38,48.67,1.1,0.36,7,11.45,31.33,FALSE,2,1,1.1,-1.11168317961599,-1.18870324928118
458,"ECOHAB_1|642","ECOHAB_1","LBC04","Survey_1",20030608,"CTD082",642,8,5,-125.63,48.54,0.1,0.13,2.5,13.84,31.11,FALSE,1,0,0.1,-1.4738823476899,-2.59170988412056
459,"ECOHAB_1|641","ECOHAB_1","LBC04","Survey_1",20030608,"CTD082",641,7,10,-125.63,48.54,1,0.29,3.9,12.93,31.3,FALSE,2,1,1,-1.22191770902979,-1.48653509253364
471,"ECOHAB_1|651","ECOHAB_1","LBC06","Survey_1",20030608,"CTD084",651,5,10,-125.88,48.41,0.5,0.31,3.9,12.86,31.43,FALSE,2,1,0.5,-1.19042212919727,-1.39467250145092
483,"ECOHAB_1|664","ECOHAB_1","LC01","Survey_1",20030608,"CTD086",664,6,10,-125.46,48.84,9.8,1.04,15.1,10.56,31.43,FALSE,4,3,9.8,-0.0408334653104962,0.272571883344649
491,"ECOHAB_1|684","ECOHAB_1","LC03","Survey_1",20030609,"CTD087",684,6,10,-125.57,48.78,9.3,1.15,15.1,9.78,31.72,FALSE,4,3,9.3,0.132392223768333,0.411060224549051
503,"ECOHAB_1|695","ECOHAB_1","LC05","Survey_1",20030609,"CTD089",695,5,10,-125.79,48.67,0.2,0.22,3.3,12.47,31.31,FALSE,1,0,0.2,-1.33215223844359,-1.86705433003888
514,"ECOHAB_1|706","ECOHAB_1","LC07","Survey_1",20030609,"CTD091",706,5,10,-126,48.55,1.1,0.23,3.9,13.11,31.25,FALSE,1,0,1.1,-1.31640444852733,-1.80582521130132
523,"ECOHAB_1|722","ECOHAB_1","LC09","Survey_1",20030609,"CTD093",722,10,0,-126.22,48.43,0.8,0.22,3.7,12.52,31.27,FALSE,1,0,0.8,-1.33215223844359,-1.86705433003888
524,"ECOHAB_1|721","ECOHAB_1","LC09","Survey_1",20030609,"CTD093",721,9,5,-126.22,48.43,0.8,0.22,3.7,12.54,31.26,FALSE,1,0,0.8,-1.33215223844359,-1.86705433003888
525,"ECOHAB_1|720","ECOHAB_1","LC09","Survey_1",20030609,"CTD093",720,8,10,-126.22,48.43,1.2,0.27,4.4,12.54,31.27,FALSE,1,0,1.2,-1.2534132888623,-1.5849646966141
550,"ECOHAB_1|783","ECOHAB_1","LAB04",NA,20030610,"CTD100",783,8,0,-125.28,48.36,7.9,0.58,25.6,11.07,32.07,FALSE,3,2,7.9,-0.765231801458328,-0.531774503378568
551,"ECOHAB_1|782","ECOHAB_1","LAB04",NA,20030610,"CTD100",782,7,5,-125.28,48.36,9.1,0.64,26.4,11.05,32.05,FALSE,3,2,9.1,-0.670745061960784,-0.396180354615351
552,"ECOHAB_1|781","ECOHAB_1","LAB04",NA,20030610,"CTD100",781,6,10,-125.28,48.36,13.3,0.89,30.6,10.21,32.32,FALSE,4,3,13.3,-0.277050314054354,0.0580311762148897
580,"ECOHAB_1|826","ECOHAB_1","DA07",NA,20030611,"CTD106",826,6,10,-125.26,48.19,1,0.39,5,11.12,31.87,FALSE,2,1,1,-1.06443980986721,-1.07845015314334
591,"ECOHAB_1|856","ECOHAB_1","DA10",NA,20030611,"CTD109",856,7,10,-125.2,48.18,2,0.53,4.8,10.97,31.91,FALSE,3,2,2,-0.843970751039613,-0.655951181713635
599,"ECOHAB_1|864","ECOHAB_1","LAB05",NA,20030611,"CTD110",864,6,5,-125.34,48.33,2.3,0.33,4.4,12.17,31.5,FALSE,2,1,2.3,-1.15892654936476,-1.30855518821672
600,"ECOHAB_1|863","ECOHAB_1","LAB05",NA,20030611,"CTD110",863,5,10,-125.34,48.33,5.3,0.64,8.1,10.55,31.9,FALSE,3,2,5.3,-0.670745061960784,-0.396180354615351
605,"ECOHAB_1|890","ECOHAB_1","DB01",NA,20030612,"CTD112",890,7,0,-125.34,48.33,2,0.28,3.1,11.93,31.59,FALSE,1,0,2,-1.23766549894604,-1.53487087188453
606,"ECOHAB_1|889","ECOHAB_1","DB01",NA,20030612,"CTD112",889,6,5,-125.34,48.33,6.1,0.66,7.3,10.99,31.8,FALSE,3,2,6.1,-0.63924948212827,-0.353794599061654
607,"ECOHAB_1|888","ECOHAB_1","DB01",NA,20030612,"CTD112",888,5,10,-125.34,48.33,9.1,0.91,9,9.58,32.15,FALSE,4,3,9.1,-0.24555473422184,0.088641955230543
620,"ECOHAB_1|908","ECOHAB_1","DB02",NA,20030612,"CTD114",908,8,0,-125.34,48.31,0.3,0.11,1.2,11.88,31.55,FALSE,1,0,0.3,-1.50537792752242,-2.82181491919395
621,"ECOHAB_1|907","ECOHAB_1","DB02",NA,20030612,"CTD114",907,7,5,-125.34,48.31,0.8,0.16,2.6,11.79,31.57,FALSE,1,0,0.8,-1.42663897794113,-2.30570153292549
622,"ECOHAB_1|906","ECOHAB_1","DB02",NA,20030612,"CTD114",906,6,10,-125.34,48.31,1.9,0.35,3.6,11.41,31.67,FALSE,2,1,1.9,-1.12743096953224,-1.2275066143443
629,"ECOHAB_1|916","ECOHAB_1","DA12",NA,20030612,"CTD115",916,8,5,-125.1,48.13,0.2,0.28,3,12.27,31.65,FALSE,1,0,0.2,-1.23766549894604,-1.53487087188453
630,"ECOHAB_1|915","ECOHAB_1","DA12",NA,20030612,"CTD115",915,7,10,-125.1,48.13,1.1,0.36,4.2,11.31,31.85,FALSE,2,1,1.1,-1.11168317961599,-1.18870324928118
637,"ECOHAB_1|929","ECOHAB_1","DB03",NA,20030613,"CTD116",929,8,0,-125.28,48.35,12,0.97,19.6,10.9,31.63,FALSE,4,3,12,-0.151067994724297,0.176592784032924
638,"ECOHAB_1|928","ECOHAB_1","DB03",NA,20030613,"CTD116",928,7,5,-125.28,48.35,14,1.06,22.4,10.51,31.68,FALSE,4,3,14,-0.0093378854779818,0.298809407441436
639,"ECOHAB_1|927","ECOHAB_1","DB03",NA,20030613,"CTD116",927,6,10,-125.28,48.35,17.3,1.3,26.9,10.28,31.69,FALSE,5,4,17.3,0.368609072512191,0.579936140884877
645,"ECOHAB_1|936","ECOHAB_1","DB04",NA,20030613,"CTD117",936,7,0,-125.11,48.32,11.6,0.85,19.1,10.94,31.54,FALSE,4,3,11.6,-0.340041473719383,-0.00531002323377337
646,"ECOHAB_1|935","ECOHAB_1","DB04",NA,20030613,"CTD117",935,6,5,-125.11,48.32,13.6,1.03,22,10.73,31.58,FALSE,4,3,13.6,-0.0565812552267534,0.259263293173365
647,"ECOHAB_1|934","ECOHAB_1","DB04",NA,20030613,"CTD117",934,5,10,-125.11,48.32,17.3,1.3,27,10.36,31.71,FALSE,5,4,17.3,0.368609072512191,0.579936140884877
652,"ECOHAB_1|957","ECOHAB_1","C07","Survey_2",20030613,"CTD119",957,9,0,-124.79,48.5,15.8,1.15,27.6,10.45,30.64,FALSE,4,3,15.8,0.132392223768333,0.411060224549051
670,"ECOHAB_1|967","ECOHAB_1","C06","Canyon_Survey",20030613,"CTD120",967,10,0,-124.92,48.4,3,0.34,12,11.66,31.64,FALSE,2,1,3,-1.1431787594485,-1.26743486992907
698,"ECOHAB_1|979","ECOHAB_1","DB05","Survey_2",20030614,"CTD122",979,8,0,-125.08,48.37,5.3,0.5,14,11.19,31.54,FALSE,3,2,5.3,-0.891214120788385,-0.736212428689967
700,"ECOHAB_1|978","ECOHAB_1","DB05","Canyon_Survey",20030614,"CTD122",978,7,5,-125.08,48.37,6.7,0.56,15.3,10.98,31.56,FALSE,3,2,6.7,-0.796727381290842,-0.580110282729458
714,"ECOHAB_1|991","ECOHAB_1","C04","Survey_2",20030614,"CTD123",991,7,0,-125,48.22,0.8,0.27,3.9,12.28,31.69,FALSE,1,0,0.8,-1.2534132888623,-1.5849646966141
748,"ECOHAB_1|1022","ECOHAB_1","C01","Survey_2",20030614,"CTD126",1022,10,10,-125.34,48.05,0.1,0.18,2.6,12.77,31.42,FALSE,1,0,0.1,-1.39514339810862,-2.14346383843625
768,"ECOHAB_1|1032","ECOHAB_1","DB06",NA,20030614,"CTD127",1032,8,0,-124.97,48.4,3.4,0.35,8.8,11.79,31.55,FALSE,2,1,3.4,-1.12743096953224,-1.2275066143443
769,"ECOHAB_1|1031","ECOHAB_1","DB06",NA,20030614,"CTD127",1031,7,5,-124.97,48.4,5.4,0.47,11.4,11.53,31.57,FALSE,3,2,5.4,-0.938457490537157,-0.821441365003847
770,"ECOHAB_1|1030","ECOHAB_1","DB06",NA,20030614,"CTD127",1030,6,10,-124.97,48.4,9.3,0.73,16.1,11.01,31.62,FALSE,4,3,9.3,-0.52901495271447,-0.214943346942965
776,"ECOHAB_1|1042","ECOHAB_1","LA01","Survey_2",20030614,"CTD128",1042,9,0,-124.73,48.49,15.3,1.32,27.1,10.42,30.71,FALSE,5,4,15.3,0.400104652344705,0.600965990093417
777,"ECOHAB_1|1040","ECOHAB_1","LA01","Survey_2",20030614,"CTD128",1040,8,5,-124.73,48.49,15.5,1.33,27,10.41,30.7,FALSE,5,4,15.5,0.415852442260963,0.611361725228762
778,"ECOHAB_1|1039","ECOHAB_1","LA01","Survey_2",20030614,"CTD128",1039,7,10,-124.73,48.49,15.6,1.47,27,10.4,30.71,FALSE,5,4,15.6,0.636321501088563,0.749219520133661
785,"ECOHAB_1|1051","ECOHAB_1","LA02","Survey_2",20030614,"CTD129",1051,9,0,-124.86,48.44,20.6,1.68,32.2,9.58,31.56,FALSE,5,4,20.6,0.967025089329964,0.933149448247767
786,"ECOHAB_1|1050","ECOHAB_1","LA02","Survey_2",20030614,"CTD129",1050,8,5,-124.86,48.44,20.7,1.69,32.1,9.61,31.52,FALSE,5,4,20.7,0.982772879246222,0.94132412130465
787,"ECOHAB_1|1049","ECOHAB_1","LA02","Survey_2",20030614,"CTD129",1049,7,10,-124.86,48.44,20.6,1.58,31.3,9.2,32.18,FALSE,5,4,20.6,0.809547190167393,0.848618120643258
798,"ECOHAB_1|1063","ECOHAB_1","LA04","Survey_2",20030614,"CTD131",1063,8,0,-125.07,48.32,0.9,0.31,4.7,12.28,31.61,FALSE,2,1,0.9,-1.19042212919727,-1.39467250145092
799,"ECOHAB_1|1062","ECOHAB_1","LA04","Survey_2",20030614,"CTD131",1062,7,5,-125.07,48.32,0.9,0.27,4.9,12.16,31.62,FALSE,1,0,0.9,-1.2534132888623,-1.5849646966141
800,"ECOHAB_1|1061","ECOHAB_1","LA04","Survey_2",20030614,"CTD131",1061,6,10,-125.07,48.32,3.3,0.45,7.3,11.33,31.77,FALSE,3,2,3.3,-0.969953070369671,-0.881338991740956
811,"ECOHAB_1|1072","ECOHAB_1","LA06","Survey_2",20030614,"CTD133",1072,5,10,-125.29,48.21,2.4,0.45,4.5,11.11,31.87,FALSE,3,2,2.4,-0.969953070369671,-0.881338991740956
817,"ECOHAB_1|1094","ECOHAB_1","DB07",NA,20030615,"CTD134",1094,8,5,-124.88,48.45,0.8,0.24,6.6,11.64,31.58,FALSE,1,0,0.8,-1.30065665861107,-1.74720239110334
818,"ECOHAB_1|1093","ECOHAB_1","DB07",NA,20030615,"CTD134",1093,7,10,-124.88,48.45,4.1,0.44,11.1,11.32,31.61,FALSE,2,1,4.1,-0.985700860285928,-0.912293740883808
823,"ECOHAB_1|1103","ECOHAB_1","C08","Canyon_Survey",20030615,"CTD137",1103,6,0,-124.79,48.36,1.8,0.32,6.3,11.51,31.74,FALSE,2,1,1.8,-1.17467433928101,-1.35094094377042
824,"ECOHAB_1|1102","ECOHAB_1","C08","Canyon_Survey",20030615,"CTD137",1102,5,5,-124.79,48.36,4.2,0.41,8.9,11.41,31.76,FALSE,2,1,4.2,-1.0329442300347,-1.00956438118768
825,"ECOHAB_1|1101","ECOHAB_1","C08","Canyon_Survey",20030615,"CTD137",1101,4,10,-124.79,48.36,14.3,1.08,22.1,10.46,31.88,FALSE,4,3,14.3,0.0221576943545326,0.324556481696042
832,"ECOHAB_1|1121","ECOHAB_1","C10","Canyon_Survey",20030615,"CTD139",1121,9,0,-124.83,48.39,6.4,0.68,11.9,11.4,31.71,FALSE,3,2,6.4,-0.607753902295755,-0.312674280774001
833,"ECOHAB_1|1120","ECOHAB_1","C10","Canyon_Survey",20030615,"CTD139",1120,8,5,-124.83,48.39,12.3,0.99,19.5,11.21,31.73,FALSE,4,3,12.3,-0.119572414891782,0.204704542760501
834,"ECOHAB_1|1119","ECOHAB_1","C10","Canyon_Survey",20030615,"CTD139",1119,7,10,-124.83,48.39,18.4,1.46,28.7,9.95,31.92,FALSE,5,4,18.4,0.620573711172306,0.739817242212106
844,"ECOHAB_1|1134","ECOHAB_1","C12","Canyon_Survey",20030615,"CTD141",1134,10,0,-124.9,48.46,6.2,0.62,10.2,11.51,31.77,FALSE,3,2,6.2,-0.702240641793299,-0.439911912295854
845,"ECOHAB_1|1133","ECOHAB_1","C12","Canyon_Survey",20030615,"CTD141",1133,9,5,-124.9,48.46,6.4,0.61,11,11.34,31.79,FALSE,3,2,6.4,-0.717988431709556,-0.462309615010259
846,"ECOHAB_1|1132","ECOHAB_1","C12","Canyon_Survey",20030615,"CTD141",1132,8,10,-124.9,48.46,16,1.27,23.3,11.21,31.8,FALSE,5,4,16,0.321365702763419,0.547776819415838
856,"ECOHAB_1|1144","ECOHAB_1","C14","Canyon_Survey",20030615,"CTD143",1144,7,0,-124.93,48.48,2.6,0.32,5.3,11.65,31.72,FALSE,2,1,2.6,-1.17467433928101,-1.35094094377042
857,"ECOHAB_1|1143","ECOHAB_1","C14","Canyon_Survey",20030615,"CTD143",1143,6,5,-124.93,48.48,6,0.68,9.9,11.63,31.72,FALSE,3,2,6,-0.607753902295755,-0.312674280774001
858,"ECOHAB_1|1142","ECOHAB_1","C14","Canyon_Survey",20030615,"CTD143",1142,5,10,-124.93,48.48,12.9,1.04,19.2,10.77,31.82,FALSE,4,3,12.9,-0.0408334653104962,0.272571883344649
863,"ECOHAB_1|1150","ECOHAB_1","DB10",NA,20030615,"CTD144",1150,6,0,-124.97,48.52,4.2,0.45,8.8,11.34,31.56,FALSE,3,2,4.2,-0.969953070369671,-0.881338991740956
864,"ECOHAB_1|1149","ECOHAB_1","DB10",NA,20030615,"CTD144",1149,5,5,-124.97,48.52,7.6,0.66,13.4,11.34,31.58,FALSE,3,2,7.6,-0.63924948212827,-0.353794599061654
865,"ECOHAB_1|1148","ECOHAB_1","DB10",NA,20030615,"CTD144",1148,4,10,-124.97,48.52,13.2,1.03,20.2,10.63,31.78,FALSE,4,3,13.2,-0.0565812552267534,0.259263293173365
869,"ECOHAB_1|1170","ECOHAB_1","LAB01","Survey_2",20030615,"CTD146",1170,8,0,-124.83,48.59,17,1.48,28.5,10.41,30.67,FALSE,5,4,17,0.65206929100482,0.758558053308128
870,"ECOHAB_1|1169","ECOHAB_1","LAB01","Survey_2",20030615,"CTD146",1169,5,5,-124.83,48.59,17.7,1.54,29.3,10.51,30.63,FALSE,5,4,17.7,0.746556030502364,0.813297509312226
871,"ECOHAB_1|1166","ECOHAB_1","LAB01","Survey_2",20030615,"CTD146",1166,4,10,-124.83,48.59,20.7,1.77,32.8,9.85,31.09,FALSE,6,5,20.7,1.10875519857628,1.00503158502914
875,"ECOHAB_1|1178","ECOHAB_1","LAB02","Survey_2",20030615,"CTD147",1178,8,0,-124.96,48.53,13,1.04,22.1,10.4,31.46,FALSE,4,3,13,-0.0408334653104962,0.272571883344649
876,"ECOHAB_1|1176","ECOHAB_1","LAB02","Survey_2",20030615,"CTD147",1176,5,5,-124.96,48.53,11.5,0.93,19.9,10.52,31.76,FALSE,4,3,11.5,-0.214059154389325,0.1185872295263
877,"ECOHAB_1|1174","ECOHAB_1","LAB02","Survey_2",20030615,"CTD147",1174,4,10,-124.96,48.53,14.3,1.14,22.2,10.21,31.91,FALSE,4,3,14.3,0.116644433852076,0.399030206009952
887,"ECOHAB_1|1190","ECOHAB_1","LAB04","Survey_2",20030615,"CTD149",1190,6,10,-125.21,48.39,8.8,0.77,14.1,12.25,31.43,FALSE,4,3,8.8,-0.466023793049441,-0.141463079842844
906,"ECOHAB_1|1231","ECOHAB_1","DB11",NA,20030616,"CTD152",1231,6,5,-124.99,48.56,0.8,0.18,4.4,12.45,31.61,FALSE,1,0,0.8,-1.39514339810862,-2.14346383843625
907,"ECOHAB_1|1230","ECOHAB_1","DB11",NA,20030616,"CTD152",1230,5,8,-124.99,48.56,3.8,0.43,8.9,11.19,31.65,FALSE,2,1,3.8,-1.00144865020219,-0.943960155435005
908,"ECOHAB_1|1229","ECOHAB_1","DB11",NA,20030616,"CTD152",1229,4,10,-124.99,48.56,4.5,0.47,9.7,11.14,31.68,FALSE,3,2,4.5,-0.938457490537157,-0.821441365003847
912,"ECOHAB_1|1241","ECOHAB_1","LB01","Survey_2",20030616,"CTD153",1241,7,0,-124.99,48.67,16.2,1.43,28.8,10.44,30.97,FALSE,5,4,16.2,0.573330341423534,0.711219086231263
913,"ECOHAB_1|1239","ECOHAB_1","LB01","Survey_2",20030616,"CTD153",1239,4,5,-124.99,48.67,16.5,1.43,29,10.44,30.97,FALSE,5,4,16.5,0.573330341423534,0.711219086231263
914,"ECOHAB_1|1237","ECOHAB_1","LB01","Survey_2",20030616,"CTD153",1237,3,10,-124.99,48.67,16.5,1.46,29.1,10.39,30.99,FALSE,5,4,16.5,0.620573711172306,0.739817242212106
918,"ECOHAB_1|1246","ECOHAB_1","LB03","Survey_2",20030616,"CTD154",1246,5,10,-125.09,48.62,0.1,0.19,2.9,12.09,31.6,FALSE,1,0,0.1,-1.37939560819236,-2.06899011412234
925,"ECOHAB_1|1261","ECOHAB_1","LB06","Survey_2",20030616,"CTD156",1261,7,0,-125.26,48.54,2,0.25,9.8,11.05,32.17,FALSE,1,0,2,-1.28490886869482,-1.69097301784504
926,"ECOHAB_1|1260","ECOHAB_1","LB06","Survey_2",20030616,"CTD156",1260,6,5,-125.26,48.54,6.6,0.56,15.9,10.71,32.21,FALSE,3,2,6.6,-0.796727381290842,-0.580110282729458
927,"ECOHAB_1|1259","ECOHAB_1","LB06","Survey_2",20030616,"CTD156",1259,5,10,-125.26,48.54,16.8,1.35,28.3,9.65,32.38,FALSE,5,4,16.8,0.447348022093477,0.631920739236269
935,"ECOHAB_1|1272","ECOHAB_1","LB08","Survey_2",20030616,"CTD158",1272,8,0,-125.48,48.42,0.3,0.1,5.2,11.35,32.15,FALSE,1,0,0.3,-1.52112571743867,-2.95309786454034
936,"ECOHAB_1|1271","ECOHAB_1","LB08","Survey_2",20030616,"CTD158",1271,7,5,-125.48,48.42,9.1,0.7,16.8,10.5,32.29,FALSE,3,2,9.1,-0.576258322463241,-0.27274602518923
937,"ECOHAB_1|1270","ECOHAB_1","LB08","Survey_2",20030616,"CTD158",1270,6,10,-125.48,48.42,16.6,1.26,25.9,9.61,32.47,FALSE,5,4,16.6,0.305617912847162,0.536888000914851
946,"ECOHAB_1|1283","ECOHAB_1","DB12",NA,20030616,"CTD160",1283,8,0,-125.14,48.63,2.7,0.45,5.8,11.52,31.66,FALSE,3,2,2.7,-0.969953070369671,-0.881338991740956
947,"ECOHAB_1|1282","ECOHAB_1","DB12",NA,20030616,"CTD160",1282,7,5,-125.14,48.63,5,0.5,8.9,11.08,31.72,FALSE,3,2,5,-0.891214120788385,-0.736212428689967
948,"ECOHAB_1|1281","ECOHAB_1","DB12",NA,20030616,"CTD160",1281,6,7,-125.14,48.63,5.9,0.65,9.6,10.95,31.74,FALSE,3,2,5.9,-0.654997272044527,-0.374824448270194
949,"ECOHAB_1|1280","ECOHAB_1","DB12",NA,20030616,"CTD160",1280,5,10,-125.14,48.63,7.3,0.68,11.5,10.89,31.75,FALSE,3,2,7.3,-0.607753902295755,-0.312674280774001
954,"ECOHAB_1|1294","ECOHAB_1","EH1",NA,20030616,"CTD161",1294,11,0,-124.7,48.49,10.8,0.95,21.4,11.49,30.76,FALSE,4,3,10.8,-0.182563574556811,0.147895321728025
955,"ECOHAB_1|1293","ECOHAB_1","EH1",NA,20030616,"CTD161",1293,8,5,-124.7,48.49,16,1.37,27.1,10.49,30.76,FALSE,5,4,16,0.478843601925991,0.65217740382321
963,"ECOHAB_1|1305","ECOHAB_1","JDF01",NA,20030616,"CTD162",1305,11,0,-124.38,48.39,19.4,1.62,31.1,10.44,31.23,FALSE,5,4,19.4,0.872538349832422,0.883055623518196
964,"ECOHAB_1|1302","ECOHAB_1","JDF01",NA,20030616,"CTD162",1302,8,5,-124.38,48.39,21.5,1.76,33.9,9.88,31.28,FALSE,6,5,21.5,1.09300740866002,0.997227437426333
965,"ECOHAB_1|1301","ECOHAB_1","JDF01",NA,20030616,"CTD162",1301,7,10,-124.38,48.39,22.1,1.8,34.2,9.66,31.39,FALSE,6,5,22.1,1.15599856832505,1.02818218656919
985,"ECOHAB_1|1336","ECOHAB_1","LP01","Survey_3",20030617,"CTD165",1336,4,10,-124.68,47.82,0.2,0.3,5.8,13.55,30.25,FALSE,2,1,0.2,-1.20616991911353,-1.43983813356311
989,"ECOHAB_1|1345","ECOHAB_1","KB01","Survey_3",20030617,"CTD166",1345,5,0,-124.5,47.58,0.8,0.15,14.2,14.65,27.17,FALSE,1,0,0.8,-1.44238676785739,-2.39459872271818
990,"ECOHAB_1|1344","ECOHAB_1","KB01","Survey_3",20030617,"CTD166",1344,4,5,-124.5,47.58,1.8,0.24,4.9,13.6,29.7,FALSE,1,0,1.8,-1.30065665861107,-1.74720239110334
991,"ECOHAB_1|1343","ECOHAB_1","KB01","Survey_3",20030617,"CTD166",1343,3,10,-124.5,47.58,5.6,0.56,5.8,12.02,31.64,FALSE,3,2,5.6,-0.796727381290842,-0.580110282729458
996,"ECOHAB_1|1349","ECOHAB_1","CB01","Survey_3",20030617,"CTD167",1349,4,8,-124.37,47.3,0.6,0.22,9.9,12.81,30.42,FALSE,1,0,0.6,-1.33215223844359,-1.86705433003888
997,"ECOHAB_1|1348","ECOHAB_1","CB01","Survey_3",20030617,"CTD167",1348,3,10,-124.37,47.3,5.9,0.57,8.7,12.56,31.24,FALSE,3,2,5.9,-0.780979591374585,-0.555730383145118
1004,"ECOHAB_1|1362","ECOHAB_1","KB02","Survey_3",20030617,"CTD169",1362,7,0,-124.64,47.53,1.3,0.19,2.6,14.12,29.6,FALSE,1,0,1.3,-1.37939560819236,-2.06899011412234
1005,"ECOHAB_1|1361","ECOHAB_1","KB02","Survey_3",20030617,"CTD169",1361,6,5,-124.64,47.53,4.4,0.5,4.8,13.39,31.6,FALSE,3,2,4.4,-0.891214120788385,-0.736212428689967
1006,"ECOHAB_1|1360","ECOHAB_1","KB02","Survey_3",20030617,"CTD169",1360,5,10,-124.64,47.53,9.1,0.93,9.2,9.72,32.13,FALSE,4,3,9.1,-0.214059154389325,0.1185872295263
1015,"ECOHAB_1|1372","ECOHAB_1","KB01",NA,20030617,"CTD171",1372,5,0,-124.5,47.58,0.1,0.08,11.8,14.58,28.06,FALSE,1,0,0.1,-1.55262129727119,-3.26046212208056
1019,"ECOHAB_1|1379","ECOHAB_1","KB02",NA,20030617,"CTD172",1379,7,5,-124.64,47.53,0.4,0.13,0.8,13.71,31.51,FALSE,1,0,0.4,-1.4738823476899,-2.59170988412056
1020,"ECOHAB_1|1378","ECOHAB_1","KB02",NA,20030617,"CTD172",1378,6,10,-124.64,47.53,1.5,0.32,1.8,12.03,31.74,FALSE,2,1,1.5,-1.17467433928101,-1.35094094377042
1027,"ECOHAB_1|1386","ECOHAB_1","KB01.5",NA,20030617,"CTD173",1386,6,5,-124.58,47.53,0.8,0.09,1.8,13.18,31.35,FALSE,1,0,0.8,-1.53687350735493,-3.09822442759133
1028,"ECOHAB_1|1385","ECOHAB_1","KB01.5",NA,20030617,"CTD173",1385,5,10,-124.58,47.53,1.6,0.18,2.5,12.25,31.67,FALSE,1,0,1.6,-1.39514339810862,-2.14346383843625
1035,"ECOHAB_1|1396","ECOHAB_1","CB01","Survey_3",20030617,"CTD175",1396,5,0,-124.37,47.3,3.1,0.34,21.3,15.28,26.86,FALSE,2,1,3.1,-1.1431787594485,-1.26743486992907
1036,"ECOHAB_1|1395","ECOHAB_1","CB01","Survey_3",20030617,"CTD175",1395,4,5,-124.37,47.3,7.6,0.8,20.1,14.57,27.57,FALSE,4,3,7.6,-0.418780423300669,-0.0888160970751237
1037,"ECOHAB_1|1394","ECOHAB_1","CB01","Survey_3",20030617,"CTD175",1394,3,10,-124.37,47.3,21.1,2.19,29.7,10.14,32.07,FALSE,6,5,21.1,1.77016237505908,1.29831638403426
1042,"ECOHAB_1|1401","ECOHAB_1","CB02","Survey_3",20030617,"CTD176",1401,5,10,-124.47,47.27,0.1,0.12,1.3,13.14,30.86,FALSE,1,0,0.1,-1.48963013760616,-2.70196298025841
1052,"ECOHAB_1|1414","ECOHAB_1","CB04","Survey_3",20030617,"CTD178",1414,6,5,-124.72,47.2,5.9,0.6,5,12.07,31.59,FALSE,3,2,5.9,-0.733736221625813,-0.48507754440804
1053,"ECOHAB_1|1413","ECOHAB_1","CB04","Survey_3",20030617,"CTD178",1413,5,10,-124.72,47.2,12.5,1.16,11,10.06,31.87,FALSE,4,3,12.5,0.14814001368459,0.422986085776503
1095,"ECOHAB_1|1472","ECOHAB_1","LP04","Survey_3",20030618,"CTD185",1472,6,10,-125.06,47.66,0.1,0.23,2.2,12.53,31.59,FALSE,1,0,0.1,-1.31640444852733,-1.80582521130132
1113,"ECOHAB_1|1508","ECOHAB_1","DC01","Survey_3",20030618,"CTD190",1508,4,5,-124.68,47.82,0.4,0.07,1.1,13.61,31.61,FALSE,1,0,0.4,-1.56836908718744,-3.44439205019467
1114,"ECOHAB_1|1507","ECOHAB_1","DC01","Survey_3",20030618,"CTD190",1507,3,10,-124.68,47.82,2.4,0.33,3.5,12.52,31.79,FALSE,2,1,2.4,-1.15892654936476,-1.30855518821672
1126,"ECOHAB_1|1537","ECOHAB_1","DC04","Survey_3",20030619,"CTD194",1537,4,5,-124.59,47.71,0.4,0.09,1.4,12.99,31.76,FALSE,1,0,0.4,-1.53687350735493,-3.09822442759133
1127,"ECOHAB_1|1536","ECOHAB_1","DC04","Survey_3",20030619,"CTD194",1536,3,10,-124.59,47.71,4,0.42,4.5,12.38,31.83,FALSE,2,1,4,-1.01719644011844,-0.976371730062374
1142,"ECOHAB_1|1559","ECOHAB_1","DC08","Survey_3",20030619,"CTD198",1559,5,0,-124.49,47.57,1.7,0.16,2.9,13.41,31.62,FALSE,1,0,1.7,-1.42663897794113,-2.30570153292549
1143,"ECOHAB_1|1558","ECOHAB_1","DC08","Survey_3",20030619,"CTD198",1558,4,5,-124.49,47.57,4.8,0.44,6.6,13.38,31.71,FALSE,2,1,4.8,-0.985700860285928,-0.912293740883808
1144,"ECOHAB_1|1557","ECOHAB_1","DC08","Survey_3",20030619,"CTD198",1557,3,10,-124.49,47.57,14.9,1.3,18.1,11.29,32.06,FALSE,5,4,14.9,0.368609072512191,0.579936140884877
1160,"ECOHAB_1|1582","ECOHAB_1","DC12","Survey_3",20030620,"CTD202",1582,2,10,-124.44,47.49,0.7,0.1,2,14.02,31.54,FALSE,1,0,0.7,-1.52112571743867,-2.95309786454034
1208,"ECOHAB_1|1672","ECOHAB_1","LAB08","Survey_3",20030621,"CTD215",1672,7,10,-125.72,48.13,0.6,0.26,3,13.32,31.42,FALSE,1,0,0.6,-1.26916107877856,-1.63694929496549
1228,"ECOHAB_1|1706","ECOHAB_1","LAB04","Survey_3",20030621,"CTD219",1706,10,0,-125.22,48.39,6.1,0.51,12.7,11.16,31.25,FALSE,3,2,6.1,-0.875466330872128,-0.708935728106917
1229,"ECOHAB_1|1704","ECOHAB_1","LAB04","Survey_3",20030621,"CTD219",1704,7,5,-125.22,48.39,6.2,0.49,12.8,11.17,31.26,FALSE,3,2,6.2,-0.906961910704642,-0.764040210843564
1230,"ECOHAB_1|1702","ECOHAB_1","LAB04","Survey_3",20030621,"CTD219",1702,6,10,-125.22,48.39,8.5,0.68,15.5,11.15,31.26,FALSE,3,2,8.5,-0.607753902295755,-0.312674280774001
1239,"ECOHAB_1|1719","ECOHAB_1","LAB02","Survey_3",20030621,"CTD221",1719,8,0,-124.96,48.53,17.3,1.38,25.7,10.15,31.58,FALSE,5,4,17.3,0.494591391842248,0.662195108830978
1240,"ECOHAB_1|1718","ECOHAB_1","LAB02","Survey_3",20030621,"CTD221",1718,5,5,-124.96,48.53,18.4,1.48,27.3,10.22,31.56,FALSE,5,4,18.4,0.65206929100482,0.758558053308128
1241,"ECOHAB_1|1715","ECOHAB_1","LAB02","Survey_3",20030621,"CTD221",1715,4,10,-124.96,48.53,23.1,1.89,33.7,9.34,31.69,FALSE,6,5,23.1,1.29772867757137,1.09538714273701
1245,"ECOHAB_1|1727","ECOHAB_1","LAB01","Survey_3",20030621,"CTD222",1727,8,0,-124.83,48.59,17.1,1.28,26.2,10.53,31.64,FALSE,5,4,17.1,0.337113492679677,0.558580234539719
1246,"ECOHAB_1|1726","ECOHAB_1","LAB01","Survey_3",20030621,"CTD222",1726,5,5,-124.83,48.59,17.6,1.32,26.6,10.4,31.66,FALSE,5,4,17.6,0.400104652344705,0.600965990093417
1247,"ECOHAB_1|1723","ECOHAB_1","LAB01","Survey_3",20030621,"CTD222",1723,4,10,-124.83,48.59,22.6,1.83,32.9,9.46,31.81,FALSE,6,5,22.6,1.20324193807382,1.05095011596697
1256,"ECOHAB_1|1739","ECOHAB_1","LB03","Survey_3",20030621,"CTD224",1739,7,0,-125.09,48.62,15.5,1.26,22.5,10.31,31.82,FALSE,5,4,15.5,0.305617912847162,0.536888000914851
1257,"ECOHAB_1|1738","ECOHAB_1","LB03","Survey_3",20030621,"CTD224",1738,6,5,-125.09,48.62,15.6,1.27,22.7,10.3,31.82,FALSE,5,4,15.6,0.321365702763419,0.547776819415838
1258,"ECOHAB_1|1737","ECOHAB_1","LB03","Survey_3",20030621,"CTD224",1737,5,10,-125.09,48.62,15.5,1.3,22.8,10.29,31.82,FALSE,5,4,15.5,0.368609072512191,0.579936140884877
1266,"ECOHAB_1|1749","ECOHAB_1","LB06","Survey_3",20030621,"CTD226",1749,7,0,-125.26,48.54,6.1,0.54,12.6,11.22,31.07,FALSE,3,2,6.1,-0.828222961123356,-0.630204107459029
1267,"ECOHAB_1|1748","ECOHAB_1","LB06","Survey_3",20030621,"CTD226",1748,6,5,-125.26,48.54,6.6,0.67,13.4,11.21,31.07,FALSE,3,2,6.6,-0.623501692212013,-0.333081000197107
1268,"ECOHAB_1|1747","ECOHAB_1","LB06","Survey_3",20030621,"CTD226",1747,5,10,-125.26,48.54,8.8,0.81,15.8,11.09,31.09,FALSE,4,3,8.8,-0.403032633384412,-0.0717049656368745
1276,"ECOHAB_1|1763","ECOHAB_1","LB08","Survey_3",20030621,"CTD228",1763,8,0,-125.48,48.42,0.9,0.19,5.5,11.67,31.53,FALSE,1,0,0.9,-1.37939560819236,-2.06899011412234
1277,"ECOHAB_1|1762","ECOHAB_1","LB08","Survey_3",20030621,"CTD228",1762,7,5,-125.48,48.42,1.3,0.21,6.1,11.58,31.55,FALSE,1,0,1.3,-1.34790002835984,-1.93113231921744
1278,"ECOHAB_1|1761","ECOHAB_1","LB08","Survey_3",20030621,"CTD228",1761,6,10,-125.48,48.42,3.1,0.4,8.1,11.35,31.6,FALSE,2,1,3.1,-1.04869201995096,-1.04357668623019
1289,"ECOHAB_1|1790","ECOHAB_1","LB10","Survey_3",20030622,"CTD230",1790,6,10,-125.69,48.31,0.2,0.27,4.7,12.58,31.62,FALSE,1,0,0.2,-1.2534132888623,-1.5849646966141
1312,"ECOHAB_1|1814","ECOHAB_1","LB15","Survey_3",20030622,"CTD234",1814,7,10,-126.14,48.07,0.1,0.24,3.7,13.37,31.46,FALSE,1,0,0.1,-1.30065665861107,-1.74720239110334
1338,"ECOHAB_1|1843","ECOHAB_1","LA06","Survey_3",20030622,"CTD239",1843,7,0,-125.29,48.21,0.2,0.11,2.5,11.8,31.49,FALSE,1,0,0.2,-1.50537792752242,-2.82181491919395
1339,"ECOHAB_1|1842","ECOHAB_1","LA06","Survey_3",20030622,"CTD239",1842,6,5,-125.29,48.21,0.1,0.13,2.3,11.82,31.5,FALSE,1,0,0.1,-1.4738823476899,-2.59170988412056
1340,"ECOHAB_1|1841","ECOHAB_1","LA06","Survey_3",20030622,"CTD239",1841,5,10,-125.29,48.21,0.2,0.19,2.6,11.93,31.63,FALSE,1,0,0.2,-1.37939560819236,-2.06899011412234
1350,"ECOHAB_1|1856","ECOHAB_1","LA04","Survey_3",20030622,"CTD243",1856,8,0,-125.07,48.32,16.8,1.26,28.9,10.33,32.02,FALSE,5,4,16.8,0.305617912847162,0.536888000914851
1351,"ECOHAB_1|1855","ECOHAB_1","LA04","Survey_3",20030622,"CTD243",1855,7,5,-125.07,48.32,14,1.2,23.5,9.53,32.18,FALSE,4,3,14,0.211131173349619,0.469683044747031
1352,"ECOHAB_1|1854","ECOHAB_1","LA04","Survey_3",20030622,"CTD243",1854,6,10,-125.07,48.32,13.1,0.98,20.8,9.54,32.18,FALSE,4,3,13.1,-0.13532020480804,0.190720378311506
1361,"ECOHAB_1|1868","ECOHAB_1","LA02","Survey_3",20030622,"CTD245",1868,9,0,-124.86,48.44,26.5,2.09,55,10.09,32,FALSE,6,5,26.5,1.61268447589651,1.23393885622948
1362,"ECOHAB_1|1867","ECOHAB_1","LA02","Survey_3",20030622,"CTD245",1867,8,5,-124.86,48.44,26.6,2.06,54.7,9.86,32.11,FALSE,6,5,26.6,1.56544110614774,1.21402388232844
1363,"ECOHAB_1|1866","ECOHAB_1","LA02","Survey_3",20030622,"CTD245",1866,7,10,-124.86,48.44,27.4,2.1,54.9,9.15,32.36,FALSE,6,5,27.4,1.62843226581277,1.24051370578799
1370,"ECOHAB_1|1879","ECOHAB_1","LA01","Survey_3",20030622,"CTD246",1879,11,0,-124.73,48.49,23.4,1.83,48.4,10.71,31.8,FALSE,6,5,23.4,1.20324193807382,1.05095011596697
1371,"ECOHAB_1|1876","ECOHAB_1","LA01","Survey_3",20030622,"CTD246",1876,8,5,-124.73,48.49,24.3,1.92,50.6,10.53,31.81,FALSE,6,5,24.3,1.34497204732014,1.11707937636187
1372,"ECOHAB_1|1875","ECOHAB_1","LA01","Survey_3",20030622,"CTD246",1875,7,10,-124.73,48.49,25.8,2,52.5,9.77,31.94,FALSE,6,5,25.8,1.4709543666502,1.17330874962017
1400,"ECOHAB_2|1920","ECOHAB_2","EH2",NA,20030831,"CTD002",1920,7,0,-124.77,47.6,17.3,1.28,35.9,11,32.67,FALSE,5,4,17.3,0.337113492679677,0.558580234539719
1401,"ECOHAB_2|1921","ECOHAB_2","EH2",NA,20030831,"CTD002",1921,6,5,-124.77,47.6,17,1.26,35.8,11,32.67,FALSE,5,4,17,0.305617912847162,0.536888000914851
1402,"ECOHAB_2|1922","ECOHAB_2","EH2",NA,20030831,"CTD002",1922,5,10,-124.77,47.6,17.3,1.28,34.5,10.5,32.72,FALSE,5,4,17.3,0.337113492679677,0.558580234539719
1408,"ECOHAB_2|1925","ECOHAB_2","CB01","Survey_1",20030901,"CTD003",1925,4,0,-124.37,47.3,18.7,1.77,42.2,9.59,33.16,FALSE,6,5,18.7,1.10875519857628,1.00503158502914
1409,"ECOHAB_2|1926","ECOHAB_2","CB01","Survey_1",20030901,"CTD003",1926,3,5,-124.37,47.3,19.2,1.84,42.4,9.58,33.16,FALSE,6,5,19.2,1.21898972799008,1.05845655616389
1410,"ECOHAB_2|1927","ECOHAB_2","CB01","Survey_1",20030901,"CTD003",1927,2,10,-124.37,47.3,24.8,2.37,52.3,9.26,33.19,FALSE,6,5,24.8,2.05362259355171,1.40711726246541
1412,"ECOHAB_2|1929","ECOHAB_2","CB02","Survey_1",20030901,"CTD004",1929,6,0,-124.47,47.27,1.5,0.3,10.8,11,32.96,FALSE,2,1,1.5,-1.20616991911353,-1.43983813356311
1413,"ECOHAB_2|1930","ECOHAB_2","CB02","Survey_1",20030901,"CTD004",1930,5,5,-124.47,47.27,2.3,0.35,11.5,11,32.96,FALSE,2,1,2.3,-1.12743096953224,-1.2275066143443
1414,"ECOHAB_2|1931","ECOHAB_2","CB02","Survey_1",20030901,"CTD004",1931,4,10,-124.47,47.27,19.1,1.52,29.2,8.86,33.02,FALSE,5,4,19.1,0.715060450669849,0.795291653342869
1421,"ECOHAB_2|1937","ECOHAB_2","CB04","Survey_1",20030901,"CTD006",1937,8,0,-124.72,47.2,7.5,0.56,24.8,12.4,32.52,FALSE,3,2,7.5,-0.796727381290842,-0.580110282729458
1422,"ECOHAB_2|1938","ECOHAB_2","CB04","Survey_1",20030901,"CTD006",1938,7,5,-124.72,47.2,7.6,0.59,25.4,12.4,32.51,FALSE,3,2,7.6,-0.74948401154207,-0.508228145948082
1423,"ECOHAB_2|1939","ECOHAB_2","CB04","Survey_1",20030901,"CTD006",1939,6,10,-124.72,47.2,8.4,0.65,25.9,12.2,32.51,FALSE,3,2,8.4,-0.654997272044527,-0.374824448270194
1432,"ECOHAB_2|1945","ECOHAB_2","CB06","Survey_1",20030901,"CTD008",1945,12,0,-125.02,47.13,0.8,0.38,7.4,14,32.11,FALSE,2,1,0.8,-1.08018759978347,-1.11422952496727
1433,"ECOHAB_2|1946","ECOHAB_2","CB06","Survey_1",20030901,"CTD008",1946,11,5,-125.02,47.13,0.8,0.37,7.5,14,32.11,FALSE,2,1,0.8,-1.09593538969973,-1.15096312500201
1434,"ECOHAB_2|1947","ECOHAB_2","CB06","Survey_1",20030901,"CTD008",1947,10,10,-125.02,47.13,1.8,0.51,7.6,13.5,32.12,FALSE,3,2,1.8,-0.875466330872128,-0.708935728106917
1446,"ECOHAB_2|1953","ECOHAB_2","KB03",NA,20030901,"CTD010",1953,3,0,-124.78,47.48,18.6,1.41,36.5,11.7,32.58,FALSE,5,4,18.6,0.54183476159102,0.691818365973378
1447,"ECOHAB_2|1954","ECOHAB_2","KB03",NA,20030901,"CTD010",1954,2,5,-124.78,47.48,18.6,1.4,36.3,11.1,32.59,FALSE,5,4,18.6,0.526086971674763,0.68201456396584
1448,"ECOHAB_2|1955","ECOHAB_2","KB03",NA,20030901,"CTD010",1955,1,10,-124.78,47.48,22.8,1.71,37.9,10.1,32.63,FALSE,6,5,22.8,1.01426845907874,0.957529347832107
1450,"ECOHAB_2|1957","ECOHAB_2","KB02",NA,20030901,"CTD012",1957,7,0,-124.64,47.53,16.8,1.25,34.1,10.2,32.78,FALSE,5,4,16.8,0.289870122930905,0.525912418005331
1451,"ECOHAB_2|1958","ECOHAB_2","KB02",NA,20030901,"CTD012",1958,6,5,-124.64,47.53,18.6,1.4,35.6,10.1,32.79,FALSE,5,4,18.6,0.526086971674763,0.68201456396584
1452,"ECOHAB_2|1959","ECOHAB_2","KB02",NA,20030901,"CTD012",1959,5,10,-124.64,47.53,22.2,1.7,38.3,9.56,32.87,FALSE,5,4,22.2,0.998520669162479,0.949450565921297
1457,"ECOHAB_2|1961","ECOHAB_2","KB01","Survey_1",20030902,"CTD014",1961,4,0,-124.5,47.58,14.9,1.18,32.7,9.99,32.94,FALSE,4,3,14.9,0.179635593517104,0.446532443206988
1458,"ECOHAB_2|1962","ECOHAB_2","KB01","Survey_1",20030902,"CTD014",1962,3,5,-124.5,47.58,14.6,1.13,32.7,10,32.93,FALSE,4,3,14.6,0.100896643935818,0.386894194752768
1459,"ECOHAB_2|1963","ECOHAB_2","KB01","Survey_1",20030902,"CTD014",1963,2,10,-124.5,47.58,24.2,1.94,44.2,8.86,33.08,FALSE,6,5,24.2,1.37646762715265,1.13135337318799
1461,"ECOHAB_2|1965","ECOHAB_2","KB02","Survey_1",20030902,"CTD015",1965,7,0,-124.64,47.53,20.7,1.59,40.4,10.7,32.7,FALSE,5,4,20.7,0.82529498008365,0.85730854926359
1462,"ECOHAB_2|1966","ECOHAB_2","KB02","Survey_1",20030902,"CTD015",1966,6,5,-124.64,47.53,20.9,1.59,40.7,10.7,32.69,FALSE,5,4,20.9,0.82529498008365,0.85730854926359
1463,"ECOHAB_2|1967","ECOHAB_2","KB02","Survey_1",20030902,"CTD015",1967,5,10,-124.64,47.53,22.6,1.7,40.1,10.3,32.71,FALSE,5,4,22.6,0.998520669162479,0.949450565921297
1471,"ECOHAB_2|1973","ECOHAB_2","KB04","Survey_1",20030902,"CTD017",1973,9,0,-124.92,47.43,10.9,0.93,34.1,13.1,32.1,FALSE,4,3,10.9,-0.214059154389325,0.1185872295263
1472,"ECOHAB_2|1974","ECOHAB_2","KB04","Survey_1",20030902,"CTD017",1974,8,5,-124.92,47.43,11.9,1,34.4,13,32.09,FALSE,4,3,11.9,-0.103824624975525,0.218548160465104
1473,"ECOHAB_2|1975","ECOHAB_2","KB04","Survey_1",20030902,"CTD017",1975,7,10,-124.92,47.43,22,1.69,40.2,11.5,32.14,FALSE,5,4,22,0.982772879246222,0.94132412130465
1483,"ECOHAB_2|1981","ECOHAB_2","KB06","Survey_1",20030902,"CTD019",1981,12,0,-125.21,47.33,0.2,0.31,16.2,14.3,32.1,FALSE,2,1,0.2,-1.19042212919727,-1.39467250145092
1484,"ECOHAB_2|1982","ECOHAB_2","KB06","Survey_1",20030902,"CTD019",1982,11,5,-125.21,47.33,0.2,0.33,15.4,14.3,32.1,FALSE,2,1,0.2,-1.15892654936476,-1.30855518821672
1485,"ECOHAB_2|1983","ECOHAB_2","KB06","Survey_1",20030902,"CTD019",1983,10,10,-125.21,47.33,0.3,0.35,12.7,14.3,32.1,FALSE,2,1,0.3,-1.12743096953224,-1.2275066143443
1515,"ECOHAB_2|2000","ECOHAB_2","LP06","Survey_1",20030902,"CTD023",2000,11,0,-125.31,47.54,0.7,0.4,17.9,14.4,32.12,FALSE,2,1,0.7,-1.04869201995096,-1.04357668623019
1516,"ECOHAB_2|2001","ECOHAB_2","LP06","Survey_1",20030902,"CTD023",2001,10,5,-125.31,47.54,0.6,0.37,17.8,14.4,32.12,FALSE,2,1,0.6,-1.09593538969973,-1.15096312500201
1517,"ECOHAB_2|2002","ECOHAB_2","LP06","Survey_1",20030902,"CTD023",2002,9,10,-125.31,47.54,0.7,0.39,15.2,14.4,32.12,FALSE,2,1,0.7,-1.06443980986721,-1.07845015314334
1530,"ECOHAB_2|2010","ECOHAB_2","LP04","Survey_1",20030902,"CTD025",2010,8,0,-125.06,47.65,7.5,0.74,26,13.5,32.29,FALSE,4,3,7.5,-0.513267162798212,-0.196202535846943
1531,"ECOHAB_2|2011","ECOHAB_2","LP04","Survey_1",20030902,"CTD025",2011,7,5,-125.06,47.65,7.4,0.73,26.1,13.6,32.29,FALSE,4,3,7.4,-0.52901495271447,-0.214943346942965
1532,"ECOHAB_2|2012","ECOHAB_2","LP04","Survey_1",20030902,"CTD025",2012,6,10,-125.06,47.65,8,0.78,25.2,13.2,32.29,FALSE,4,3,8,-0.450276003133183,-0.123689563988267
1541,"ECOHAB_2|2018","ECOHAB_2","LP02","Survey_1",20030903,"CTD027",2018,7,0,-124.81,47.77,14.3,1.15,39.7,13.3,32.39,FALSE,4,3,14.3,0.132392223768333,0.411060224549051
1542,"ECOHAB_2|2019","ECOHAB_2","LP02","Survey_1",20030903,"CTD027",2019,6,5,-124.81,47.77,14.7,1.2,30.8,13,32.39,FALSE,4,3,14.7,0.211131173349619,0.469683044747031
1543,"ECOHAB_2|2020","ECOHAB_2","LP02","Survey_1",20030903,"CTD027",2020,5,10,-124.81,47.77,16.2,1.33,20.7,9.63,32.38,FALSE,5,4,16.2,0.415852442260963,0.611361725228762
1548,"ECOHAB_2|2022","ECOHAB_2","LP01","Survey_1",20030903,"CTD028",2022,5,0,-124.68,47.83,25.2,1.95,46.9,10,32.89,FALSE,6,5,25.2,1.39221541706891,1.13843528270703
1549,"ECOHAB_2|2023","ECOHAB_2","LP01","Survey_1",20030903,"CTD028",2023,4,5,-124.68,47.83,25.7,2.03,47.8,9.97,32.89,FALSE,6,5,25.7,1.51819773639897,1.19381674681747
1550,"ECOHAB_2|2024","ECOHAB_2","LP01","Survey_1",20030903,"CTD028",2024,3,10,-124.68,47.83,28.3,2.2,47.4,8.56,33.13,FALSE,6,5,28.3,1.78591016497534,1.30459169496656
1554,"ECOHAB_2|2027","ECOHAB_2","OZ01","Survey_1",20030903,"CTD029",2027,5,5,-124.73,48.06,28.3,2.23,50.9,9.21,33.12,FALSE,6,5,28.3,1.83315353472411,1.32324789484187
1555,"ECOHAB_2|2028","ECOHAB_2","OZ01","Survey_1",20030903,"CTD029",2028,4,10,-124.73,48.06,30.9,2.41,51.1,7.91,33.32,FALSE,6,5,30.9,2.11661375321674,1.43017099503202
1559,"ECOHAB_2|2030","ECOHAB_2","OZ02","Survey_1",20030903,"CTD030",2030,6,0,-124.86,48.01,12.8,1.06,41.1,13.2,32.49,FALSE,4,3,12.8,-0.0093378854779818,0.298809407441436
1560,"ECOHAB_2|2031","ECOHAB_2","OZ02","Survey_1",20030903,"CTD030",2031,5,5,-124.86,48.01,13.1,1.14,40.2,13.2,32.49,FALSE,4,3,13.1,0.116644433852076,0.399030206009952
1561,"ECOHAB_2|2032","ECOHAB_2","OZ02","Survey_1",20030903,"CTD030",2032,4,10,-124.86,48.01,13.3,1.1,39.6,13.1,32.49,FALSE,4,3,13.3,0.0536532741870471,0.34983110581149
1568,"ECOHAB_2|2038","ECOHAB_2","OZ04","Survey_1",20030903,"CTD032",2038,8,0,-125.1,47.89,6.6,0.68,30.7,14,32,FALSE,3,2,6.6,-0.607753902295755,-0.312674280774001
1569,"ECOHAB_2|2039","ECOHAB_2","OZ04","Survey_1",20030903,"CTD032",2039,7,5,-125.1,47.89,6.6,0.68,31.1,14,32,FALSE,3,2,6.6,-0.607753902295755,-0.312674280774001
1570,"ECOHAB_2|2040","ECOHAB_2","OZ04","Survey_1",20030903,"CTD032",2040,6,10,-125.1,47.89,8.2,0.79,31.4,14,32,FALSE,4,3,8.2,-0.434528213216926,-0.106142468511812
1579,"ECOHAB_2|2046","ECOHAB_2","OZ06","Survey_1",20030903,"CTD034",2046,10,0,-125.35,47.78,0.5,0.28,30.5,14.5,31.95,FALSE,1,0,0.5,-1.23766549894604,-1.53487087188453
1580,"ECOHAB_2|2047","ECOHAB_2","OZ06","Survey_1",20030903,"CTD034",2047,9,5,-125.35,47.78,0.5,0.3,29.8,14.5,31.95,FALSE,2,1,0.5,-1.20616991911353,-1.43983813356311
1581,"ECOHAB_2|2048","ECOHAB_2","OZ06","Survey_1",20030903,"CTD034",2048,8,10,-125.35,47.78,1.2,0.35,26.9,14.4,31.95,FALSE,2,1,1.2,-1.12743096953224,-1.2275066143443
1591,"ECOHAB_2|2055","ECOHAB_2","OZ08","Survey_1",20030903,"CTD036",2055,9,0,-125.59,47.66,0.3,0.34,5.9,15.2,31.99,FALSE,2,1,0.3,-1.1431787594485,-1.26743486992907
1592,"ECOHAB_2|2056","ECOHAB_2","OZ08","Survey_1",20030903,"CTD036",2056,8,5,-125.59,47.66,0.3,0.34,6,15.3,31.99,FALSE,2,1,0.3,-1.1431787594485,-1.26743486992907
1593,"ECOHAB_2|2057","ECOHAB_2","OZ08","Survey_1",20030903,"CTD036",2057,7,10,-125.59,47.66,0.7,0.39,6.6,15.2,31.99,FALSE,2,1,0.7,-1.06443980986721,-1.07845015314334
1607,"ECOHAB_2|2068","ECOHAB_2","CF08","Survey_1",20030903,"CTD039",2068,9,0,-125.66,47.82,3.3,0.54,13.4,13.3,31.98,FALSE,3,2,3.3,-0.828222961123356,-0.630204107459029
1608,"ECOHAB_2|2069","ECOHAB_2","CF08","Survey_1",20030903,"CTD039",2069,8,5,-125.66,47.82,3.3,0.52,14.2,13.3,31.98,FALSE,3,2,3.3,-0.859718540955871,-0.682188705810421
1609,"ECOHAB_2|2070","ECOHAB_2","CF08","Survey_1",20030903,"CTD039",2070,7,10,-125.66,47.82,4.1,0.6,14.7,13.3,31.98,FALSE,3,2,4.1,-0.733736221625813,-0.48507754440804
1620,"ECOHAB_2|2077","ECOHAB_2","CF06","Survey_1",20030903,"CTD042",2077,9,0,-125.39,47.95,2.8,0.48,17.4,14.1,32.08,FALSE,3,2,2.8,-0.9227097006209,-0.792441801948267
1621,"ECOHAB_2|2078","ECOHAB_2","CF06","Survey_1",20030903,"CTD042",2078,8,5,-125.39,47.95,3.2,0.52,17.3,14,32.09,FALSE,3,2,3.2,-0.859718540955871,-0.682188705810421
1622,"ECOHAB_2|2079","ECOHAB_2","CF06","Survey_1",20030903,"CTD042",2079,7,10,-125.39,47.95,5.4,0.65,16.9,13.8,32.09,FALSE,3,2,5.4,-0.654997272044527,-0.374824448270194
1632,"ECOHAB_2|2085","ECOHAB_2","CF04","Survey_1",20030904,"CTD044",2085,8,0,-125.13,48.08,18.7,1.49,41,12.2,32.21,FALSE,5,4,18.7,0.667817080921078,0.767833700260418
1633,"ECOHAB_2|2086","ECOHAB_2","CF04","Survey_1",20030904,"CTD044",2086,7,5,-125.13,48.08,19.9,1.54,40.4,11.8,32.24,FALSE,5,4,19.9,0.746556030502364,0.813297509312226
1634,"ECOHAB_2|2087","ECOHAB_2","CF04","Survey_1",20030904,"CTD044",2087,6,10,-125.13,48.08,22.9,1.77,42.6,11.1,32.33,FALSE,6,5,22.9,1.10875519857628,1.00503158502914
1643,"ECOHAB_2|2093","ECOHAB_2","CF02","Survey_1",20030904,"CTD046",2093,5,0,-124.87,48.22,12.1,1.03,39.6,13.9,32.49,FALSE,4,3,12.1,-0.0565812552267534,0.259263293173365
1644,"ECOHAB_2|2094","ECOHAB_2","CF02","Survey_1",20030904,"CTD046",2094,4,5,-124.87,48.22,19.6,1.54,42.4,13.2,32.51,FALSE,5,4,19.6,0.746556030502364,0.813297509312226
1645,"ECOHAB_2|2095","ECOHAB_2","CF02","Survey_1",20030904,"CTD046",2095,3,10,-124.87,48.22,26.4,2.01,45.7,9.77,32.72,FALSE,6,5,26.4,1.48670215656645,1.18017873078012
1648,"ECOHAB_2|2097","ECOHAB_2","CF01","Survey_1",20030904,"CTD047",2097,5,0,-124.74,48.28,29.4,2.24,50.2,9.4,32.96,FALSE,6,5,29.4,1.84890132464037,1.32941089558068
1649,"ECOHAB_2|2098","ECOHAB_2","CF01","Survey_1",20030904,"CTD047",2098,4,5,-124.74,48.28,30.4,2.33,51.5,9,33.05,FALSE,6,5,30.4,1.99063143388668,1.38367110714949
1650,"ECOHAB_2|2099","ECOHAB_2","CF01","Survey_1",20030904,"CTD047",2099,3,10,-124.74,48.28,31.9,2.45,54.3,8.37,33.28,FALSE,6,5,31.9,2.17960491288177,1.4528452250068
1653,"ECOHAB_2|2101","ECOHAB_2","LA01","Survey_1",20030904,"CTD048",2101,9,0,-124.73,48.49,26.2,2.14,48.3,10.3,32.13,FALSE,6,5,26.2,1.6914234254778,1.26650369131511
1654,"ECOHAB_2|2102","ECOHAB_2","LA01","Survey_1",20030904,"CTD048",2102,8,5,-124.73,48.49,26.7,2.19,48.8,9.62,32.24,FALSE,6,5,26.7,1.77016237505908,1.29831638403426
1655,"ECOHAB_2|2103","ECOHAB_2","LA01","Survey_1",20030904,"CTD048",2103,7,10,-124.73,48.49,28.5,2.27,50.9,9.41,32.29,FALSE,6,5,28.5,1.89614469438914,1.34773615523083
1662,"ECOHAB_2|2105","ECOHAB_2","LA02","Survey_1",20030904,"CTD049",2105,9,0,-124.86,48.44,27,2.2,49.1,10.6,32.22,FALSE,6,5,27,1.78591016497534,1.30459169496656
1663,"ECOHAB_2|2106","ECOHAB_2","LA02","Survey_1",20030904,"CTD049",2106,8,5,-124.86,48.44,28.7,2.29,51,9.75,32.52,FALSE,6,5,28.7,1.92764027422165,1.35981893768432
1664,"ECOHAB_2|2107","ECOHAB_2","LA02","Survey_1",20030904,"CTD049",2107,7,10,-124.86,48.44,29.4,2.32,51.7,9.52,32.63,FALSE,6,5,29.4,1.97488364397043,1.37774667493157
1674,"ECOHAB_2|2113","ECOHAB_2","LA04","Survey_1",20030904,"CTD051",2113,8,0,-125.07,48.32,14.6,1.18,41.7,13.1,32.55,FALSE,4,3,14.6,0.179635593517104,0.446532443206988
1675,"ECOHAB_2|2114","ECOHAB_2","LA04","Survey_1",20030904,"CTD051",2114,7,5,-125.07,48.32,14.7,1.19,41.7,13.1,32.55,FALSE,4,3,14.7,0.195383383433362,0.458156380266963
1676,"ECOHAB_2|2115","ECOHAB_2","LA04","Survey_1",20030904,"CTD051",2115,6,10,-125.07,48.32,17.5,1.38,42.9,13.1,32.55,FALSE,5,4,17.5,0.494591391842248,0.662195108830978
1685,"ECOHAB_2|2125","ECOHAB_2","LA06","Survey_1",20030904,"CTD053",2125,8,0,-125.29,48.21,15.8,1.32,41.9,12.9,32.37,FALSE,5,4,15.8,0.400104652344705,0.600965990093417
1686,"ECOHAB_2|2126","ECOHAB_2","LA06","Survey_1",20030904,"CTD053",2126,7,5,-125.29,48.21,16.7,1.58,42.3,12.9,32.37,FALSE,5,4,16.7,0.809547190167393,0.848618120643258
1687,"ECOHAB_2|2127","ECOHAB_2","LA06","Survey_1",20030904,"CTD053",2127,6,10,-125.29,48.21,21.4,1.72,45,11.9,32.25,FALSE,6,5,21.4,1.03001624899499,0.965561022875136
1696,"ECOHAB_2|2129","ECOHAB_2","LA08","Survey_1",20030904,"CTD055",2129,8,0,-125.51,48.1,17.3,1.52,38.7,12.3,31.64,FALSE,5,4,17.3,0.715060450669849,0.795291653342869
1697,"ECOHAB_2|2130","ECOHAB_2","LA08","Survey_1",20030904,"CTD055",2130,7,5,-125.51,48.1,19.8,1.59,41.7,11.9,31.69,FALSE,5,4,19.8,0.82529498008365,0.85730854926359
1698,"ECOHAB_2|2131","ECOHAB_2","LA08","Survey_1",20030904,"CTD055",2131,6,10,-125.51,48.1,28.5,2.24,52.4,10.1,32.15,FALSE,6,5,28.5,1.84890132464037,1.32941089558068
1707,"ECOHAB_2|2137","ECOHAB_2","LA10","Survey_1",20030904,"CTD057",2137,9,0,-125.72,47.98,21.5,1.65,42.2,12.4,31.53,FALSE,5,4,21.5,0.919781719581193,0.908330247633644
1708,"ECOHAB_2|2138","ECOHAB_2","LA10","Survey_1",20030904,"CTD057",2138,8,5,-125.72,47.98,21.4,1.65,42.2,12.3,31.54,FALSE,5,4,21.4,0.919781719581193,0.908330247633644
1709,"ECOHAB_2|2139","ECOHAB_2","LA10","Survey_1",20030904,"CTD057",2139,7,10,-125.72,47.98,21.7,1.64,41.6,12.1,31.59,FALSE,5,4,21.7,0.904033929664936,0.899956797122457
1716,"ECOHAB_2|2145","ECOHAB_2","LAB10","Survey_1",20030904,"CTD059",2145,9,0,-125.97,48,1.6,0.49,13.2,15.4,32.01,FALSE,3,2,1.6,-0.906961910704642,-0.764040210843564
1717,"ECOHAB_2|2146","ECOHAB_2","LAB10","Survey_1",20030904,"CTD059",2146,8,5,-125.97,48,1.5,0.47,13.1,15.3,32,FALSE,3,2,1.5,-0.938457490537157,-0.821441365003847
1718,"ECOHAB_2|2147","ECOHAB_2","LAB10","Survey_1",20030904,"CTD059",2147,7,10,-125.97,48,1.9,0.57,13,14.8,32.03,FALSE,3,2,1.9,-0.780979591374585,-0.555730383145118
1728,"ECOHAB_2|2155","ECOHAB_2","LAB08","Survey_1",20030905,"CTD061",2155,9,0,-125.72,48.13,14.2,1.25,39.8,13.2,31.42,FALSE,5,4,14.2,0.289870122930905,0.525912418005331
1729,"ECOHAB_2|2156","ECOHAB_2","LAB08","Survey_1",20030905,"CTD061",2156,8,5,-125.72,48.13,14.9,1.28,39.7,13.1,31.43,FALSE,5,4,14.9,0.337113492679677,0.558580234539719
1730,"ECOHAB_2|2157","ECOHAB_2","LAB08","Survey_1",20030905,"CTD061",2157,7,10,-125.72,48.13,16.9,1.42,41.5,12.6,31.44,FALSE,5,4,16.9,0.557582551507277,0.701552882582284
1740,"ECOHAB_2|2163","ECOHAB_2","LAB06","Survey_1",20030905,"CTD063",2163,8,0,-125.47,48.26,9.3,0.88,28.8,13.9,31.63,FALSE,4,3,9.3,-0.292798103970611,0.0424668482712623
1741,"ECOHAB_2|2164","ECOHAB_2","LAB06","Survey_1",20030905,"CTD063",2164,7,5,-125.47,48.26,11.5,1.01,29.8,12.8,31.67,FALSE,4,3,11.5,-0.0880768350592679,0.232254028445385
1742,"ECOHAB_2|2165","ECOHAB_2","LAB06","Survey_1",20030905,"CTD063",2165,6,10,-125.47,48.26,20.1,1.64,39.2,12.4,31.77,FALSE,5,4,20.1,0.904033929664936,0.899956797122457
1751,"ECOHAB_2|2171","ECOHAB_2","LAB04","Survey_1",20030905,"CTD065",2171,8,0,-125.21,48.39,17.7,1.39,41.3,12.6,32.53,FALSE,5,4,17.7,0.510339181758506,0.672140483207951
1752,"ECOHAB_2|2172","ECOHAB_2","LAB04","Survey_1",20030905,"CTD065",2172,7,5,-125.21,48.39,18.8,1.45,41.8,12.6,32.53,FALSE,5,4,18.8,0.604825921256049,0.730350343316731
1753,"ECOHAB_2|2173","ECOHAB_2","LAB04","Survey_1",20030905,"CTD065",2173,6,10,-125.21,48.39,19.5,1.5,42,12,32.58,FALSE,5,4,19.5,0.683564870837335,0.777047302287258
1763,"ECOHAB_2|2180","ECOHAB_2","LAB02","Survey_1",20030905,"CTD067",2180,6,0,-124.96,48.53,27.2,2.12,46,10.1,32.56,FALSE,6,5,27.2,1.65992784564528,1.25356999659651
1764,"ECOHAB_2|2181","ECOHAB_2","LAB02","Survey_1",20030905,"CTD067",2181,5,5,-124.96,48.53,27.8,2.16,47,9.89,32.62,FALSE,6,5,27.8,1.72291900531031,1.27931707085111
1765,"ECOHAB_2|2182","ECOHAB_2","LAB02","Survey_1",20030905,"CTD067",2182,4,10,-124.96,48.53,30.3,2.33,48.7,9.03,32.86,FALSE,6,5,30.3,1.99063143388668,1.38367110714949
1769,"ECOHAB_2|2184","ECOHAB_2","LAB01","Survey_1",20030905,"CTD068",2184,6,0,-124.83,48.59,27.4,2.19,47.1,10.7,32.09,FALSE,6,5,27.4,1.77016237505908,1.29831638403426
1770,"ECOHAB_2|2185","ECOHAB_2","LAB01","Survey_1",20030905,"CTD068",2185,5,5,-124.83,48.59,27.6,2.22,47.4,10.6,32.1,FALSE,6,5,27.6,1.81740574480785,1.31705719513028
1771,"ECOHAB_2|2186","ECOHAB_2","LAB01","Survey_1",20030905,"CTD068",2186,4,10,-124.83,48.59,27.6,2.21,46.9,10.5,32.11,FALSE,6,5,27.6,1.8016579548916,1.31083854634107
1775,"ECOHAB_2|2188","ECOHAB_2","LC01","Survey_1",20030905,"CTD069",2188,7,0,-125.46,48.84,16.2,1.42,43,12.7,31.53,FALSE,5,4,16.2,0.557582551507277,0.701552882582284
1776,"ECOHAB_2|2189","ECOHAB_2","LC01","Survey_1",20030905,"CTD069",2189,6,5,-125.46,48.84,17.5,1.58,43.8,12.6,31.54,FALSE,5,4,17.5,0.809547190167393,0.848618120643258
1777,"ECOHAB_2|2190","ECOHAB_2","LC01","Survey_1",20030905,"CTD069",2190,5,10,-125.46,48.84,23.7,2.01,47.1,12.3,31.59,FALSE,6,5,23.7,1.48670215656645,1.18017873078012
1782,"ECOHAB_2|2192","ECOHAB_2","LC03","Survey_1",20030905,"CTD070",2192,8,0,-125.57,48.78,12.7,1.24,42.9,13.2,31.44,FALSE,5,4,12.7,0.274122333014648,0.514848676859216
1783,"ECOHAB_2|2193","ECOHAB_2","LC03","Survey_1",20030905,"CTD070",2193,7,5,-125.57,48.78,14.9,1.32,43.4,13.1,31.44,FALSE,5,4,14.9,0.400104652344705,0.600965990093417
1784,"ECOHAB_2|2194","ECOHAB_2","LC03","Survey_1",20030905,"CTD070",2194,6,10,-125.57,48.78,20.7,1.72,43.6,12.7,31.45,FALSE,6,5,20.7,1.03001624899499,0.965561022875136
1794,"ECOHAB_2|2201","ECOHAB_2","LC05","Survey_1",20030905,"CTD072",2201,6,0,-125.79,48.66,10.7,1.07,39.7,12.8,31.39,FALSE,4,3,10.7,0.00640990443827542,0.311743102160042
1795,"ECOHAB_2|2202","ECOHAB_2","LC05","Survey_1",20030905,"CTD072",2202,5,5,-125.79,48.66,11.7,1.1,40.5,12.7,31.39,FALSE,4,3,11.7,0.0536532741870471,0.34983110581149
1796,"ECOHAB_2|2203","ECOHAB_2","LC05","Survey_1",20030905,"CTD072",2203,4,10,-125.79,48.66,19.2,1.56,42.2,11.2,31.54,FALSE,5,4,19.2,0.778051610334878,0.831071025166804
1803,"ECOHAB_2|2209","ECOHAB_2","LC07","Survey_1",20030905,"CTD074",2209,8,0,-126.01,48.55,2.3,0.58,28.9,14.1,31.83,FALSE,3,2,2.3,-0.765231801458328,-0.531774503378568
1804,"ECOHAB_2|2210","ECOHAB_2","LC07","Survey_1",20030905,"CTD074",2210,7,5,-126.01,48.55,4.5,0.7,25.6,13.6,31.86,FALSE,3,2,4.5,-0.576258322463241,-0.27274602518923
1805,"ECOHAB_2|2211","ECOHAB_2","LC07","Survey_1",20030905,"CTD074",2211,6,10,-126.01,48.55,7.3,0.87,19.2,11.8,32.12,FALSE,4,3,7.3,-0.308545893886869,0.026724638443587
1814,"ECOHAB_2|2217","ECOHAB_2","LC09","Survey_1",20030906,"CTD076",2217,9,0,-126.23,48.43,1.6,0.44,22.7,13.5,32.05,FALSE,2,1,1.6,-0.985700860285928,-0.912293740883808
1815,"ECOHAB_2|2218","ECOHAB_2","LC09","Survey_1",20030906,"CTD076",2218,8,5,-126.23,48.43,3,0.57,22.8,13.5,32.04,FALSE,3,2,3,-0.780979591374585,-0.555730383145118
1816,"ECOHAB_2|2219","ECOHAB_2","LC09","Survey_1",20030906,"CTD076",2219,7,10,-126.23,48.43,4.8,0.77,18.5,12.7,32.1,FALSE,4,3,4.8,-0.466023793049441,-0.141463079842844
1826,"ECOHAB_2|2225","ECOHAB_2","LBC09","Survey_1",20030906,"CTD078",2225,9,0,-126.25,48.22,0.2,0.38,9.5,16.3,31.98,FALSE,2,1,0.2,-1.08018759978347,-1.11422952496727
1827,"ECOHAB_2|2226","ECOHAB_2","LBC09","Survey_1",20030906,"CTD078",2226,8,5,-126.25,48.22,0.2,0.37,10.5,16.1,31.98,FALSE,2,1,0.2,-1.09593538969973,-1.15096312500201
1828,"ECOHAB_2|2227","ECOHAB_2","LBC09","Survey_1",20030906,"CTD078",2227,7,10,-126.25,48.22,0.8,0.42,15,15.5,32.01,FALSE,2,1,0.8,-1.01719644011844,-0.976371730062374
1838,"ECOHAB_2|2233","ECOHAB_2","LBC05","Survey_1",20030906,"CTD080",2233,7,0,-125.76,48.48,25.9,2.07,45.4,11.5,32.12,FALSE,6,5,25.9,1.581188896064,1.22069425065313
1839,"ECOHAB_2|2234","ECOHAB_2","LBC05","Survey_1",20030906,"CTD080",2234,6,5,-125.76,48.48,26.6,2.13,46.4,10.6,32.36,FALSE,6,5,26.6,1.67567563556154,1.26005202440444
1840,"ECOHAB_2|2235","ECOHAB_2","LBC05","Survey_1",20030906,"CTD080",2235,5,10,-125.76,48.48,26.9,2.26,47.3,10.4,32.43,FALSE,6,5,26.9,1.88039690447288,1.34165478390784
1845,"ECOHAB_2|2237","ECOHAB_2","LBC04","Survey_1",20030906,"CTD081",2237,4,0,-125.63,48.54,27.1,2.05,46.1,11.1,32.28,FALSE,6,5,27.1,1.54969331623148,1.20732105466268
1846,"ECOHAB_2|2238","ECOHAB_2","LBC04","Survey_1",20030906,"CTD081",2238,3,5,-125.63,48.54,27.3,2.19,46,10.2,32.29,FALSE,6,5,27.3,1.77016237505908,1.29831638403426
1847,"ECOHAB_2|2239","ECOHAB_2","LBC04","Survey_1",20030906,"CTD081",2239,2,10,-125.63,48.54,28.8,2.27,48.2,9.44,32.53,FALSE,6,5,28.8,1.89614469438914,1.34773615523083
1861,"ECOHAB_2|2259","ECOHAB_2","LA10/DD01",NA,20030906,"CTD086",2259,9,0,-125.72,47.98,6.9,0.74,26.8,13.5,31.79,FALSE,4,3,6.9,-0.513267162798212,-0.196202535846943
1862,"ECOHAB_2|2260","ECOHAB_2","LA10/DD01",NA,20030906,"CTD086",2260,8,5,-125.72,47.98,8.8,0.83,28.3,13.5,31.79,FALSE,4,3,8.8,-0.371537053551898,-0.0381074861861789
1863,"ECOHAB_2|2261","ECOHAB_2","LA10/DD01",NA,20030906,"CTD086",2261,7,10,-125.72,47.98,15.2,1.27,30.4,12,31.96,FALSE,5,4,15.2,0.321365702763419,0.547776819415838
1876,"ECOHAB_2|2272","ECOHAB_2","DD03",NA,20030907,"CTD089",2272,7,0,-125.66,47.99,9.6,0.93,30.4,13.3,31.55,FALSE,4,3,9.6,-0.214059154389325,0.1185872295263
1877,"ECOHAB_2|2273","ECOHAB_2","DD03",NA,20030907,"CTD089",2273,6,5,-125.66,47.99,15,1.29,35.7,12.5,31.73,FALSE,5,4,15,0.352861282595934,0.56929957554222
1878,"ECOHAB_2|2274","ECOHAB_2","DD03",NA,20030907,"CTD089",2274,5,10,-125.66,47.99,20.4,1.7,39.2,11.6,31.94,FALSE,5,4,20.4,0.998520669162479,0.949450565921297
1888,"ECOHAB_2|2284","ECOHAB_2","DD05",NA,20030907,"CTD091",2284,7,0,-125.61,48.03,5.8,0.76,26.9,13.8,31.52,FALSE,4,3,5.8,-0.481771582965698,-0.159468935812202
1889,"ECOHAB_2|2285","ECOHAB_2","DD05",NA,20030907,"CTD091",2285,6,5,-125.61,48.03,7.3,0.86,28.3,13.6,31.54,FALSE,4,3,7.3,-0.324293683803126,0.0108004337200653
1890,"ECOHAB_2|2286","ECOHAB_2","DD05",NA,20030907,"CTD091",2286,5,10,-125.61,48.03,11.8,1.18,29.4,12.5,31.89,FALSE,4,3,11.8,0.179635593517104,0.446532443206988
1896,"ECOHAB_2|2291","ECOHAB_2","LA10","Survey_2",20030908,"CTD092",2291,6,5,-125.72,47.98,8.5,0.91,29.2,13.7,31.47,FALSE,4,3,8.5,-0.24555473422184,0.088641955230543
1897,"ECOHAB_2|2292","ECOHAB_2","LA10","Survey_2",20030908,"CTD092",2292,5,10,-125.72,47.98,14.9,1.32,24.8,11.8,31.71,FALSE,5,4,14.9,0.400104652344705,0.600965990093417
1902,"ECOHAB_2|2294","ECOHAB_2","DD06",NA,20030908,"CTD093",2294,8,0,-125.58,48.08,5.2,0.66,27.3,14.5,31.53,FALSE,3,2,5.2,-0.63924948212827,-0.353794599061654
1903,"ECOHAB_2|2295","ECOHAB_2","DD06",NA,20030908,"CTD093",2295,7,5,-125.58,48.08,8.2,0.84,28.2,13.6,31.61,FALSE,4,3,8.2,-0.35578926363564,-0.0216111409073033
1904,"ECOHAB_2|2296","ECOHAB_2","DD06",NA,20030908,"CTD093",2296,6,10,-125.58,48.08,12.6,1.12,29.3,12.5,31.85,FALSE,4,3,12.6,0.0851488540195615,0.374650306425613
1910,"ECOHAB_2|2300","ECOHAB_2","LA08","Survey_2",20030908,"CTD094",2300,8,0,-125.51,48.1,14.5,1.22,36.9,13.7,31.28,FALSE,4,3,14.5,0.242626753182133,0.492450974144812
1911,"ECOHAB_2|2301","ECOHAB_2","LA08","Survey_2",20030908,"CTD094",2301,7,5,-125.51,48.1,15.3,1.31,38.1,13.2,31.4,FALSE,5,4,15.3,0.384356862428448,0.590491199178946
1912,"ECOHAB_2|2302","ECOHAB_2","LA08","Survey_2",20030908,"CTD094",2302,6,10,-125.51,48.1,14.6,1.3,34.1,12.7,31.59,FALSE,5,4,14.6,0.368609072512191,0.579936140884877
1921,"ECOHAB_2|2308","ECOHAB_2","LA06","Survey_2",20030908,"CTD096",2308,8,0,-125.29,48.21,7.9,0.88,33.8,14,31.4,FALSE,4,3,7.9,-0.292798103970611,0.0424668482712623
1922,"ECOHAB_2|2309","ECOHAB_2","LA06","Survey_2",20030908,"CTD096",2309,7,5,-125.29,48.21,11.6,1.14,33.8,13.3,31.53,FALSE,4,3,11.6,0.116644433852076,0.399030206009952
1923,"ECOHAB_2|2310","ECOHAB_2","LA06","Survey_2",20030908,"CTD096",2310,6,10,-125.29,48.21,16.9,1.49,34.6,12.5,31.66,FALSE,5,4,16.9,0.667817080921078,0.767833700260418
1932,"ECOHAB_2|2316","ECOHAB_2","LA04","Survey_2",20030908,"CTD098",2316,8,0,-125.07,48.32,18.1,1.53,41.6,12.4,31.76,FALSE,5,4,18.1,0.730808240586107,0.804324002870308
1933,"ECOHAB_2|2317","ECOHAB_2","LA04","Survey_2",20030908,"CTD098",2317,7,5,-125.07,48.32,22.1,1.78,43.3,12.2,31.92,FALSE,6,5,22.1,1.12450298849254,1.01279176536996
1934,"ECOHAB_2|2318","ECOHAB_2","LA04","Survey_2",20030908,"CTD098",2318,6,10,-125.07,48.32,28.2,2.16,45.2,10.2,32.6,FALSE,6,5,28.2,1.72291900531031,1.27931707085111
1940,"ECOHAB_2|2324","ECOHAB_2","DD07",NA,20030908,"CTD101",2324,7,0,-125.62,48.13,9.9,0.97,29,13.3,31.65,FALSE,4,3,9.9,-0.151067994724297,0.176592784032924
1941,"ECOHAB_2|2325","ECOHAB_2","DD07",NA,20030908,"CTD101",2325,6,5,-125.62,48.13,14,1.27,29.6,12.3,31.91,FALSE,5,4,14,0.321365702763419,0.547776819415838
1942,"ECOHAB_2|2326","ECOHAB_2","DD07",NA,20030908,"CTD101",2326,5,10,-125.62,48.13,18.5,1.55,31.6,10.9,32.18,FALSE,5,4,18.5,0.762303820418621,0.822212934399444
1962,"ECOHAB_2|2358","ECOHAB_2","LAB08","Survey_2",20030909,"CTD111",2358,9,0,-125.72,48.13,8.2,0.83,29.8,13.7,31.6,FALSE,4,3,8.2,-0.371537053551898,-0.0381074861861789
1963,"ECOHAB_2|2359","ECOHAB_2","LAB08","Survey_2",20030909,"CTD111",2359,8,5,-125.72,48.13,9.5,0.94,30,13.1,31.67,FALSE,4,3,9.5,-0.198311364473068,0.133319224151224
1964,"ECOHAB_2|2360","ECOHAB_2","LAB08","Survey_2",20030909,"CTD111",2360,7,10,-125.72,48.13,16.8,1.44,34.9,12,31.93,FALSE,5,4,16.8,0.589078131339792,0.720817929028957
1975,"ECOHAB_2|2367","ECOHAB_2","LAB06","Survey_2",20030909,"CTD113",2367,9,0,-125.47,48.26,8.6,0.87,29,14,31.51,FALSE,4,3,8.6,-0.308545893886869,0.026724638443587
1976,"ECOHAB_2|2368","ECOHAB_2","LAB06","Survey_2",20030909,"CTD113",2368,8,5,-125.47,48.26,8.6,0.84,29.4,14,31.51,FALSE,4,3,8.6,-0.35578926363564,-0.0216111409073033
1977,"ECOHAB_2|2369","ECOHAB_2","LAB06","Survey_2",20030909,"CTD113",2369,7,10,-125.47,48.26,8.6,0.84,29,13.9,31.54,FALSE,4,3,8.6,-0.35578926363564,-0.0216111409073033
1988,"ECOHAB_2|2377","ECOHAB_2","LAB04","Survey_2",20030909,"CTD115",2377,8,0,-125.21,48.39,9.9,1.02,38.6,13.4,31.45,FALSE,4,3,9.9,-0.0723290451430107,0.245824861048154
1989,"ECOHAB_2|2378","ECOHAB_2","LAB04","Survey_2",20030909,"CTD115",2378,7,5,-125.21,48.39,10,1.05,38.4,13.4,31.46,FALSE,4,3,10,-0.025085675394239,0.285753116632924
1990,"ECOHAB_2|2379","ECOHAB_2","LAB04","Survey_2",20030909,"CTD115",2379,6,10,-125.21,48.39,20.1,1.94,43.2,12.1,31.82,FALSE,6,5,20.1,1.37646762715265,1.13135337318799
1999,"ECOHAB_2|2385","ECOHAB_2","LAB02","Survey_2",20030909,"CTD117",2385,8,0,-124.96,48.53,16.9,1.45,39.8,12.7,31.91,FALSE,5,4,16.9,0.604825921256049,0.730350343316731
2000,"ECOHAB_2|2386","ECOHAB_2","LAB02","Survey_2",20030909,"CTD117",2386,7,5,-124.96,48.53,18.7,1.58,40.9,12.1,32.13,FALSE,5,4,18.7,0.809547190167393,0.848618120643258
2004,"ECOHAB_2|2390","ECOHAB_2","LAB01","Survey_2",20030909,"CTD118",2390,6,0,-124.83,48.59,26.2,2.25,46.3,10.9,31.64,FALSE,6,5,26.2,1.86464911455662,1.33554644410941
2008,"ECOHAB_2|2395","ECOHAB_2","DD09",NA,20030909,"CTD119",2395,7,0,-125.67,48.25,9.2,0.96,29,13.4,31.62,FALSE,4,3,9.2,-0.166815784640554,0.162318787206803
2009,"ECOHAB_2|2396","ECOHAB_2","DD09",NA,20030909,"CTD119",2396,6,5,-125.67,48.25,9.2,0.96,29.8,13.4,31.62,FALSE,4,3,9.2,-0.166815784640554,0.162318787206803
2010,"ECOHAB_2|2397","ECOHAB_2","DD09",NA,20030909,"CTD119",2397,5,10,-125.67,48.25,9.8,1.01,28.9,13,31.69,FALSE,4,3,9.8,-0.0880768350592679,0.232254028445385
2030,"ECOHAB_2|2415","ECOHAB_2","LBC06","Survey_2",20030910,"CTD124",2415,8,0,-125.88,48.41,19.1,1.59,41.3,12.2,31.92,FALSE,5,4,19.1,0.82529498008365,0.85730854926359
2031,"ECOHAB_2|2416","ECOHAB_2","LBC06","Survey_2",20030910,"CTD124",2416,7,5,-125.88,48.41,20.2,1.66,41.7,11.9,31.93,FALSE,5,4,20.2,0.93552950949745,0.916653102968892
2032,"ECOHAB_2|2417","ECOHAB_2","LBC06","Survey_2",20030910,"CTD124",2417,6,10,-125.88,48.41,24.7,1.98,45,10.8,32.11,FALSE,6,5,24.7,1.43945878681768,1.15946513191557
2041,"ECOHAB_2|2423","ECOHAB_2","LBC04","Survey_2",20030910,"CTD126",2423,7,0,-125.63,48.54,11.4,1.01,38.1,13.7,32.49,FALSE,4,3,11.4,-0.0880768350592679,0.232254028445385
2042,"ECOHAB_2|2424","ECOHAB_2","LBC04","Survey_2",20030910,"CTD126",2424,6,5,-125.63,48.54,11.6,1.01,37.9,13.6,32.49,FALSE,4,3,11.6,-0.0880768350592679,0.232254028445385
2043,"ECOHAB_2|2425","ECOHAB_2","LBC04","Survey_2",20030910,"CTD126",2425,5,10,-125.63,48.54,14.8,1.26,39.8,12.5,32.56,FALSE,5,4,14.8,0.305617912847162,0.536888000914851
2052,"ECOHAB_2|2432","ECOHAB_2","LBC02","Survey_2",20030910,"CTD128",2432,7,0,-125.38,48.67,14.5,1.22,40.5,13.7,32.41,FALSE,4,3,14.5,0.242626753182133,0.492450974144812
2053,"ECOHAB_2|2433","ECOHAB_2","LBC02","Survey_2",20030910,"CTD128",2433,6,5,-125.38,48.67,14.5,1.21,39.8,13.7,32.41,FALSE,4,3,14.5,0.226878963265876,0.481114051157876
2054,"ECOHAB_2|2434","ECOHAB_2","LBC02","Survey_2",20030910,"CTD128",2434,5,10,-125.38,48.67,16.3,1.34,40.3,12.9,32.35,FALSE,5,4,16.3,0.43160023217722,0.621679588957964
2060,"ECOHAB_2|2439","ECOHAB_2","LBC01",NA,20030910,"CTD130",2439,7,0,-125.25,48.73,23,1.86,43.9,11.7,31.83,FALSE,6,5,23,1.25048530782259,1.07334781868137
2061,"ECOHAB_2|2440","ECOHAB_2","LBC01",NA,20030910,"CTD130",2440,6,5,-125.25,48.73,23.7,1.96,44.7,11.5,31.84,FALSE,6,5,23.7,1.40796320698517,1.14548096746658
2062,"ECOHAB_2|2441","ECOHAB_2","LBC01",NA,20030910,"CTD130",2441,5,10,-125.25,48.73,23.7,1.96,44.8,10.9,31.9,FALSE,6,5,23.7,1.40796320698517,1.14548096746658
2067,"ECOHAB_2|2443","ECOHAB_2","EH1",NA,20030910,"CTD131",2443,9,0,-124.7,48.49,24.9,2.05,46.3,11.4,31.53,FALSE,6,5,24.9,1.54969331623148,1.20732105466268
2068,"ECOHAB_2|2444","ECOHAB_2","EH1",NA,20030910,"CTD131",2444,8,5,-124.7,48.49,25,2.12,45.9,11.4,31.53,FALSE,6,5,25,1.65992784564528,1.25356999659651
2069,"ECOHAB_2|2445","ECOHAB_2","EH1",NA,20030910,"CTD131",2445,7,10,-124.7,48.49,26.2,2.2,46.8,10.3,31.81,FALSE,6,5,26.2,1.78591016497534,1.30459169496656
2076,"ECOHAB_2|2447","ECOHAB_2","CF01","Survey_2",20030911,"CTD132",2447,5,0,-124.74,48.28,2.5,0.37,19.5,12.5,32.36,FALSE,2,1,2.5,-1.09593538969973,-1.15096312500201
2077,"ECOHAB_2|2448","ECOHAB_2","CF01","Survey_2",20030911,"CTD132",2448,4,5,-124.74,48.28,2.3,0.37,18.4,12.4,32.44,FALSE,2,1,2.3,-1.09593538969973,-1.15096312500201
2078,"ECOHAB_2|2449","ECOHAB_2","CF01","Survey_2",20030911,"CTD132",2449,3,10,-124.74,48.28,2.7,0.39,18.7,12.4,32.43,FALSE,2,1,2.7,-1.06443980986721,-1.07845015314334
2081,"ECOHAB_2|2451","ECOHAB_2","CF02","Survey_2",20030911,"CTD133",2451,6,0,-124.87,48.22,8.8,0.86,34.3,13.7,31.48,FALSE,4,3,8.8,-0.324293683803126,0.0108004337200653
2082,"ECOHAB_2|2452","ECOHAB_2","CF02","Survey_2",20030911,"CTD133",2452,5,5,-124.87,48.22,13.5,1.19,33.7,13.7,31.51,FALSE,4,3,13.5,0.195383383433362,0.458156380266963
2083,"ECOHAB_2|2453","ECOHAB_2","CF02","Survey_2",20030911,"CTD133",2453,4,10,-124.87,48.22,12.7,1.11,32.3,13.1,31.96,FALSE,4,3,12.7,0.0694010641033043,0.362296605975212
2090,"ECOHAB_2|2459","ECOHAB_2","CF04","Survey_2",20030911,"CTD135",2459,8,0,-125.13,48.08,11.4,1.04,35.8,13.7,31.41,FALSE,4,3,11.4,-0.0408334653104962,0.272571883344649
2091,"ECOHAB_2|2460","ECOHAB_2","CF04","Survey_2",20030911,"CTD135",2460,7,5,-125.13,48.08,11.3,1.05,36.1,13.7,31.41,FALSE,4,3,11.3,-0.025085675394239,0.285753116632924
2092,"ECOHAB_2|2461","ECOHAB_2","CF04","Survey_2",20030911,"CTD135",2461,6,10,-125.13,48.08,11.7,1.1,35.9,13.6,31.41,FALSE,4,3,11.7,0.0536532741870471,0.34983110581149
2101,"ECOHAB_2|2467","ECOHAB_2","CF06","Survey_2",20030911,"CTD137",2467,9,0,-125.39,47.95,0.4,0.39,7.2,15.7,31.93,FALSE,2,1,0.4,-1.06443980986721,-1.07845015314334
2102,"ECOHAB_2|2468","ECOHAB_2","CF06","Survey_2",20030911,"CTD137",2468,8,5,-125.39,47.95,0.4,0.37,8.3,15.7,31.93,FALSE,2,1,0.4,-1.09593538969973,-1.15096312500201
2103,"ECOHAB_2|2469","ECOHAB_2","CF06","Survey_2",20030911,"CTD137",2469,7,10,-125.39,47.95,2.1,0.5,11.4,15.6,31.91,FALSE,3,2,2.1,-0.891214120788385,-0.736212428689967
2113,"ECOHAB_2|2476","ECOHAB_2","CF08","Survey_2",20030911,"CTD139",2476,9,0,-125.67,47.82,0.6,0.45,12.1,15.4,31.94,FALSE,3,2,0.6,-0.969953070369671,-0.881338991740956
2114,"ECOHAB_2|2477","ECOHAB_2","CF08","Survey_2",20030911,"CTD139",2477,8,5,-125.67,47.82,0.6,0.45,12.2,15.4,31.95,FALSE,3,2,0.6,-0.969953070369671,-0.881338991740956
2115,"ECOHAB_2|2478","ECOHAB_2","CF08","Survey_2",20030911,"CTD139",2478,7,10,-125.67,47.82,0.7,0.49,12,15.4,31.94,FALSE,3,2,0.7,-0.906961910704642,-0.764040210843564
2125,"ECOHAB_2|2484","ECOHAB_2","LB15","Survey_2",20030911,"CTD141",2484,9,0,-126.14,48.07,1.3,0.44,7.4,15.1,31.88,FALSE,2,1,1.3,-0.985700860285928,-0.912293740883808
2126,"ECOHAB_2|2485","ECOHAB_2","LB15","Survey_2",20030911,"CTD141",2485,8,5,-126.14,48.07,1.4,0.44,7.8,15,31.9,FALSE,2,1,1.4,-0.985700860285928,-0.912293740883808
2127,"ECOHAB_2|2486","ECOHAB_2","LB15","Survey_2",20030911,"CTD141",2486,7,10,-126.14,48.07,1.6,0.48,7.7,14.8,31.92,FALSE,3,2,1.6,-0.9227097006209,-0.792441801948267
2137,"ECOHAB_2|2493","ECOHAB_2","LB13","Survey_2",20030911,"CTD143",2493,9,0,-125.88,48.2,0.2,0.45,10.4,14.3,31.93,FALSE,3,2,0.2,-0.969953070369671,-0.881338991740956
2138,"ECOHAB_2|2494","ECOHAB_2","LB13","Survey_2",20030911,"CTD143",2494,8,5,-125.88,48.2,0.5,0.5,11.1,14.3,31.96,FALSE,3,2,0.5,-0.891214120788385,-0.736212428689967
2139,"ECOHAB_2|2495","ECOHAB_2","LB13","Survey_2",20030911,"CTD143",2495,7,10,-125.88,48.2,6.7,0.86,16.6,13.5,32,FALSE,4,3,6.7,-0.324293683803126,0.0108004337200653
2149,"ECOHAB_2|2501","ECOHAB_2","LB10","Survey_2",20030911,"CTD145",2501,8,0,-125.69,48.31,2.6,0.54,19.4,14.3,31.94,FALSE,3,2,2.6,-0.828222961123356,-0.630204107459029
2150,"ECOHAB_2|2502","ECOHAB_2","LB10","Survey_2",20030911,"CTD145",2502,7,5,-125.69,48.31,6.4,0.78,21,14.1,31.96,FALSE,4,3,6.4,-0.450276003133183,-0.123689563988267
2151,"ECOHAB_2|2503","ECOHAB_2","LB10","Survey_2",20030911,"CTD145",2503,6,10,-125.69,48.31,17.2,1.48,23.2,10.6,32.19,FALSE,5,4,17.2,0.65206929100482,0.758558053308128
2160,"ECOHAB_2|2509","ECOHAB_2","LB08","Survey_2",20030911,"CTD147",2509,8,0,-125.48,48.42,6.9,0.85,27.8,13.4,31.89,FALSE,4,3,6.9,-0.340041473719383,-0.00531002323377337
2161,"ECOHAB_2|2510","ECOHAB_2","LB08","Survey_2",20030911,"CTD147",2510,7,5,-125.48,48.42,7.2,0.85,28.3,13.4,31.89,FALSE,4,3,7.2,-0.340041473719383,-0.00531002323377337
2162,"ECOHAB_2|2511","ECOHAB_2","LB08","Survey_2",20030911,"CTD147",2511,6,10,-125.48,48.42,13.2,1.59,34.2,12.7,31.94,FALSE,5,4,13.2,0.82529498008365,0.85730854926359
2171,"ECOHAB_2|2517","ECOHAB_2","LB06","Survey_2",20030911,"CTD149",2517,7,0,-125.26,48.54,13.5,1.18,40,13,32.01,FALSE,4,3,13.5,0.179635593517104,0.446532443206988
2172,"ECOHAB_2|2518","ECOHAB_2","LB06","Survey_2",20030911,"CTD149",2518,6,5,-125.26,48.54,13.9,1.21,40.2,13,32.01,FALSE,4,3,13.9,0.226878963265876,0.481114051157876
2173,"ECOHAB_2|2519","ECOHAB_2","LB06","Survey_2",20030911,"CTD149",2519,5,10,-125.26,48.54,18.7,1.54,41.6,12,32.32,FALSE,5,4,18.7,0.746556030502364,0.813297509312226
2181,"ECOHAB_2|2525","ECOHAB_2","LB03","Survey_2",20030912,"CTD151",2525,7,0,-125.09,48.62,15.4,1.36,40.6,12.4,31.86,FALSE,5,4,15.4,0.463095812009734,0.64208630838107
2182,"ECOHAB_2|2526","ECOHAB_2","LB03","Survey_2",20030912,"CTD151",2526,6,5,-125.09,48.62,15.4,1.36,40.2,12.4,31.87,FALSE,5,4,15.4,0.463095812009734,0.64208630838107
2183,"ECOHAB_2|2527","ECOHAB_2","LB03","Survey_2",20030912,"CTD151",2527,5,10,-125.09,48.62,16.8,1.43,40.1,12.3,31.89,FALSE,5,4,16.8,0.573330341423534,0.711219086231263
2188,"ECOHAB_2|2529","ECOHAB_2","LB01","Survey_2",20030912,"CTD152",2529,5,0,-124.99,48.67,25,2.09,46.4,11.3,31.51,FALSE,6,5,25,1.61268447589651,1.23393885622948
2189,"ECOHAB_2|2530","ECOHAB_2","LB01","Survey_2",20030912,"CTD152",2530,4,5,-124.99,48.67,25.2,2.19,46,11.2,31.53,FALSE,6,5,25.2,1.77016237505908,1.29831638403426
2190,"ECOHAB_2|2531","ECOHAB_2","LB01","Survey_2",20030912,"CTD152",2531,3,10,-124.99,48.67,25.4,2.18,46.8,10.9,31.64,FALSE,6,5,25.4,1.75441458514282,1.29201235304343
2199,"ECOHAB_2|2555","ECOHAB_2","LA02",NA,20030912,"CTD156",2555,9,0,-124.86,48.44,9.8,0.87,26.5,11.4,32.5,FALSE,4,3,9.8,-0.308545893886869,0.026724638443587
2200,"ECOHAB_2|2556","ECOHAB_2","LA02",NA,20030912,"CTD156",2556,8,5,-124.86,48.44,9.6,0.88,26.2,10.8,32.65,FALSE,4,3,9.6,-0.292798103970611,0.0424668482712623
2201,"ECOHAB_2|2557","ECOHAB_2","LA02",NA,20030912,"CTD156",2557,7,10,-124.86,48.44,10.4,0.92,26.6,10.6,32.75,FALSE,4,3,10.4,-0.229806944305583,0.103695967008823
2215,"ECOHAB_2|2558","ECOHAB_2","KB01","Survey_3",20030913,"CTD158",2558,5,0,-124.5,47.58,2.1,0.36,37.4,13.3,29.81,FALSE,2,1,2.1,-1.11168317961599,-1.18870324928118
2216,"ECOHAB_2|2559","ECOHAB_2","KB01","Survey_3",20030913,"CTD158",2559,4,5,-124.5,47.58,2.5,0.41,36.7,13.3,29.74,FALSE,2,1,2.5,-1.0329442300347,-1.00956438118768
2217,"ECOHAB_2|2560","ECOHAB_2","KB01","Survey_3",20030913,"CTD158",2560,3,10,-124.5,47.58,3.9,0.47,32.4,12.8,30.66,FALSE,3,2,3.9,-0.938457490537157,-0.821441365003847
2220,"ECOHAB_2|2561","ECOHAB_2","KB02","Survey_3",20030913,"CTD159",2561,7,0,-124.64,47.53,7.9,0.82,23.3,12.5,32.35,FALSE,4,3,7.9,-0.387284843468155,-0.0548037920326133
2221,"ECOHAB_2|2562","ECOHAB_2","KB02","Survey_3",20030913,"CTD159",2562,6,5,-124.64,47.53,13.4,1.27,30,11.5,32.52,FALSE,5,4,13.4,0.321365702763419,0.547776819415838
2222,"ECOHAB_2|2563","ECOHAB_2","KB02","Survey_3",20030913,"CTD159",2563,5,10,-124.64,47.53,16.9,1.49,33,10.7,32.62,FALSE,5,4,16.9,0.667817080921078,0.767833700260418
2230,"ECOHAB_2|2567","ECOHAB_2","KB04","Survey_3",20030913,"CTD161",2567,9,0,-124.93,47.43,1.7,0.45,10.1,14.5,31.87,FALSE,3,2,1.7,-0.969953070369671,-0.881338991740956
2231,"ECOHAB_2|2568","ECOHAB_2","KB04","Survey_3",20030913,"CTD161",2568,8,5,-124.93,47.43,2.1,0.52,9.9,14.5,31.87,FALSE,3,2,2.1,-0.859718540955871,-0.682188705810421
2232,"ECOHAB_2|2569","ECOHAB_2","KB04","Survey_3",20030913,"CTD161",2569,7,10,-124.93,47.43,3.9,0.75,9.8,13.7,31.95,FALSE,4,3,3.9,-0.497519372881955,-0.177713286867812
2245,"ECOHAB_2|2575","ECOHAB_2","KB06","Survey_3",20030913,"CTD163",2575,7,10,-125.21,47.33,0.1,0.36,3.7,15.6,31.97,FALSE,2,1,0.1,-1.11168317961599,-1.18870324928118
2270,"ECOHAB_2|2596","ECOHAB_2","LP01","Survey_3",20030914,"CTD169",2596,4,0,-124.68,47.83,1.3,0.35,23.8,13.4,31.11,FALSE,2,1,1.3,-1.12743096953224,-1.2275066143443
2271,"ECOHAB_2|2597","ECOHAB_2","LP01","Survey_3",20030914,"CTD169",2597,3,10,-124.68,47.83,4.6,0.79,21.9,12.3,32.42,FALSE,4,3,4.6,-0.434528213216926,-0.106142468511812
2274,"ECOHAB_2|2600","ECOHAB_2","LP02","Survey_3",20030914,"CTD170",2600,7,0,-124.81,47.77,6.3,0.61,26,13.8,31.51,FALSE,3,2,6.3,-0.717988431709556,-0.462309615010259
2275,"ECOHAB_2|2601","ECOHAB_2","LP02","Survey_3",20030914,"CTD170",2601,6,5,-124.81,47.77,14.9,1.24,30.5,11.5,32.4,FALSE,5,4,14.9,0.274122333014648,0.514848676859216
2276,"ECOHAB_2|2602","ECOHAB_2","LP02","Survey_3",20030914,"CTD170",2602,5,10,-124.81,47.77,26.1,2.07,37.1,9,32.74,FALSE,6,5,26.1,1.581188896064,1.22069425065313
2284,"ECOHAB_2|2607","ECOHAB_2","LP04","Survey_3",20030914,"CTD172",2607,8,0,-125.06,47.66,2.6,0.46,16.3,14.4,31.78,FALSE,3,2,2.6,-0.954205280453414,-0.851064622146247
2285,"ECOHAB_2|2608","ECOHAB_2","LP04","Survey_3",20030914,"CTD172",2608,7,5,-125.06,47.66,4.7,0.63,18,14.2,31.75,FALSE,3,2,4.7,-0.686492851877041,-0.417872588240219
2286,"ECOHAB_2|2609","ECOHAB_2","LP04","Survey_3",20030914,"CTD172",2609,6,10,-125.06,47.66,7.8,0.91,16.9,13.5,31.8,FALSE,4,3,7.8,-0.24555473422184,0.088641955230543
2296,"ECOHAB_2|2614","ECOHAB_2","LP06","Survey_3",20030914,"CTD174",2614,9,0,-125.31,47.54,0.5,0.36,10,15.2,31.87,FALSE,2,1,0.5,-1.11168317961599,-1.18870324928118
2297,"ECOHAB_2|2615","ECOHAB_2","LP06","Survey_3",20030914,"CTD174",2615,8,5,-125.31,47.54,0.6,0.37,8.7,15.1,31.88,FALSE,2,1,0.6,-1.09593538969973,-1.15096312500201
2298,"ECOHAB_2|2616","ECOHAB_2","LP06","Survey_3",20030914,"CTD174",2616,7,10,-125.31,47.54,1.3,0.39,7.5,14.7,31.89,FALSE,2,1,1.3,-1.06443980986721,-1.07845015314334
2305,"ECOHAB_2|2622","ECOHAB_2","DE01","Survey_3",20030914,"CTD176",2622,8,0,-125.07,47.28,0.8,0.39,5.9,15,31.94,FALSE,2,1,0.8,-1.06443980986721,-1.07845015314334
2306,"ECOHAB_2|2623","ECOHAB_2","DE01","Survey_3",20030914,"CTD176",2623,7,5,-125.07,47.28,0.8,0.38,5.8,15,31.93,FALSE,2,1,0.8,-1.08018759978347,-1.11422952496727
2307,"ECOHAB_2|2624","ECOHAB_2","DE01","Survey_3",20030914,"CTD176",2624,6,10,-125.07,47.28,0.9,0.42,5.3,14.9,31.93,FALSE,2,1,0.9,-1.01719644011844,-0.976371730062374
2319,"ECOHAB_2|2633","ECOHAB_2","DE04","Survey_3",20030915,"CTD179",2633,7,5,-125.13,47.16,0.7,0.41,4.9,14.7,31.98,FALSE,2,1,0.7,-1.0329442300347,-1.00956438118768
2329,"ECOHAB_2|2641","ECOHAB_2","GH06","Survey_3",20030915,"CTD181",2641,9,0,-124.92,46.91,1.9,0.4,16.4,14.3,32.01,FALSE,2,1,1.9,-1.04869201995096,-1.04357668623019
2330,"ECOHAB_2|2642","ECOHAB_2","GH06","Survey_3",20030915,"CTD181",2642,8,5,-124.92,46.91,1.8,0.4,16.6,14.3,32.01,FALSE,2,1,1.8,-1.04869201995096,-1.04357668623019
2331,"ECOHAB_2|2643","ECOHAB_2","GH06","Survey_3",20030915,"CTD181",2643,7,10,-124.92,46.91,1.9,0.4,16.3,14.3,32.01,FALSE,2,1,1.9,-1.04869201995096,-1.04357668623019
2342,"ECOHAB_2|2649","ECOHAB_2","GH04","Survey_3",20030915,"CTD183",2649,7,0,-124.62,46.98,3.5,0.44,25.1,13.4,32.19,FALSE,2,1,3.5,-0.985700860285928,-0.912293740883808
2343,"ECOHAB_2|2650","ECOHAB_2","GH04","Survey_3",20030915,"CTD183",2650,6,5,-124.62,46.98,4.3,0.51,25.7,13.4,32.19,FALSE,3,2,4.3,-0.875466330872128,-0.708935728106917
2344,"ECOHAB_2|2651","ECOHAB_2","GH04","Survey_3",20030915,"CTD183",2651,5,10,-124.62,46.98,9.5,0.88,27.6,12.4,32.3,FALSE,4,3,9.5,-0.292798103970611,0.0424668482712623
2352,"ECOHAB_2|2656","ECOHAB_2","GH02","Survey_3",20030915,"CTD185",2656,6,0,-124.36,47.04,1.9,0.42,28.4,13.7,30.59,FALSE,2,1,1.9,-1.01719644011844,-0.976371730062374
2353,"ECOHAB_2|2657","ECOHAB_2","GH02","Survey_3",20030915,"CTD185",2657,5,5,-124.36,47.04,4.7,0.71,25.2,13.2,31.41,FALSE,3,2,4.7,-0.560510532546984,-0.253207706572786
2354,"ECOHAB_2|2658","ECOHAB_2","GH02","Survey_3",20030915,"CTD185",2658,4,10,-124.36,47.04,9.6,1.15,25.6,12.1,32.4,FALSE,4,3,9.6,0.132392223768333,0.411060224549051
2358,"ECOHAB_2|2659","ECOHAB_2","GH01","Survey_3",20030915,"CTD186",2659,4,0,-124.24,47.07,3.8,0.53,32.8,13.2,30.53,FALSE,3,2,3.8,-0.843970751039613,-0.655951181713635
2359,"ECOHAB_2|2660","ECOHAB_2","GH01","Survey_3",20030915,"CTD186",2660,3,5,-124.24,47.07,7.4,0.88,30.7,12.2,31.55,FALSE,4,3,7.4,-0.292798103970611,0.0424668482712623
2360,"ECOHAB_2|2661","ECOHAB_2","GH01","Survey_3",20030915,"CTD186",2661,2,10,-124.24,47.07,10.2,1.11,31.3,11.6,32,FALSE,4,3,10.2,0.0694010641033043,0.362296605975212
2362,"ECOHAB_2|2662","ECOHAB_2","DE05",NA,20030915,"CTD187",2662,7,0,-125.22,47.07,0.8,0.43,6.5,14.5,31.98,FALSE,2,1,0.8,-1.00144865020219,-0.943960155435005
2363,"ECOHAB_2|2663","ECOHAB_2","DE05",NA,20030915,"CTD187",2663,6,5,-125.22,47.07,0.8,0.41,6.5,14.5,31.98,FALSE,2,1,0.8,-1.0329442300347,-1.00956438118768
2364,"ECOHAB_2|2664","ECOHAB_2","DE05",NA,20030915,"CTD187",2664,5,10,-125.22,47.07,0.8,0.47,6.6,14.5,31.98,FALSE,3,2,0.8,-0.938457490537157,-0.821441365003847
2369,"ECOHAB_2|2667","ECOHAB_2","LP01","Final_Survey_Lines",20030916,"CTD188",2667,5,0,-124.68,47.83,1,0.44,19.5,13.4,32.43,FALSE,2,1,1,-0.985700860285928,-0.912293740883808
2370,"ECOHAB_2|2668","ECOHAB_2","LP01","Final_Survey_Lines",20030916,"CTD188",2668,4,5,-124.68,47.83,1.4,0.53,18.8,13,32.55,FALSE,3,2,1.4,-0.843970751039613,-0.655951181713635
2371,"ECOHAB_2|2669","ECOHAB_2","LP01","Final_Survey_Lines",20030916,"CTD188",2669,3,10,-124.68,47.83,3.3,0.73,21.1,12.4,32.65,FALSE,4,3,3.3,-0.52901495271447,-0.214943346942965
2374,"ECOHAB_2|2670","ECOHAB_2","LP02","Final_Survey_Lines",20030916,"CTD189",2670,7,0,-124.81,47.77,5.2,0.5,22.5,13.2,32.31,FALSE,3,2,5.2,-0.891214120788385,-0.736212428689967
2375,"ECOHAB_2|2671","ECOHAB_2","LP02","Final_Survey_Lines",20030916,"CTD189",2671,6,5,-124.81,47.77,5.9,0.56,22.8,13.1,32.31,FALSE,3,2,5.9,-0.796727381290842,-0.580110282729458
2376,"ECOHAB_2|2672","ECOHAB_2","LP02","Final_Survey_Lines",20030916,"CTD189",2672,5,10,-124.81,47.77,7.7,0.76,24.6,12.8,32.31,FALSE,4,3,7.7,-0.481771582965698,-0.159468935812202
2384,"ECOHAB_2|2676","ECOHAB_2","LP04","Final_Survey_Lines",20030916,"CTD191",2676,8,0,-125.06,47.65,11.3,0.94,35.1,13.6,31.53,FALSE,4,3,11.3,-0.198311364473068,0.133319224151224
2385,"ECOHAB_2|2677","ECOHAB_2","LP04","Final_Survey_Lines",20030916,"CTD191",2677,7,5,-125.06,47.65,11.4,0.98,34.2,13.4,31.65,FALSE,4,3,11.4,-0.13532020480804,0.190720378311506
2386,"ECOHAB_2|2678","ECOHAB_2","LP04","Final_Survey_Lines",20030916,"CTD191",2678,6,10,-125.06,47.65,12.3,1.03,32.8,13.1,31.7,FALSE,4,3,12.3,-0.0565812552267534,0.259263293173365
2395,"ECOHAB_2|2682","ECOHAB_2","LP06","Final_Survey_Lines",20030916,"CTD193",2682,9,0,-125.31,47.54,0.1,0.38,9,15,31.96,FALSE,2,1,0.1,-1.08018759978347,-1.11422952496727
2397,"ECOHAB_2|2684","ECOHAB_2","LP06","Final_Survey_Lines",20030916,"CTD193",2684,7,10,-125.31,47.54,0.7,0.48,11.3,14.7,31.99,FALSE,3,2,0.7,-0.9227097006209,-0.792441801948267
2408,"ECOHAB_2|2693","ECOHAB_2","LA04",NA,20030916,"CTD196",2693,8,0,-125.07,48.32,14.9,1.24,32.6,11.9,32.26,FALSE,5,4,14.9,0.274122333014648,0.514848676859216
2409,"ECOHAB_2|2694","ECOHAB_2","LA04",NA,20030916,"CTD196",2694,7,5,-125.07,48.32,16.5,1.37,29.3,11,32.31,FALSE,5,4,16.5,0.478843601925991,0.65217740382321
2410,"ECOHAB_2|2695","ECOHAB_2","LA04",NA,20030916,"CTD196",2695,6,10,-125.07,48.32,18.5,1.51,25.6,9.56,32.41,FALSE,5,4,18.5,0.699312660753592,0.786199683915093
2416,"ECOHAB_2|2697","ECOHAB_2","C14","Final_Survey_Lines",20030917,"CTD198",2697,5,0,-124.93,48.48,27.4,2.19,48.9,10.3,32.45,FALSE,6,5,27.4,1.77016237505908,1.29831638403426
2417,"ECOHAB_2|2698","ECOHAB_2","C14","Final_Survey_Lines",20030917,"CTD198",2698,4,10,-124.93,48.48,28.2,2.25,49.7,9.46,32.59,FALSE,6,5,28.2,1.86464911455662,1.33554644410941
2420,"ECOHAB_2|2699","ECOHAB_2","C12","Final_Survey_Lines",20030917,"CTD200",2699,7,0,-124.9,48.46,24.8,2,45.1,10.7,32.36,FALSE,6,5,24.8,1.4709543666502,1.17330874962017
2421,"ECOHAB_2|2700","ECOHAB_2","C12","Final_Survey_Lines",20030917,"CTD200",2700,6,10,-124.9,48.46,21.8,1.77,39.1,9.87,32.61,FALSE,6,5,21.8,1.10875519857628,1.00503158502914
2427,"ECOHAB_2|3205","ECOHAB_2","C11","Final_Survey_Lines",20030917,"CTD201",3205,8,0,-124.85,48.44,16.6,1.33,36.8,11.6,32.31,FALSE,5,4,16.6,0.415852442260963,0.611361725228762
2428,"ECOHAB_2|3204","ECOHAB_2","C11","Final_Survey_Lines",20030917,"CTD201",3204,7,10,-124.85,48.44,17.7,1.41,37.6,11.5,32.3,FALSE,5,4,17.7,0.54183476159102,0.691818365973378
2435,"ECOHAB_2|2701","ECOHAB_2","C10","Final_Survey_Lines",20030917,"CTD202",2701,7,0,-124.83,48.39,14.9,1.22,34.6,12.3,32.11,FALSE,4,3,14.9,0.242626753182133,0.492450974144812
2436,"ECOHAB_2|2702","ECOHAB_2","C10","Final_Survey_Lines",20030917,"CTD202",2702,6,10,-124.83,48.39,19.2,1.48,36.2,11.2,32.27,FALSE,5,4,19.2,0.65206929100482,0.758558053308128
2442,"ECOHAB_2|2703","ECOHAB_2","C08","Final_Survey_Lines",20030917,"CTD204",2703,5,0,-124.79,48.36,12.9,1.13,34,12.3,32.1,FALSE,4,3,12.9,0.100896643935818,0.386894194752768
2443,"ECOHAB_2|2704","ECOHAB_2","C08","Final_Survey_Lines",20030917,"CTD204",2704,4,10,-124.79,48.36,15,1.19,34.7,11.8,32.17,FALSE,4,3,15,0.195383383433362,0.458156380266963
2447,"ECOHAB_2|2705","ECOHAB_2","C06x","Final_Survey_Lines",20030917,"CTD206",2705,3,0,-124.74,48.31,7.4,0.71,27.3,12,32.46,FALSE,3,2,7.4,-0.560510532546984,-0.253207706572786
2448,"ECOHAB_2|2706","ECOHAB_2","C06x","Final_Survey_Lines",20030917,"CTD206",2706,2,10,-124.74,48.31,5.3,0.61,22.5,12,32.6,FALSE,3,2,5.3,-0.717988431709556,-0.462309615010259
2450,"ECOHAB_2|2707","ECOHAB_2","C07","Final_Survey_Lines",20030917,"CTD207",2707,8,0,-124.79,48.5,26,2.13,47.9,10.6,32.05,FALSE,6,5,26,1.67567563556154,1.26005202440444
2451,"ECOHAB_2|2708","ECOHAB_2","C07","Final_Survey_Lines",20030917,"CTD207",2708,7,5,-124.79,48.5,26.2,2.13,48,10.6,32.06,FALSE,6,5,26.2,1.67567563556154,1.26005202440444
2452,"ECOHAB_2|2709","ECOHAB_2","C07","Final_Survey_Lines",20030917,"CTD207",2709,6,10,-124.79,48.5,27.5,2.21,48.6,9.83,32.24,FALSE,6,5,27.5,1.8016579548916,1.31083854634107
2458,"ECOHAB_2|2710","ECOHAB_2","C06","Final_Survey_Lines",20030917,"CTD208",2710,9,0,-124.86,48.4,17.1,1.39,36,11.8,32.22,FALSE,5,4,17.1,0.510339181758506,0.672140483207951
2459,"ECOHAB_2|2711","ECOHAB_2","C06","Final_Survey_Lines",20030917,"CTD208",2711,8,5,-124.86,48.4,19.2,1.55,35.9,11,32.34,FALSE,5,4,19.2,0.762303820418621,0.822212934399444
2460,"ECOHAB_2|2712","ECOHAB_2","C06","Final_Survey_Lines",20030917,"CTD208",2712,7,10,-124.86,48.4,24.9,1.91,39.2,9.36,32.62,FALSE,6,5,24.9,1.32922425740388,1.10988652259025
2467,"ECOHAB_2|2713","ECOHAB_2","C05","Final_Survey_Lines",20030917,"CTD209",2713,9,0,-124.95,48.32,16,1.3,36.2,12.4,32.23,FALSE,5,4,16,0.368609072512191,0.579936140884877
2468,"ECOHAB_2|2714","ECOHAB_2","C05","Final_Survey_Lines",20030917,"CTD209",2714,8,5,-124.95,48.32,16.7,1.28,36.7,12.3,32.23,FALSE,5,4,16.7,0.337113492679677,0.558580234539719
2469,"ECOHAB_2|2715","ECOHAB_2","C05","Final_Survey_Lines",20030917,"CTD209",2715,7,10,-124.95,48.32,20.7,1.59,37,11,32.33,FALSE,5,4,20.7,0.82529498008365,0.85730854926359
2477,"ECOHAB_2|2719","ECOHAB_2","C03","Final_Survey_Lines",20030917,"CTD212",2719,8,0,-125.09,48.12,3.5,0.52,23.3,13.7,31.88,FALSE,3,2,3.5,-0.859718540955871,-0.682188705810421
2478,"ECOHAB_2|2720","ECOHAB_2","C03","Final_Survey_Lines",20030917,"CTD212",2720,7,5,-125.09,48.12,4.1,0.5,24.1,13.6,31.88,FALSE,3,2,4.1,-0.891214120788385,-0.736212428689967
2479,"ECOHAB_2|2721","ECOHAB_2","C03","Final_Survey_Lines",20030917,"CTD212",2721,6,10,-125.09,48.12,12.5,1.12,28.3,13.5,31.88,FALSE,4,3,12.5,0.0851488540195615,0.374650306425613
2486,"ECOHAB_2|2725","ECOHAB_2","C01","Final_Survey_Lines",20030917,"CTD214",2725,9,0,-125.34,48.05,6.8,0.67,27.3,13.2,31.98,FALSE,3,2,6.8,-0.623501692212013,-0.333081000197107
2487,"ECOHAB_2|2726","ECOHAB_2","C01","Final_Survey_Lines",20030917,"CTD214",2726,8,5,-125.34,48.05,9.2,0.82,28.7,13,32.01,FALSE,4,3,9.2,-0.387284843468155,-0.0548037920326133
2488,"ECOHAB_2|2727","ECOHAB_2","C01","Final_Survey_Lines",20030917,"CTD214",2727,7,10,-125.34,48.05,12.1,1.01,29.9,12.5,32.09,FALSE,4,3,12.1,-0.0880768350592679,0.232254028445385
2500,"ECOHAB_2|2741","ECOHAB_2","EH1","Final_Survey_Lines",20030918,"CTD218",2741,10,0,-124.7,48.49,14.2,1.18,30,11.5,32.31,FALSE,4,3,14.2,0.179635593517104,0.446532443206988
2501,"ECOHAB_2|2742","ECOHAB_2","EH1","Final_Survey_Lines",20030918,"CTD218",2742,9,5,-124.7,48.49,13.4,1.17,28.2,11.5,32.31,FALSE,4,3,13.4,0.163887803600847,0.434809577833888
2502,"ECOHAB_2|2743","ECOHAB_2","EH1","Final_Survey_Lines",20030918,"CTD218",2743,8,10,-124.7,48.49,13.7,1.25,28.8,11.5,32.31,FALSE,5,4,13.7,0.289870122930905,0.525912418005331
2510,"ECOHAB_2|2744","ECOHAB_2","JDFA","Final_Survey_Lines",20030918,"CTD219",2744,10,0,-124.54,48.43,24.2,2.03,45.7,10.7,32.08,FALSE,6,5,24.2,1.51819773639897,1.19381674681747
2511,"ECOHAB_2|2745","ECOHAB_2","JDFA","Final_Survey_Lines",20030918,"CTD219",2745,9,5,-124.54,48.43,24.2,2.02,45.8,10.7,32.09,FALSE,6,5,24.2,1.50244994648271,1.18701461760046
2512,"ECOHAB_2|2746","ECOHAB_2","JDFA","Final_Survey_Lines",20030918,"CTD219",2746,8,10,-124.54,48.43,24.3,2.03,46,10.6,32.1,FALSE,6,5,24.3,1.51819773639897,1.19381674681747
2520,"ECOHAB_2|2747","ECOHAB_2","JDFB","Final_Survey_Lines",20030918,"CTD220",2747,10,0,-124.38,48.39,24.6,2.12,47.2,10.8,31.56,FALSE,6,5,24.6,1.65992784564528,1.25356999659651
2521,"ECOHAB_2|2748","ECOHAB_2","JDFB","Final_Survey_Lines",20030918,"CTD220",2748,9,5,-124.38,48.39,24.7,2.12,47.2,10.8,31.58,FALSE,6,5,24.7,1.65992784564528,1.25356999659651
2522,"ECOHAB_2|2749","ECOHAB_2","JDFB","Final_Survey_Lines",20030918,"CTD220",2749,8,10,-124.38,48.39,26,2.21,47.9,10.3,31.94,FALSE,6,5,26,1.8016579548916,1.31083854634107
2530,"ECOHAB_2|2750","ECOHAB_2","JDFC","Final_Survey_Lines",20030918,"CTD221",2750,9,0,-124.05,48.29,26.6,2.22,47.7,10.1,32.23,FALSE,6,5,26.6,1.81740574480785,1.31705719513028
2531,"ECOHAB_2|2751","ECOHAB_2","JDFC","Final_Survey_Lines",20030918,"CTD221",2751,8,5,-124.05,48.29,27,2.22,48.1,10.1,32.23,FALSE,6,5,27,1.81740574480785,1.31705719513028
2532,"ECOHAB_2|2752","ECOHAB_2","JDFC","Final_Survey_Lines",20030918,"CTD221",2752,7,10,-124.05,48.29,27.5,2.27,48.6,9.77,32.33,FALSE,6,5,27.5,1.89614469438914,1.34773615523083
2539,"ECOHAB_2|2753","ECOHAB_2","JDFD","Final_Survey_Lines",20030918,"CTD222",2753,8,0,-123.72,48.23,24.3,2.17,47.6,11.3,31.27,FALSE,6,5,24.3,1.73866679522657,1.28567933790018
2540,"ECOHAB_2|2754","ECOHAB_2","JDFD","Final_Survey_Lines",20030918,"CTD222",2754,7,5,-123.72,48.23,25.4,2.26,48.6,11.2,31.29,FALSE,6,5,25.4,1.88039690447288,1.34165478390784
2541,"ECOHAB_2|2755","ECOHAB_2","JDFD","Final_Survey_Lines",20030918,"CTD222",2755,6,10,-123.72,48.23,27.1,2.35,50.1,10.4,31.65,FALSE,6,5,27.1,2.0221270137192,1.39544407084652
2547,"ECOHAB_2|2756","ECOHAB_2","JDFE","Final_Survey_Lines",20030918,"CTD223",2756,9,0,-123.41,48.23,24.9,2.34,48.2,10.8,31.36,FALSE,6,5,24.9,2.00637922380294,1.38957016698896
2548,"ECOHAB_2|2757","ECOHAB_2","JDFE","Final_Survey_Lines",20030918,"CTD223",2757,8,5,-123.41,48.23,25.7,2.26,49.1,10.7,31.38,FALSE,6,5,25.7,1.88039690447288,1.34165478390784
2549,"ECOHAB_2|2758","ECOHAB_2","JDFE","Final_Survey_Lines",20030918,"CTD223",2758,7,10,-123.41,48.23,27.3,2.36,50.7,10.6,31.41,FALSE,6,5,27.3,2.03787480363545,1.40129303236206
2555,"ECOHAB_2|2759","ECOHAB_2","JDFF","Final_Survey_Lines",20030918,"CTD224",2759,8,0,-123.08,48.24,24.4,2.3,48.4,11,31.32,FALSE,6,5,24.4,1.94338806413791,1.36582081370412
2556,"ECOHAB_2|2760","ECOHAB_2","JDFF","Final_Survey_Lines",20030918,"CTD224",2760,7,5,-123.08,48.24,25.3,2.37,49,10.9,31.4,FALSE,6,5,25.3,2.05362259355171,1.40711726246541
2557,"ECOHAB_2|2761","ECOHAB_2","JDFF","Final_Survey_Lines",20030918,"CTD224",2761,6,10,-123.08,48.24,25.6,2.37,49.2,10.6,31.64,FALSE,6,5,25.6,2.05362259355171,1.40711726246541
2562,"ECOHAB_2|2762","ECOHAB_2","JDFG","Final_Survey_Lines",20030918,"CTD225",2762,7,0,-122.83,48.22,23.7,2.28,47.9,11.2,31.07,FALSE,6,5,23.7,1.9118924843054,1.35379079516502
2563,"ECOHAB_2|2763","ECOHAB_2","JDFG","Final_Survey_Lines",20030918,"CTD225",2763,6,5,-122.83,48.22,23.7,2.26,47.8,11.2,31.07,FALSE,6,5,23.7,1.88039690447288,1.34165478390784
2564,"ECOHAB_2|2764","ECOHAB_2","JDFG","Final_Survey_Lines",20030918,"CTD225",2764,5,10,-122.83,48.22,23.6,2.28,47.6,11.2,31.09,FALSE,6,5,23.6,1.9118924843054,1.35379079516502
2569,"ECOHAB_2|2765","ECOHAB_2","PGS01","Final_Survey_Lines",20030918,"CTD226",2765,3,0,-122.75,48.13,23.2,2.25,46.3,11.3,31.3,FALSE,6,5,23.2,1.86464911455662,1.33554644410941
2570,"ECOHAB_2|2766","ECOHAB_2","PGS01","Final_Survey_Lines",20030918,"CTD226",2766,2,5,-122.75,48.13,23.2,2.25,46.4,11.2,31.3,FALSE,6,5,23.2,1.86464911455662,1.33554644410941
2571,"ECOHAB_2|2767","ECOHAB_2","PGS01","Final_Survey_Lines",20030918,"CTD226",2767,1,10,-122.75,48.13,23.6,2.29,47,11.1,31.39,FALSE,6,5,23.6,1.92764027422165,1.35981893768432
2578,"ECOHAB_3|3292","ECOHAB_3","EH1",NA,20040909,"CTD001",3292,10,0,-124.7,48.49,23,1.85,52.5,10.62,32.11,FALSE,6,5,23,1.23473751790634,1.06592231084836
2579,"ECOHAB_3|3293","ECOHAB_3","EH1",NA,20040909,"CTD001",3293,9,5,-124.7,48.49,24.1,1.95,53.5,10.41,32.13,FALSE,6,5,24.1,1.39221541706891,1.13843528270703
2580,"ECOHAB_3|3294","ECOHAB_3","EH1",NA,20040909,"CTD001",3294,8,10,-124.7,48.49,24.4,1.95,53.2,10.22,32.2,FALSE,6,5,24.4,1.39221541706891,1.13843528270703
2586,"ECOHAB_3|3302","ECOHAB_3","LP01",NA,20040909,"CTD002",3302,6,0,-124.68,47.83,3.9,0.52,20.4,12.81,32.33,FALSE,3,2,3.9,-0.859718540955871,-0.682188705810421
2587,"ECOHAB_3|3303","ECOHAB_3","LP01",NA,20040909,"CTD002",3303,5,5,-124.68,47.83,12.1,0.99,28.6,12.38,32.37,FALSE,4,3,12.1,-0.119572414891782,0.204704542760501
2588,"ECOHAB_3|3304","ECOHAB_3","LP01",NA,20040909,"CTD002",3304,4,10,-124.68,47.83,19,1.47,35.7,9.36,32.78,FALSE,5,4,19,0.636321501088563,0.749219520133661
2591,"ECOHAB_3|3306","ECOHAB_3","LP02",NA,20040909,"CTD003",3306,8,0,-124.81,47.77,0.2,0.2,12.3,14.51,32.18,FALSE,1,0,0.2,-1.3636478182761,-1.99833727538526
2592,"ECOHAB_3|3307","ECOHAB_3","LP02",NA,20040909,"CTD003",3307,7,5,-124.81,47.77,3.7,0.39,15.7,13.44,32.23,FALSE,2,1,3.7,-1.06443980986721,-1.07845015314334
2593,"ECOHAB_3|3308","ECOHAB_3","LP02",NA,20040909,"CTD003",3308,6,10,-124.81,47.77,13.2,1.08,26.2,12.22,32.33,FALSE,4,3,13.2,0.0221576943545326,0.324556481696042
2610,"ECOHAB_3|3328","ECOHAB_3","LP06",NA,20040909,"CTD008",3328,10,10,-125.31,47.54,0.4,0.42,6.4,14.49,32.17,FALSE,2,1,0.4,-1.01719644011844,-0.976371730062374
2643,"ECOHAB_3|3345","ECOHAB_3","GH06","Survey_1",20040910,"CTD012",3345,11,5,-124.92,46.91,0.1,0.13,12,17.32,31.23,FALSE,1,0,0.1,-1.4738823476899,-2.59170988412056
2644,"ECOHAB_3|3346","ECOHAB_3","GH06","Survey_1",20040910,"CTD012",3346,10,10,-124.92,46.91,1.2,0.41,9.2,15.27,32.07,FALSE,2,1,1.2,-1.0329442300347,-1.00956438118768
2656,"ECOHAB_3|3353","ECOHAB_3","GH04","Survey_1",20040910,"CTD014",3353,7,5,-124.63,46.98,0.7,0.18,16.5,16.7,31.45,FALSE,1,0,0.7,-1.39514339810862,-2.14346383843625
2657,"ECOHAB_3|3354","ECOHAB_3","GH04","Survey_1",20040910,"CTD014",3354,6,10,-124.63,46.98,4.5,0.66,21.4,13.52,32.34,FALSE,3,2,4.5,-0.63924948212827,-0.353794599061654
2665,"ECOHAB_3|3360","ECOHAB_3","GH02","Survey_1",20040910,"CTD016",3360,7,0,-124.36,47.04,0.1,0.15,20.8,15.62,31.89,FALSE,1,0,0.1,-1.44238676785739,-2.39459872271818
2666,"ECOHAB_3|3361","ECOHAB_3","GH02","Survey_1",20040910,"CTD016",3361,6,5,-124.36,47.04,1.2,0.39,22.1,13.94,32.15,FALSE,2,1,1.2,-1.06443980986721,-1.07845015314334
2667,"ECOHAB_3|3362","ECOHAB_3","GH02","Survey_1",20040910,"CTD016",3362,5,10,-124.36,47.04,5.4,0.93,25.6,10.67,32.58,FALSE,4,3,5.4,-0.214059154389325,0.1185872295263
2672,"ECOHAB_3|3365","ECOHAB_3","GH01","Survey_1",20040910,"CTD017",3365,4,5,-124.24,47.07,5.6,0.62,32.1,13.29,32.06,FALSE,3,2,5.6,-0.702240641793299,-0.439911912295854
2673,"ECOHAB_3|3366","ECOHAB_3","GH01","Survey_1",20040910,"CTD017",3366,3,10,-124.24,47.07,13.3,1.24,42.9,12.26,32.2,FALSE,5,4,13.3,0.274122333014648,0.514848676859216
2676,"ECOHAB_3|3369","ECOHAB_3","CB01","Survey_1",20040910,"CTD018",3369,5,5,-124.37,47.31,5,0.5,28.3,15.21,31.85,FALSE,3,2,5,-0.891214120788385,-0.736212428689967
2677,"ECOHAB_3|3370","ECOHAB_3","CB01","Survey_1",20040910,"CTD018",3370,4,10,-124.37,47.31,19.7,1.8,44.3,9.73,32.81,FALSE,6,5,19.7,1.15599856832505,1.02818218656919
2680,"ECOHAB_3|3372","ECOHAB_3","CB02","Survey_1",20040910,"CTD019",3372,7,0,-124.47,47.27,0.1,0.01,19.2,16.31,31.53,FALSE,1,0,0.1,-1.66285582668499,-6.12474388954577
2681,"ECOHAB_3|3373","ECOHAB_3","CB02","Survey_1",20040910,"CTD019",3373,6,5,-124.47,47.27,4.3,0.65,29.4,12.68,32.35,FALSE,3,2,4.3,-0.654997272044527,-0.374824448270194
2682,"ECOHAB_3|3374","ECOHAB_3","CB02","Survey_1",20040910,"CTD019",3374,5,10,-124.47,47.27,10.8,1.22,35.5,10.82,32.65,FALSE,4,3,10.8,0.242626753182133,0.492450974144812
2689,"ECOHAB_3|3380","ECOHAB_3","CB04","Survey_1",20040910,"CTD021",3380,9,0,-124.72,47.2,0.3,0.11,8.5,15.63,32.12,FALSE,1,0,0.3,-1.50537792752242,-2.82181491919395
2690,"ECOHAB_3|3381","ECOHAB_3","CB04","Survey_1",20040910,"CTD021",3381,8,5,-124.72,47.2,1.5,0.23,10,15.51,32.12,FALSE,1,0,1.5,-1.31640444852733,-1.80582521130132
2691,"ECOHAB_3|3382","ECOHAB_3","CB04","Survey_1",20040910,"CTD021",3382,7,10,-124.72,47.2,5.8,0.6,14,13.04,32.3,FALSE,3,2,5.8,-0.733736221625813,-0.48507754440804
2734,"ECOHAB_3|3408","ECOHAB_3","KB04","Survey_1",20040911,"CTD028",3408,12,0,-124.92,47.43,0.2,0.31,5.6,16.83,32.05,FALSE,2,1,0.2,-1.19042212919727,-1.39467250145092
2735,"ECOHAB_3|3409","ECOHAB_3","KB04","Survey_1",20040911,"CTD028",3409,11,5,-124.92,47.43,0.2,0.33,5.6,16.83,32.05,FALSE,2,1,0.2,-1.15892654936476,-1.30855518821672
2736,"ECOHAB_3|3410","ECOHAB_3","KB04","Survey_1",20040911,"CTD028",3410,10,10,-124.92,47.43,0.2,0.33,5.6,16.79,32.05,FALSE,2,1,0.2,-1.15892654936476,-1.30855518821672
2748,"ECOHAB_3|3416","ECOHAB_3","KB02","Survey_1",20040911,"CTD030",3416,8,0,-124.64,47.53,2.6,0.34,9.8,14.45,32.14,FALSE,2,1,2.6,-1.1431787594485,-1.26743486992907
2749,"ECOHAB_3|3417","ECOHAB_3","KB02","Survey_1",20040911,"CTD030",3417,7,5,-124.64,47.53,2.6,0.35,9.8,14.44,32.14,FALSE,2,1,2.6,-1.12743096953224,-1.2275066143443
2750,"ECOHAB_3|3418","ECOHAB_3","KB02","Survey_1",20040911,"CTD030",3418,6,10,-124.64,47.53,3.7,0.42,11.4,14.29,32.16,FALSE,2,1,3.7,-1.01719644011844,-0.976371730062374
2755,"ECOHAB_3|3420","ECOHAB_3","KB01","Survey_1",20040911,"CTD031",3420,6,0,-124.5,47.58,4.4,0.45,21.6,13.95,32.08,FALSE,3,2,4.4,-0.969953070369671,-0.881338991740956
2756,"ECOHAB_3|3421","ECOHAB_3","KB01","Survey_1",20040911,"CTD031",3421,5,5,-124.5,47.58,3.4,0.35,20.4,14.36,32,FALSE,2,1,3.4,-1.12743096953224,-1.2275066143443
2757,"ECOHAB_3|3422","ECOHAB_3","KB01","Survey_1",20040911,"CTD031",3422,4,10,-124.5,47.58,5.2,0.53,24.3,13.54,32.15,FALSE,3,2,5.2,-0.843970751039613,-0.655951181713635
2761,"ECOHAB_3|4492","ECOHAB_3","LP01","Survey_1",20040911,"CTD032",4492,7,3,-124.68,47.83,3.4,0.4,18.5,13.34,32.27,FALSE,2,1,3.4,-1.04869201995096,-1.04357668623019
2762,"ECOHAB_3|3425","ECOHAB_3","LP01","Survey_1",20040911,"CTD032",3425,6,5,-124.68,47.83,3.4,0.44,18.5,13.34,32.27,FALSE,2,1,3.4,-0.985700860285928,-0.912293740883808
2763,"ECOHAB_3|3426","ECOHAB_3","LP01","Survey_1",20040911,"CTD032",3426,5,10,-124.68,47.83,4.3,0.46,19.4,13.22,32.27,FALSE,3,2,4.3,-0.954205280453414,-0.851064622146247
2768,"ECOHAB_3|3429","ECOHAB_3","LP02","Survey_1",20040911,"CTD033",3429,7,5,-124.81,47.77,4.9,0.44,15.8,13.01,32.26,FALSE,2,1,4.9,-0.985700860285928,-0.912293740883808
2769,"ECOHAB_3|3430","ECOHAB_3","LP02","Survey_1",20040911,"CTD033",3430,6,10,-124.81,47.77,9.8,0.78,20.2,11.79,32.37,FALSE,4,3,9.8,-0.450276003133183,-0.123689563988267
2777,"ECOHAB_3|3435","ECOHAB_3","LP04","Survey_1",20040911,"CTD035",3435,9,0,-125.06,47.65,1.1,0.34,7.3,15.46,32.08,FALSE,2,1,1.1,-1.1431787594485,-1.26743486992907
2778,"ECOHAB_3|3436","ECOHAB_3","LP04","Survey_1",20040911,"CTD035",3436,8,5,-125.06,47.65,1.1,0.33,7.3,15.42,32.08,FALSE,2,1,1.1,-1.15892654936476,-1.30855518821672
2779,"ECOHAB_3|3437","ECOHAB_3","LP04","Survey_1",20040911,"CTD035",3437,7,10,-125.06,47.65,2.6,0.47,8.7,13.74,32.2,FALSE,3,2,2.6,-0.938457490537157,-0.821441365003847
2818,"ECOHAB_3|3462","ECOHAB_3","OZ08","Survey_1",20040912,"CTD041",3462,12,0,-125.59,47.66,0.9,0.29,6.6,15.96,32.05,FALSE,2,1,0.9,-1.22191770902979,-1.48653509253364
2819,"ECOHAB_3|3463","ECOHAB_3","OZ08","Survey_1",20040912,"CTD041",3463,11,5,-125.59,47.66,0.9,0.31,6.9,15.81,32.04,FALSE,2,1,0.9,-1.19042212919727,-1.39467250145092
2820,"ECOHAB_3|3464","ECOHAB_3","OZ08","Survey_1",20040912,"CTD041",3464,10,10,-125.59,47.66,1.1,0.34,7.6,15.74,32.04,FALSE,2,1,1.1,-1.1431787594485,-1.26743486992907
2832,"ECOHAB_3|3470","ECOHAB_3","OZ06","Survey_1",20040912,"CTD043",3470,12,0,-125.35,47.78,0.8,0.28,4.6,15.43,32.09,FALSE,1,0,0.8,-1.23766549894604,-1.53487087188453
2833,"ECOHAB_3|3471","ECOHAB_3","OZ06","Survey_1",20040912,"CTD043",3471,11,5,-125.35,47.78,0.7,0.27,4.6,15.43,32.09,FALSE,1,0,0.7,-1.2534132888623,-1.5849646966141
2834,"ECOHAB_3|3472","ECOHAB_3","OZ06","Survey_1",20040912,"CTD043",3472,10,10,-125.35,47.78,0.6,0.27,5,15.31,32.09,FALSE,1,0,0.6,-1.2534132888623,-1.5849646966141
2845,"ECOHAB_3|3478","ECOHAB_3","OZ04","Survey_1",20040912,"CTD045",3478,8,0,-125.1,47.89,0.6,0.24,9.7,13.3,32.1,FALSE,1,0,0.6,-1.30065665861107,-1.74720239110334
2846,"ECOHAB_3|3479","ECOHAB_3","OZ04","Survey_1",20040912,"CTD045",3479,9,5,-125.1,47.89,0.9,0.25,9.8,13.22,32.2,FALSE,1,0,0.9,-1.28490886869482,-1.69097301784504
2847,"ECOHAB_3|3480","ECOHAB_3","OZ04","Survey_1",20040912,"CTD045",3480,7,10,-125.1,47.89,0.7,0.24,9.6,13.2,32.2,FALSE,1,0,0.7,-1.30065665861107,-1.74720239110334
2856,"ECOHAB_3|3486","ECOHAB_3","OZ02","Survey_1",20040912,"CTD047",3486,7,0,-124.86,48.01,4.7,0.38,20.1,13.5,32.26,FALSE,2,1,4.7,-1.08018759978347,-1.11422952496727
2857,"ECOHAB_3|3487","ECOHAB_3","OZ02","Survey_1",20040912,"CTD047",3487,6,5,-124.86,48.01,7.1,0.57,22.2,12.88,32.3,FALSE,3,2,7.1,-0.780979591374585,-0.555730383145118
2858,"ECOHAB_3|3488","ECOHAB_3","OZ02","Survey_1",20040912,"CTD047",3488,5,10,-124.86,48.01,12.5,0.98,28.6,11.32,32.49,FALSE,4,3,12.5,-0.13532020480804,0.190720378311506
2862,"ECOHAB_3|3490","ECOHAB_3","OZ01","Survey_1",20040912,"CTD048",3490,6,0,-124.77,48.05,4.6,0.5,25.2,13.37,32.18,FALSE,3,2,4.6,-0.891214120788385,-0.736212428689967
2863,"ECOHAB_3|3491","ECOHAB_3","OZ01","Survey_1",20040912,"CTD048",3491,5,5,-124.77,48.05,4.7,0.49,25.3,13.37,32.18,FALSE,3,2,4.7,-0.906961910704642,-0.764040210843564
2864,"ECOHAB_3|3492","ECOHAB_3","OZ01","Survey_1",20040912,"CTD048",3492,4,10,-124.77,48.05,4.5,0.46,24.6,13.32,32.2,FALSE,3,2,4.5,-0.954205280453414,-0.851064622146247
2867,"ECOHAB_3|3494","ECOHAB_3","CF01","Survey_1",20040912,"CTD049",3494,6,0,-124.74,48.28,3.9,0.45,26,13.21,32.11,FALSE,3,2,3.9,-0.969953070369671,-0.881338991740956
2868,"ECOHAB_3|3495","ECOHAB_3","CF01","Survey_1",20040912,"CTD049",3495,5,5,-124.74,48.28,4.5,0.45,25.5,13.07,32.21,FALSE,3,2,4.5,-0.969953070369671,-0.881338991740956
2869,"ECOHAB_3|3496","ECOHAB_3","CF01","Survey_1",20040912,"CTD049",3496,4,10,-124.74,48.28,5.2,0.52,26.3,12.94,32.24,FALSE,3,2,5.2,-0.859718540955871,-0.682188705810421
2872,"ECOHAB_3|3498","ECOHAB_3","CF02","Survey_1",20040912,"CTD050",3498,9,0,-124.87,48.22,2.3,0.37,18.6,13.14,32.13,FALSE,2,1,2.3,-1.09593538969973,-1.15096312500201
2873,"ECOHAB_3|4304","ECOHAB_3","CF02","Survey_1",20040912,"CTD050",4304,8,2,-124.87,48.22,2.6,0.38,18.6,13.1,32.13,FALSE,2,1,2.6,-1.08018759978347,-1.11422952496727
2874,"ECOHAB_3|3499","ECOHAB_3","CF02","Survey_1",20040912,"CTD050",3499,7,5,-124.87,48.22,4.2,0.44,18.2,12.96,32.16,FALSE,2,1,4.2,-0.985700860285928,-0.912293740883808
2875,"ECOHAB_3|3500","ECOHAB_3","CF02","Survey_1",20040912,"CTD050",3500,6,10,-124.87,48.22,6.3,0.55,19.5,12.4,32.24,FALSE,3,2,6.3,-0.812475171207099,-0.604929483343581
2880,"ECOHAB_3|3502","ECOHAB_3","CF02","Survey_1",20040912,"CTD051",3502,21,0,-124.87,48.22,1.3,0.25,18.7,13.84,32.29,FALSE,1,0,1.3,-1.28490886869482,-1.69097301784504
2881,"ECOHAB_3|4597","ECOHAB_3","CF02","Survey_1",20040912,"CTD051",4597,8,2,-124.87,48.22,1.6,0.3,18.9,13.71,32.29,FALSE,2,1,1.6,-1.20616991911353,-1.43983813356311
2882,"ECOHAB_3|3503","ECOHAB_3","CF02","Survey_1",20040912,"CTD051",3503,7,5,-124.87,48.22,2.9,0.32,19.9,13.64,32.29,FALSE,2,1,2.9,-1.17467433928101,-1.35094094377042
2883,"ECOHAB_3|3504","ECOHAB_3","CF02","Survey_1",20040912,"CTD051",3504,6,10,-124.87,48.22,6.1,0.52,21.9,12.85,32.3,FALSE,3,2,6.1,-0.859718540955871,-0.682188705810421
2890,"ECOHAB_3|3510","ECOHAB_3","CF04","Survey_1",20040913,"CTD054",3510,9,0,-125.13,48.08,2.6,0.4,20.6,13.98,32.1,FALSE,2,1,2.6,-1.04869201995096,-1.04357668623019
2891,"ECOHAB_3|3511","ECOHAB_3","CF04","Survey_1",20040913,"CTD054",3511,7,5,-125.13,48.08,7,0.64,NA,13.78,32.11,FALSE,3,2,7,-0.670745061960784,-0.396180354615351
2892,"ECOHAB_3|3512","ECOHAB_3","CF04","Survey_1",20040913,"CTD054",3512,8,10,-125.13,48.08,3.1,0.43,22.3,12.3,32.23,FALSE,2,1,3.1,-1.00144865020219,-0.943960155435005
2901,"ECOHAB_3|3518","ECOHAB_3","CF06","Survey_1",20040913,"CTD056",3518,12,0,-125.39,47.95,1.3,0.31,10.2,15.13,32,FALSE,2,1,1.3,-1.19042212919727,-1.39467250145092
2902,"ECOHAB_3|3519","ECOHAB_3","CF06","Survey_1",20040913,"CTD056",3519,11,5,-125.39,47.95,1.3,0.31,9.9,15.14,32.07,FALSE,2,1,1.3,-1.19042212919727,-1.39467250145092
2903,"ECOHAB_3|3520","ECOHAB_3","CF06","Survey_1",20040913,"CTD056",3520,10,10,-125.39,47.95,1.3,0.3,10.4,14.87,32.07,FALSE,2,1,1.3,-1.20616991911353,-1.43983813356311
2913,"ECOHAB_3|3526","ECOHAB_3","CF08","Survey_1",20040913,"CTD058",3526,10,0,-125.67,47.82,1.4,0.31,7.9,15.76,32.04,FALSE,2,1,1.4,-1.19042212919727,-1.39467250145092
2914,"ECOHAB_3|3527","ECOHAB_3","CF08","Survey_1",20040913,"CTD058",3527,9,5,-125.67,47.82,1.4,0.3,8,15.75,32.05,FALSE,2,1,1.4,-1.20616991911353,-1.43983813356311
2915,"ECOHAB_3|3528","ECOHAB_3","CF08","Survey_1",20040913,"CTD058",3528,8,10,-125.67,47.82,1.4,0.31,7.9,15.75,32.05,FALSE,2,1,1.4,-1.19042212919727,-1.39467250145092
2928,"ECOHAB_3|3545","ECOHAB_3","LA02","Survey_1",20040913,"CTD061",3545,23,0,-124.85,48.44,6.1,0.55,25.2,12.62,32.18,FALSE,3,2,6.1,-0.812475171207099,-0.604929483343581
2929,"ECOHAB_3|3546","ECOHAB_3","LA02","Survey_1",20040913,"CTD061",3546,9,5,-124.85,48.44,6.6,0.6,26.2,12.48,32.19,FALSE,3,2,6.6,-0.733736221625813,-0.48507754440804
2930,"ECOHAB_3|3547","ECOHAB_3","LA02","Survey_1",20040913,"CTD061",3547,8,10,-124.85,48.44,7,0.61,26.4,12.41,32.2,FALSE,3,2,7,-0.717988431709556,-0.462309615010259
2940,"ECOHAB_3|3553","ECOHAB_3","LA04","Survey_1",20040913,"CTD063",3553,9,0,-125.07,48.32,8.4,0.7,29.7,12.39,32.34,FALSE,3,2,8.4,-0.576258322463241,-0.27274602518923
2941,"ECOHAB_3|3554","ECOHAB_3","LA04","Survey_1",20040913,"CTD063",3554,8,5,-125.07,48.32,9,0.75,30.3,12.11,32.36,FALSE,4,3,9,-0.497519372881955,-0.177713286867812
2942,"ECOHAB_3|3555","ECOHAB_3","LA04","Survey_1",20040913,"CTD063",3555,7,10,-125.07,48.32,21.3,1.63,43.5,9.89,32.76,FALSE,5,4,21.3,0.888286139748678,0.891532132528343
2951,"ECOHAB_3|3561","ECOHAB_3","LA06","Survey_1",20040914,"CTD065",3561,9,0,-125.29,48.21,5.1,0.51,17.8,13.94,32.02,FALSE,3,2,5.1,-0.875466330872128,-0.708935728106917
2952,"ECOHAB_3|3562","ECOHAB_3","LA06","Survey_1",20040914,"CTD065",3562,8,5,-125.29,48.21,7.7,0.65,20.6,13.18,32.11,FALSE,3,2,7.7,-0.654997272044527,-0.374824448270194
2953,"ECOHAB_3|3563","ECOHAB_3","LA06","Survey_1",20040914,"CTD065",3563,7,10,-125.29,48.21,7.6,0.66,20.8,13.21,32.11,FALSE,3,2,7.6,-0.63924948212827,-0.353794599061654
2962,"ECOHAB_3|3569","ECOHAB_3","LA08","Survey_1",20040914,"CTD067",3569,9,0,-125.51,48.1,3.4,0.44,13.3,14.81,32.08,FALSE,2,1,3.4,-0.985700860285928,-0.912293740883808
2963,"ECOHAB_3|3570","ECOHAB_3","LA08","Survey_1",20040914,"CTD067",3570,8,5,-125.51,48.1,3.4,0.43,13.3,14.78,32.08,FALSE,2,1,3.4,-1.00144865020219,-0.943960155435005
2964,"ECOHAB_3|3571","ECOHAB_3","LA08","Survey_1",20040914,"CTD067",3571,7,10,-125.51,48.1,3.7,0.45,13.7,14.65,32.09,FALSE,3,2,3.7,-0.969953070369671,-0.881338991740956
2973,"ECOHAB_3|3577","ECOHAB_3","LA10","Survey_1",20040914,"CTD069",3577,10,0,-125.72,47.98,2.5,0.41,11.6,14.61,32.05,FALSE,2,1,2.5,-1.0329442300347,-1.00956438118768
2974,"ECOHAB_3|3578","ECOHAB_3","LA10","Survey_1",20040914,"CTD069",3578,9,5,-125.72,47.98,2.4,0.41,11.6,14.61,32.05,FALSE,2,1,2.4,-1.0329442300347,-1.00956438118768
2975,"ECOHAB_3|3579","ECOHAB_3","LA10","Survey_1",20040914,"CTD069",3579,8,10,-125.72,47.98,2.5,0.42,11.5,14.59,32.05,FALSE,2,1,2.5,-1.01719644011844,-0.976371730062374
2985,"ECOHAB_3|3585","ECOHAB_3","LAB10","Survey_1",20040914,"CTD071",3585,10,0,-125.98,48,2.6,0.47,10.2,14.86,32.08,FALSE,3,2,2.6,-0.938457490537157,-0.821441365003847
2986,"ECOHAB_3|3586","ECOHAB_3","LAB10","Survey_1",20040914,"CTD071",3586,9,5,-125.98,48,2.6,0.4,10.1,14.86,32.08,FALSE,2,1,2.6,-1.04869201995096,-1.04357668623019
2987,"ECOHAB_3|3587","ECOHAB_3","LAB10","Survey_1",20040914,"CTD071",3587,8,10,-125.98,48,2.6,0.48,10.1,14.82,32.08,FALSE,3,2,2.6,-0.9227097006209,-0.792441801948267
2997,"ECOHAB_3|3593","ECOHAB_3","LAB08","Survey_1",20040914,"CTD073",3593,10,0,-125.72,48.13,1.3,0.36,7.3,14.94,32.16,FALSE,2,1,1.3,-1.11168317961599,-1.18870324928118
2998,"ECOHAB_3|3594","ECOHAB_3","LAB08","Survey_1",20040914,"CTD073",3594,9,5,-125.72,48.13,1.4,0.51,7.3,14.94,32.16,FALSE,3,2,1.4,-0.875466330872128,-0.708935728106917
2999,"ECOHAB_3|3595","ECOHAB_3","LAB08","Survey_1",20040914,"CTD073",3595,8,10,-125.72,48.13,1.4,0.44,7.4,14.84,32.17,FALSE,2,1,1.4,-0.985700860285928,-0.912293740883808
3009,"ECOHAB_3|3601","ECOHAB_3","LAB06","Survey_1",20040914,"CTD075",3601,21,0,-125.47,48.26,5.5,0.64,14.9,14.19,32.06,FALSE,3,2,5.5,-0.670745061960784,-0.396180354615351
3010,"ECOHAB_3|3602","ECOHAB_3","LAB06","Survey_1",20040914,"CTD075",3602,8,5,-125.47,48.26,5.6,0.73,14.9,14.2,32.06,FALSE,4,3,5.6,-0.52901495271447,-0.214943346942965
3011,"ECOHAB_3|3603","ECOHAB_3","LAB06","Survey_1",20040914,"CTD075",3603,7,10,-125.47,48.26,5.7,0.63,15,14.17,32.06,FALSE,3,2,5.7,-0.686492851877041,-0.417872588240219
3020,"ECOHAB_3|3609","ECOHAB_3","LAB04","Survey_1",20040914,"CTD077",3609,9,0,-125.21,48.4,8.6,0.66,30.2,12.17,32.42,FALSE,3,2,8.6,-0.63924948212827,-0.353794599061654
3021,"ECOHAB_3|3610","ECOHAB_3","LAB04","Survey_1",20040914,"CTD077",3610,8,5,-125.21,48.4,8.7,0.66,30.3,12.06,32.43,FALSE,3,2,8.7,-0.63924948212827,-0.353794599061654
3022,"ECOHAB_3|3611","ECOHAB_3","LAB04","Survey_1",20040914,"CTD077",3611,7,10,-125.21,48.4,10.3,0.76,31.3,11.85,32.46,FALSE,4,3,10.3,-0.481771582965698,-0.159468935812202
3031,"ECOHAB_3|3617","ECOHAB_3","LAB02","Survey_1",20040914,"CTD079",3617,7,0,-124.96,48.53,7.6,0.61,28.6,12.6,32.27,FALSE,3,2,7.6,-0.717988431709556,-0.462309615010259
3032,"ECOHAB_3|3618","ECOHAB_3","LAB02","Survey_1",20040914,"CTD079",3618,6,5,-124.96,48.53,8.4,0.65,29.7,12.41,32.35,FALSE,3,2,8.4,-0.654997272044527,-0.374824448270194
3033,"ECOHAB_3|3619","ECOHAB_3","LAB02","Survey_1",20040914,"CTD079",3619,5,10,-124.96,48.53,8.3,0.66,29.3,12.45,32.34,FALSE,3,2,8.3,-0.63924948212827,-0.353794599061654
3037,"ECOHAB_3|3621","ECOHAB_3","LAB01","Survey_1",20040914,"CTD080",3621,7,0,-124.83,48.59,21.3,1.78,49.7,11.54,31.04,FALSE,6,5,21.3,1.12450298849254,1.01279176536996
3038,"ECOHAB_3|3622","ECOHAB_3","LAB01","Survey_1",20040914,"CTD080",3622,6,5,-124.83,48.59,21.1,1.74,49.1,11.53,31.09,FALSE,6,5,21.1,1.06151182882751,0.981485227598657
3039,"ECOHAB_3|3623","ECOHAB_3","LAB01","Survey_1",20040914,"CTD080",3623,5,10,-124.83,48.59,21.7,1.79,49.7,11.19,31.25,FALSE,6,5,21.7,1.14025077840879,1.02050847108306
3043,"ECOHAB_3|3625","ECOHAB_3","LB01","Survey_1",20040914,"CTD081",3625,6,0,-124.99,48.67,20.7,1.72,50.1,11.83,30.57,FALSE,6,5,20.7,1.03001624899499,0.965561022875136
3044,"ECOHAB_3|3626","ECOHAB_3","LB01","Survey_1",20040914,"CTD081",3626,5,5,-124.99,48.67,20.8,1.73,49.7,11.72,30.84,FALSE,6,5,20.8,1.04576403891125,0.973546137221582
3045,"ECOHAB_3|3627","ECOHAB_3","LB01","Survey_1",20040914,"CTD081",3627,4,10,-124.99,48.67,21.6,1.78,50.1,11.39,31.14,FALSE,6,5,21.6,1.12450298849254,1.01279176536996
3048,"ECOHAB_3|3629","ECOHAB_3","LB03","Survey_1",20040915,"CTD082",3629,8,0,-125.09,48.62,19.2,1.53,45.6,11.7,31.24,FALSE,5,4,19.2,0.730808240586107,0.804324002870308
3049,"ECOHAB_3|3630","ECOHAB_3","LB03","Survey_1",20040915,"CTD082",3630,7,5,-125.09,48.62,12.7,1.01,34.3,12.03,31.83,FALSE,4,3,12.7,-0.0880768350592679,0.232254028445385
3050,"ECOHAB_3|3631","ECOHAB_3","LB03","Survey_1",20040915,"CTD082",3631,6,10,-125.09,48.62,9.4,0.76,28.6,12.17,32.25,FALSE,4,3,9.4,-0.481771582965698,-0.159468935812202
3058,"ECOHAB_3|3637","ECOHAB_3","LB06","Survey_1",20040915,"CTD084",3637,9,0,-125.26,48.54,7,0.56,29.2,12.33,32.31,FALSE,3,2,7,-0.796727381290842,-0.580110282729458
3059,"ECOHAB_3|3638","ECOHAB_3","LB06","Survey_1",20040915,"CTD084",3638,8,5,-125.26,48.54,7.2,0.75,29.1,12.32,32.31,FALSE,4,3,7.2,-0.497519372881955,-0.177713286867812
3060,"ECOHAB_3|3639","ECOHAB_3","LB06","Survey_1",20040915,"CTD084",3639,7,10,-125.26,48.54,7.4,0.57,29.5,12.28,32.33,FALSE,3,2,7.4,-0.780979591374585,-0.555730383145118
3069,"ECOHAB_3|3645","ECOHAB_3","LB08","Survey_1",20040915,"CTD086",3645,9,0,-125.48,48.42,11,0.84,29.7,12.24,32.42,FALSE,4,3,11,-0.35578926363564,-0.0216111409073033
3070,"ECOHAB_3|3646","ECOHAB_3","LB08","Survey_1",20040915,"CTD086",3646,8,5,-125.48,48.42,11,0.86,29.9,12.22,32.43,FALSE,4,3,11,-0.324293683803126,0.0108004337200653
3071,"ECOHAB_3|3647","ECOHAB_3","LB08","Survey_1",20040915,"CTD086",3647,7,10,-125.48,48.42,11.3,0.88,30,12.16,32.44,FALSE,4,3,11.3,-0.292798103970611,0.0424668482712623
3080,"ECOHAB_3|3653","ECOHAB_3","LB10","Survey_1",20040915,"CTD088",3653,9,0,-125.69,48.31,2.1,0.46,10.6,14.44,32.07,FALSE,3,2,2.1,-0.954205280453414,-0.851064622146247
3081,"ECOHAB_3|3654","ECOHAB_3","LB10","Survey_1",20040915,"CTD088",3654,8,5,-125.69,48.31,2.3,0.45,10.8,14.42,32.07,FALSE,3,2,2.3,-0.969953070369671,-0.881338991740956
3082,"ECOHAB_3|3655","ECOHAB_3","LB10","Survey_1",20040915,"CTD088",3655,7,10,-125.69,48.31,3.5,0.53,12.9,14.15,32.08,FALSE,3,2,3.5,-0.843970751039613,-0.655951181713635
3091,"ECOHAB_3|3661","ECOHAB_3","LB13","Survey_1",20040915,"CTD090",3661,10,0,-125.88,48.2,0.5,0.34,7,15.33,32.11,FALSE,2,1,0.5,-1.1431787594485,-1.26743486992907
3092,"ECOHAB_3|3662","ECOHAB_3","LB13","Survey_1",20040915,"CTD090",3662,9,5,-125.88,48.2,0.5,0.32,7.1,15.32,32.11,FALSE,2,1,0.5,-1.17467433928101,-1.35094094377042
3093,"ECOHAB_3|3663","ECOHAB_3","LB13","Survey_1",20040915,"CTD090",3663,8,10,-125.88,48.2,0.6,0.35,7.1,15.29,32.11,FALSE,2,1,0.6,-1.12743096953224,-1.2275066143443
3103,"ECOHAB_3|3669","ECOHAB_3","LB15","Survey_1",20040915,"CTD092",3669,10,0,-126.14,48.07,1.7,0.37,10.4,14.91,32.06,FALSE,2,1,1.7,-1.09593538969973,-1.15096312500201
3104,"ECOHAB_3|3670","ECOHAB_3","LB15","Survey_1",20040915,"CTD092",3670,9,5,-126.14,48.07,1.6,0.37,10.3,14.91,32.06,FALSE,2,1,1.6,-1.09593538969973,-1.15096312500201
3105,"ECOHAB_3|3671","ECOHAB_3","LB15","Survey_1",20040915,"CTD092",3671,8,10,-126.14,48.07,1.6,0.36,10.3,14.91,32.06,FALSE,2,1,1.6,-1.11168317961599,-1.18870324928118
3115,"ECOHAB_3|3677","ECOHAB_3","LBC08","Survey_1",20040915,"CTD094",3677,10,0,-126.14,48.29,1.3,0.37,10.5,14.92,32.04,FALSE,2,1,1.3,-1.09593538969973,-1.15096312500201
3116,"ECOHAB_3|3678","ECOHAB_3","LBC08","Survey_1",20040915,"CTD094",3678,9,5,-126.14,48.29,1.3,0.36,10.5,14.92,32.04,FALSE,2,1,1.3,-1.11168317961599,-1.18870324928118
3117,"ECOHAB_3|3679","ECOHAB_3","LBC08","Survey_1",20040915,"CTD094",3679,8,10,-126.14,48.29,1.2,0.37,10.4,14.92,32.04,FALSE,2,1,1.2,-1.09593538969973,-1.15096312500201
3127,"ECOHAB_3|3685","ECOHAB_3","LBC06","Survey_1",20040915,"CTD096",3685,9,0,-125.88,48.41,8.2,0.69,26.1,12.82,32.23,FALSE,3,2,8.2,-0.592006112379498,-0.292565480324093
3128,"ECOHAB_3|3686","ECOHAB_3","LBC06","Survey_1",20040915,"CTD096",3686,8,5,-125.88,48.41,8.2,0.65,26,12.79,32.23,FALSE,3,2,8.2,-0.654997272044527,-0.374824448270194
3129,"ECOHAB_3|3687","ECOHAB_3","LBC06","Survey_1",20040915,"CTD096",3687,7,10,-125.88,48.41,8.4,0.69,26.4,12.7,32.23,FALSE,3,2,8.4,-0.592006112379498,-0.292565480324093
3138,"ECOHAB_3|3693","ECOHAB_3","LBC04","Survey_1",20040915,"CTD098",3693,8,0,-125.63,48.54,7.4,0.57,27.7,12.52,32.26,FALSE,3,2,7.4,-0.780979591374585,-0.555730383145118
3139,"ECOHAB_3|3694","ECOHAB_3","LBC04","Survey_1",20040915,"CTD098",3694,7,5,-125.63,48.54,8.3,0.63,28.3,12.27,32.29,FALSE,3,2,8.3,-0.686492851877041,-0.417872588240219
3140,"ECOHAB_3|3695","ECOHAB_3","LBC04","Survey_1",20040915,"CTD098",3695,6,10,-125.63,48.54,9.6,0.73,29.8,12.17,32.35,FALSE,4,3,9.6,-0.52901495271447,-0.214943346942965
3148,"ECOHAB_3|3701","ECOHAB_3","LBC02","Survey_1",20040915,"CTD100",3701,8,0,-125.38,48.67,8.8,0.73,25,11.85,32.3,FALSE,4,3,8.8,-0.52901495271447,-0.214943346942965
3149,"ECOHAB_3|3702","ECOHAB_3","LBC02","Survey_1",20040915,"CTD100",3702,7,5,-125.38,48.67,9.3,0.74,25.6,11.76,32.3,FALSE,4,3,9.3,-0.513267162798212,-0.196202535846943
3150,"ECOHAB_3|3703","ECOHAB_3","LBC02","Survey_1",20040915,"CTD100",3703,6,10,-125.38,48.67,11.2,0.88,28.6,11.43,32.37,FALSE,4,3,11.2,-0.292798103970611,0.0424668482712623
3155,"ECOHAB_3|3705","ECOHAB_3","LBC01","Survey_1",20040916,"CTD101",3705,8,0,-125.25,48.73,21.3,1.74,49,11.95,30.94,FALSE,6,5,21.3,1.06151182882751,0.981485227598657
3156,"ECOHAB_3|3706","ECOHAB_3","LBC01","Survey_1",20040916,"CTD101",3706,7,5,-125.25,48.73,21.6,1.74,49.2,11.55,31.16,FALSE,6,5,21.6,1.06151182882751,0.981485227598657
3157,"ECOHAB_3|3707","ECOHAB_3","LBC01","Survey_1",20040916,"CTD101",3707,6,10,-125.25,48.73,22.3,1.81,49.9,11.1,31.41,FALSE,6,5,22.3,1.17174635824131,1.03581338817802
3165,"ECOHAB_3|3713","ECOHAB_3","LC09","Survey_1",20040916,"CTD103",3713,10,0,-126.23,48.43,2.5,0.4,11.8,14.46,32.04,FALSE,2,1,2.5,-1.04869201995096,-1.04357668623019
3166,"ECOHAB_3|3714","ECOHAB_3","LC09","Survey_1",20040916,"CTD103",3714,9,5,-126.23,48.43,2.5,0.42,12,14.46,32.04,FALSE,2,1,2.5,-1.01719644011844,-0.976371730062374
3167,"ECOHAB_3|3715","ECOHAB_3","LC09","Survey_1",20040916,"CTD103",3715,8,10,-126.23,48.43,2.5,0.43,11.6,14.44,32.06,FALSE,2,1,2.5,-1.00144865020219,-0.943960155435005
3177,"ECOHAB_3|3721","ECOHAB_3","LC07","Survey_1",20040916,"CTD105",3721,9,0,-126.01,48.55,9.1,0.72,30,11.82,32.32,FALSE,3,2,9.1,-0.544762742630727,-0.233942660126113
3178,"ECOHAB_3|3722","ECOHAB_3","LC07","Survey_1",20040916,"CTD105",3722,8,5,-126.01,48.55,7.2,0.62,27.6,12.23,32.25,FALSE,3,2,7.2,-0.702240641793299,-0.439911912295854
3179,"ECOHAB_3|3723","ECOHAB_3","LC07","Survey_1",20040916,"CTD105",3723,7,10,-126.01,48.55,13.3,1.01,33.8,11.51,32.43,FALSE,4,3,13.3,-0.0880768350592679,0.232254028445385
3188,"ECOHAB_3|3729","ECOHAB_3","LC05","Survey_1",20040916,"CTD107",3729,8,0,-125.79,48.67,12.5,0.98,34.7,12.02,31.97,FALSE,4,3,12.5,-0.13532020480804,0.190720378311506
3189,"ECOHAB_3|3730","ECOHAB_3","LC05","Survey_1",20040916,"CTD107",3730,7,5,-125.79,48.67,12.4,0.99,35.3,12.01,31.97,FALSE,4,3,12.4,-0.119572414891782,0.204704542760501
3190,"ECOHAB_3|3731","ECOHAB_3","LC05","Survey_1",20040916,"CTD107",3731,6,10,-125.79,48.67,12.5,0.97,33.3,11.68,32.07,FALSE,4,3,12.5,-0.151067994724297,0.176592784032924
3198,"ECOHAB_3|3737","ECOHAB_3","LC03","Survey_1",20040916,"CTD109",3737,21,0,-125.57,48.78,18.6,1.51,43.1,11.81,31.53,FALSE,5,4,18.6,0.699312660753592,0.786199683915093
3199,"ECOHAB_3|3738","ECOHAB_3","LC03","Survey_1",20040916,"CTD109",3738,8,5,-125.57,48.78,18.9,1.57,42.5,11.83,31.52,FALSE,5,4,18.9,0.793799400251135,0.839872514328797
3200,"ECOHAB_3|3739","ECOHAB_3","LC03","Survey_1",20040916,"CTD109",3739,7,10,-125.57,48.78,18.9,1.52,43.6,11.4,31.65,FALSE,5,4,18.9,0.715060450669849,0.795291653342869
3206,"ECOHAB_3|3741","ECOHAB_3","LC01","Survey_1",20040916,"CTD110",3741,8,0,-125.46,48.84,21.9,1.82,49,11.69,31.2,FALSE,6,5,21.9,1.18749414815757,1.04340254438561
3207,"ECOHAB_3|3742","ECOHAB_3","LC01","Survey_1",20040916,"CTD110",3742,7,5,-125.46,48.84,21.9,1.88,49.8,11.66,31.21,FALSE,6,5,21.9,1.28198088765511,1.08807981330629
3208,"ECOHAB_3|3743","ECOHAB_3","LC01","Survey_1",20040916,"CTD110",3743,6,10,-125.46,48.84,21.4,1.78,49.1,11.46,31.33,FALSE,6,5,21.4,1.12450298849254,1.01279176536996
3213,"ECOHAB_3|3745","ECOHAB_3","BS01","Survey_1",20040916,"CTD111",3745,8,0,-125.25,48.85,20.2,1.67,47,11.77,31.09,FALSE,5,4,20.2,0.951277299413707,0.924925970883575
3214,"ECOHAB_3|3746","ECOHAB_3","BS01","Survey_1",20040916,"CTD111",3746,7,5,-125.25,48.85,20.2,1.68,46.9,11.76,31.1,FALSE,5,4,20.2,0.967025089329964,0.933149448247767
3215,"ECOHAB_3|3747","ECOHAB_3","BS01","Survey_1",20040916,"CTD111",3747,6,10,-125.25,48.85,20.6,1.7,47.4,11.71,31.14,FALSE,5,4,20.6,0.998520669162479,0.949450565921297
3220,"ECOHAB_3|3749","ECOHAB_3","BS02","Survey_1",20040916,"CTD112",3749,8,0,-125.22,48.9,14.1,1.17,38.9,12.61,30.44,FALSE,4,3,14.1,0.163887803600847,0.434809577833888
3221,"ECOHAB_3|3750","ECOHAB_3","BS02","Survey_1",20040916,"CTD112",3750,7,5,-125.22,48.9,14.1,1.19,39,12.58,30.45,FALSE,4,3,14.1,0.195383383433362,0.458156380266963
3222,"ECOHAB_3|3751","ECOHAB_3","BS02","Survey_1",20040916,"CTD112",3751,6,10,-125.22,48.9,15.5,1.32,41.4,12.55,30.53,FALSE,5,4,15.5,0.400104652344705,0.600965990093417
3231,"ECOHAB_3|3757","ECOHAB_3","DA01",NA,20040917,"CTD113",3757,9,0,-125.09,48.46,6.7,0.61,20.2,12.93,32.19,FALSE,3,2,6.7,-0.717988431709556,-0.462309615010259
3232,"ECOHAB_3|3758","ECOHAB_3","DA01",NA,20040917,"CTD113",3758,8,5,-125.09,48.46,6.8,0.6,20.1,12.93,32.19,FALSE,3,2,6.8,-0.733736221625813,-0.48507754440804
3233,"ECOHAB_3|3759","ECOHAB_3","DA01",NA,20040917,"CTD113",3759,7,10,-125.09,48.46,6.9,0.61,20.4,12.9,32.19,FALSE,3,2,6.9,-0.717988431709556,-0.462309615010259
3239,"ECOHAB_3|3764","ECOHAB_3","DA02",NA,20040917,"CTD114",3764,9,0,-125.16,48.49,7.3,0.7,20.5,12.98,32.18,FALSE,3,2,7.3,-0.576258322463241,-0.27274602518923
3240,"ECOHAB_3|3765","ECOHAB_3","DA02",NA,20040917,"CTD114",3765,8,5,-125.16,48.49,7.5,0.59,20.4,12.99,32.18,FALSE,3,2,7.5,-0.74948401154207,-0.508228145948082
3241,"ECOHAB_3|3766","ECOHAB_3","DA02",NA,20040917,"CTD114",3766,7,10,-125.16,48.49,7.3,0.62,20.4,13,32.18,FALSE,3,2,7.3,-0.702240641793299,-0.439911912295854
3259,"ECOHAB_3|3785","ECOHAB_3","DA05",NA,20040917,"CTD117",3785,9,0,-125.15,48.52,6.9,0.61,20.3,12.97,32.16,FALSE,3,2,6.9,-0.717988431709556,-0.462309615010259
3260,"ECOHAB_3|3786","ECOHAB_3","DA05",NA,20040917,"CTD117",3786,8,5,-125.15,48.52,7.1,0.63,20.8,12.95,32.17,FALSE,3,2,7.1,-0.686492851877041,-0.417872588240219
3261,"ECOHAB_3|3787","ECOHAB_3","DA05",NA,20040917,"CTD117",3787,7,10,-125.15,48.52,7.4,0.66,21.1,12.91,32.17,FALSE,3,2,7.4,-0.63924948212827,-0.353794599061654
3279,"ECOHAB_3|3807","ECOHAB_3","DBH01",NA,20040917,"CTD120",3807,7,0,-125.42,48.57,8.7,0.73,29.4,12.32,32.38,FALSE,4,3,8.7,-0.52901495271447,-0.214943346942965
3280,"ECOHAB_3|3808","ECOHAB_3","DBH01",NA,20040917,"CTD120",3808,6,5,-125.42,48.57,10.5,0.8,31.2,11.96,32.42,FALSE,4,3,10.5,-0.418780423300669,-0.0888160970751237
3281,"ECOHAB_3|3809","ECOHAB_3","DBH01",NA,20040917,"CTD120",3809,5,10,-125.42,48.57,14.3,1.09,35.2,11.33,32.52,FALSE,4,3,14.3,0.0379054842707898,0.337251763888357
3286,"ECOHAB_3|3814","ECOHAB_3","DA08",NA,20040918,"CTD121",3814,8,0,-125.32,48.64,8.3,0.69,22.9,12.74,32.25,FALSE,3,2,8.3,-0.592006112379498,-0.292565480324093
3287,"ECOHAB_3|3815","ECOHAB_3","DA08",NA,20040918,"CTD121",3815,7,5,-125.32,48.64,8.1,0.67,22.6,12.76,32.25,FALSE,3,2,8.1,-0.623501692212013,-0.333081000197107
3288,"ECOHAB_3|3816","ECOHAB_3","DA08",NA,20040918,"CTD121",3816,6,10,-125.32,48.64,8.6,0.71,23.4,12.69,32.25,FALSE,3,2,8.6,-0.560510532546984,-0.253207706572786
3293,"ECOHAB_3|3821","ECOHAB_3","DA09",NA,20040918,"CTD122",3821,8,0,-125.32,48.62,8.2,0.74,23.4,12.75,32.25,FALSE,4,3,8.2,-0.513267162798212,-0.196202535846943
3294,"ECOHAB_3|3822","ECOHAB_3","DA09",NA,20040918,"CTD122",3822,7,5,-125.32,48.62,9.3,0.8,24.9,12.49,32.27,FALSE,4,3,9.3,-0.418780423300669,-0.0888160970751237
3295,"ECOHAB_3|3823","ECOHAB_3","DA09",NA,20040918,"CTD122",3823,6,10,-125.32,48.62,10.5,0.88,26.7,12.27,32.31,FALSE,4,3,10.5,-0.292798103970611,0.0424668482712623
3300,"ECOHAB_3|4305","ECOHAB_3","DA10",NA,20040918,"CTD123",4305,9,0,-125.4,48.62,8.3,0.66,23,12.7,32.23,FALSE,3,2,8.3,-0.63924948212827,-0.353794599061654
3301,"ECOHAB_3|4306","ECOHAB_3","DA10",NA,20040918,"CTD123",4306,8,5,-125.4,48.62,8.3,0.65,23,12.66,32.26,FALSE,3,2,8.3,-0.654997272044527,-0.374824448270194
3302,"ECOHAB_3|4307","ECOHAB_3","DA10",NA,20040918,"CTD123",4307,7,10,-125.4,48.62,9.1,0.71,23.6,12.45,32.28,FALSE,3,2,9.1,-0.560510532546984,-0.253207706572786
3308,"ECOHAB_3|3829","ECOHAB_3","DA11",NA,20040918,"CTD124",3829,8,0,-125.48,48.66,7.5,0.61,21.7,12.86,32.2,FALSE,3,2,7.5,-0.717988431709556,-0.462309615010259
3309,"ECOHAB_3|3830","ECOHAB_3","DA11",NA,20040918,"CTD124",3830,7,5,-125.48,48.66,7.4,0.61,21.5,12.87,32.22,FALSE,3,2,7.4,-0.717988431709556,-0.462309615010259
3310,"ECOHAB_3|3831","ECOHAB_3","DA11",NA,20040918,"CTD124",3831,6,10,-125.48,48.66,7.9,0.64,22.1,12.72,32.24,FALSE,3,2,7.9,-0.670745061960784,-0.396180354615351
3326,"ECOHAB_3|3841","ECOHAB_3","DA14",NA,20040918,"CTD127",3841,7,0,-125.52,48.66,7.4,0.65,21.6,12.8,32.2,FALSE,3,2,7.4,-0.654997272044527,-0.374824448270194
3327,"ECOHAB_3|3842","ECOHAB_3","DA14",NA,20040918,"CTD127",3842,6,5,-125.52,48.66,8,0.68,22.1,12.74,32.22,FALSE,3,2,8,-0.607753902295755,-0.312674280774001
3328,"ECOHAB_3|3843","ECOHAB_3","DA14",NA,20040918,"CTD127",3843,5,10,-125.52,48.66,9.7,0.87,24.5,12.59,32.25,FALSE,4,3,9.7,-0.308545893886869,0.026724638443587
3332,"ECOHAB_3|3848","ECOHAB_3","DA15",NA,20040918,"CTD128",3848,4,0,-125.59,48.66,6.9,0.63,20.8,12.84,32.22,FALSE,3,2,6.9,-0.686492851877041,-0.417872588240219
3333,"ECOHAB_3|3849","ECOHAB_3","DA15",NA,20040918,"CTD128",3849,3,5,-125.59,48.66,7.9,0.7,21.6,12.7,32.23,FALSE,3,2,7.9,-0.576258322463241,-0.27274602518923
3334,"ECOHAB_3|3850","ECOHAB_3","DA15",NA,20040918,"CTD128",3850,2,10,-125.59,48.66,9.7,0.81,24.8,12.35,32.29,FALSE,4,3,9.7,-0.403032633384412,-0.0717049656368745
3335,"ECOHAB_3|3852","ECOHAB_3","DBH02",NA,20040919,"CTD129",3852,20,0,-125.54,48.57,2.6,0.39,26.8,12.84,32.33,FALSE,2,1,2.6,-1.06443980986721,-1.07845015314334
3336,"ECOHAB_3|3853","ECOHAB_3","DBH02",NA,20040919,"CTD129",3853,7,5,-125.54,48.57,4.5,0.5,27.7,12.47,32.34,FALSE,3,2,4.5,-0.891214120788385,-0.736212428689967
3337,"ECOHAB_3|3854","ECOHAB_3","DBH02",NA,20040919,"CTD129",3854,6,10,-125.54,48.57,9.6,0.81,30.6,11.96,32.42,FALSE,4,3,9.6,-0.403032633384412,-0.0717049656368745
3341,"ECOHAB_3|3859","ECOHAB_3","DA16",NA,20040919,"CTD130",3859,8,0,-125.67,48.68,5.3,0.49,19.8,13.03,32.22,FALSE,3,2,5.3,-0.906961910704642,-0.764040210843564
3342,"ECOHAB_3|3860","ECOHAB_3","DA16",NA,20040919,"CTD130",3860,7,5,-125.67,48.68,5.7,0.51,20.1,13.02,32.22,FALSE,3,2,5.7,-0.875466330872128,-0.708935728106917
3343,"ECOHAB_3|3861","ECOHAB_3","DA16",NA,20040919,"CTD130",3861,6,10,-125.67,48.68,10.3,0.83,25.7,12.56,32.26,FALSE,4,3,10.3,-0.371537053551898,-0.0381074861861789
3348,"ECOHAB_3|3866","ECOHAB_3","DA17",NA,20040919,"CTD131",3866,8,0,-125.69,48.67,5.6,0.53,20.2,12.91,32.23,FALSE,3,2,5.6,-0.843970751039613,-0.655951181713635
3349,"ECOHAB_3|3867","ECOHAB_3","DA17",NA,20040919,"CTD131",3867,7,5,-125.69,48.67,5.9,0.55,20.3,12.9,32.23,FALSE,3,2,5.9,-0.812475171207099,-0.604929483343581
3350,"ECOHAB_3|3868","ECOHAB_3","DA17",NA,20040919,"CTD131",3868,6,10,-125.69,48.67,8.3,0.74,23,12.79,32.24,FALSE,4,3,8.3,-0.513267162798212,-0.196202535846943
3355,"ECOHAB_3|3870","ECOHAB_3","DA18",NA,20040919,"CTD132",3870,8,0,-125.75,48.65,8.4,0.75,25.6,12.44,32.32,FALSE,4,3,8.4,-0.497519372881955,-0.177713286867812
3356,"ECOHAB_3|3871","ECOHAB_3","DA18",NA,20040919,"CTD132",3871,7,5,-125.75,48.65,9.7,0.78,28.7,12.18,32.37,FALSE,4,3,9.7,-0.450276003133183,-0.123689563988267
3357,"ECOHAB_3|3872","ECOHAB_3","DA18",NA,20040919,"CTD132",3872,6,10,-125.75,48.65,10.9,0.86,30.5,11.96,32.41,FALSE,4,3,10.9,-0.324293683803126,0.0108004337200653
3360,"ECOHAB_3|3874","ECOHAB_3","DBH03",NA,20040919,"CTD133",3874,8,0,-125.63,48.56,4.4,1.49,26.9,12.39,32.35,TRUE,5,4,4.4,0.667817080921078,0.767833700260418
3361,"ECOHAB_3|3875","ECOHAB_3","DBH03",NA,20040919,"CTD133",3875,7,5,-125.63,48.56,5.7,0.52,27.6,12.2,32.38,FALSE,3,2,5.7,-0.859718540955871,-0.682188705810421
3362,"ECOHAB_3|3876","ECOHAB_3","DBH03",NA,20040919,"CTD133",3876,6,10,-125.63,48.56,11.6,0.95,32.7,11.72,32.44,FALSE,4,3,11.6,-0.182563574556811,0.147895321728025
3367,"ECOHAB_3|3881","ECOHAB_3","DA19",NA,20040919,"CTD134",3881,8,0,-125.85,48.67,5.5,0.55,23.6,12.57,32.3,FALSE,3,2,5.5,-0.812475171207099,-0.604929483343581
3368,"ECOHAB_3|3882","ECOHAB_3","DA19",NA,20040919,"CTD134",3882,7,5,-125.85,48.67,5.5,0.56,24,12.57,32.3,FALSE,3,2,5.5,-0.796727381290842,-0.580110282729458
3369,"ECOHAB_3|3883","ECOHAB_3","DA19",NA,20040919,"CTD134",3883,6,10,-125.85,48.67,6.5,0.61,25.8,12.53,32.32,FALSE,3,2,6.5,-0.717988431709556,-0.462309615010259
3380,"ECOHAB_3|3895","ECOHAB_3","DA21",NA,20040919,"CTD136",3895,8,0,-125.86,48.65,4.1,0.45,24.1,13.05,32.32,FALSE,3,2,4.1,-0.969953070369671,-0.881338991740956
3381,"ECOHAB_3|3896","ECOHAB_3","DA21",NA,20040919,"CTD136",3896,7,5,-125.86,48.65,4.8,0.49,25,12.5,32.35,FALSE,3,2,4.8,-0.906961910704642,-0.764040210843564
3382,"ECOHAB_3|3897","ECOHAB_3","DA21",NA,20040919,"CTD136",3897,6,10,-125.86,48.65,10.2,0.85,28.8,12.21,32.37,FALSE,4,3,10.2,-0.340041473719383,-0.00531002323377337
3393,"ECOHAB_3|3909","ECOHAB_3","DA22",NA,20040920,"CTD138",3909,8,0,-125.92,48.59,0.2,0.23,21.8,13.05,32.32,FALSE,1,0,0.2,-1.31640444852733,-1.80582521130132
3394,"ECOHAB_3|3910","ECOHAB_3","DA22",NA,20040920,"CTD138",3910,7,5,-125.92,48.59,3.7,0.4,24.8,12.59,32.35,FALSE,2,1,3.7,-1.04869201995096,-1.04357668623019
3395,"ECOHAB_3|3911","ECOHAB_3","DA22",NA,20040920,"CTD138",3911,6,10,-125.92,48.59,11.1,0.93,30.4,11.9,32.42,FALSE,4,3,11.1,-0.214059154389325,0.1185872295263
3400,"ECOHAB_3|3916","ECOHAB_3","DA23",NA,20040920,"CTD139",3916,8,0,-125.95,48.57,5.5,0.48,25.5,12.39,32.37,FALSE,3,2,5.5,-0.9227097006209,-0.792441801948267
3401,"ECOHAB_3|3917","ECOHAB_3","DA23",NA,20040920,"CTD139",3917,7,5,-125.95,48.57,10,0.82,28.6,11.96,32.41,FALSE,4,3,10,-0.387284843468155,-0.0548037920326133
3402,"ECOHAB_3|3918","ECOHAB_3","DA23",NA,20040920,"CTD139",3918,6,10,-125.95,48.57,11,0.91,29.7,11.85,32.42,FALSE,4,3,11,-0.24555473422184,0.088641955230543
3405,"ECOHAB_3|4311","ECOHAB_3","DA24",NA,20040920,"CTD140",4311,9,0,-125.99,48.57,4,0.41,24.3,12.68,32.35,FALSE,2,1,4,-1.0329442300347,-1.00956438118768
3406,"ECOHAB_3|4312","ECOHAB_3","DA24",NA,20040920,"CTD140",4312,8,5,-125.99,48.57,7.2,0.6,26.7,12.5,32.36,FALSE,3,2,7.2,-0.733736221625813,-0.48507754440804
3407,"ECOHAB_3|4313","ECOHAB_3","DA24",NA,20040920,"CTD140",4313,7,10,-125.99,48.57,14.4,1.16,33.5,11.45,32.47,FALSE,4,3,14.4,0.14814001368459,0.422986085776503
3410,"ECOHAB_3|3921","ECOHAB_3","DA25",NA,20040920,"CTD141",3921,9,0,-125.99,48.57,5.2,0.42,25.1,12.51,32.35,FALSE,2,1,5.2,-1.01719644011844,-0.976371730062374
3411,"ECOHAB_3|3922","ECOHAB_3","DA25",NA,20040920,"CTD141",3922,8,5,-125.99,48.57,7.4,0.62,26.6,12.36,32.35,FALSE,3,2,7.4,-0.702240641793299,-0.439911912295854
3412,"ECOHAB_3|3923","ECOHAB_3","DA25",NA,20040920,"CTD141",3923,7,10,-125.99,48.57,11.6,0.99,30.7,11.61,32.43,FALSE,4,3,11.6,-0.119572414891782,0.204704542760501
3418,"ECOHAB_3|3928","ECOHAB_3","DBH05",NA,20040920,"CTD142",3928,20,0,-125.67,48.47,4.4,0.46,26.4,12.44,32.35,FALSE,3,2,4.4,-0.954205280453414,-0.851064622146247
3419,"ECOHAB_3|3929","ECOHAB_3","DBH05",NA,20040920,"CTD142",3929,7,5,-125.67,48.47,4.3,0.41,26.2,12.45,32.35,FALSE,2,1,4.3,-1.0329442300347,-1.00956438118768
3420,"ECOHAB_3|3930","ECOHAB_3","DBH05",NA,20040920,"CTD142",3930,6,10,-125.67,48.47,6.5,0.54,27.7,12.28,32.36,FALSE,3,2,6.5,-0.828222961123356,-0.630204107459029
3425,"ECOHAB_3|3935","ECOHAB_3","DA26",NA,20040921,"CTD143",3935,9,0,-126,48.51,2.3,0.28,23,13.4,32.36,FALSE,1,0,2.3,-1.23766549894604,-1.53487087188453
3426,"ECOHAB_3|3936","ECOHAB_3","DA26",NA,20040921,"CTD143",3936,8,5,-126,48.51,3.6,0.35,23.7,12.87,32.35,FALSE,2,1,3.6,-1.12743096953224,-1.2275066143443
3427,"ECOHAB_3|3937","ECOHAB_3","DA26",NA,20040921,"CTD143",3937,7,10,-126,48.51,8.1,0.65,26.7,12.38,32.33,FALSE,3,2,8.1,-0.654997272044527,-0.374824448270194
3434,"ECOHAB_3|3943","ECOHAB_3","DA27",NA,20040921,"CTD144",3943,8,5,-126.01,48.51,2.4,0.27,23.3,12.68,32.35,FALSE,1,0,2.4,-1.2534132888623,-1.5849646966141
3435,"ECOHAB_3|3944","ECOHAB_3","DA27",NA,20040921,"CTD144",3944,7,10,-126.01,48.51,5.4,0.48,25.3,12.37,32.37,FALSE,3,2,5.4,-0.9227097006209,-0.792441801948267
3439,"ECOHAB_3|3949","ECOHAB_3","DA28",NA,20040921,"CTD145",3949,9,0,-126.01,48.52,1.3,0.3,22.6,12.96,32.34,FALSE,2,1,1.3,-1.20616991911353,-1.43983813356311
3440,"ECOHAB_3|3950","ECOHAB_3","DA28",NA,20040921,"CTD145",3950,8,5,-126.01,48.52,7.6,0.76,28.3,12.41,32.37,FALSE,4,3,7.6,-0.481771582965698,-0.159468935812202
3441,"ECOHAB_3|3951","ECOHAB_3","DA28",NA,20040921,"CTD145",3951,7,10,-126.01,48.52,13,1.11,33.8,11.36,32.49,FALSE,4,3,13,0.0694010641033043,0.362296605975212
3445,"ECOHAB_3|3956","ECOHAB_3","DA29",NA,20040921,"CTD146",3956,21,0,-126.03,48.53,1.9,0.3,23.4,13.29,32.35,FALSE,2,1,1.9,-1.20616991911353,-1.43983813356311
3446,"ECOHAB_3|3957","ECOHAB_3","DA29",NA,20040921,"CTD146",3957,8,5,-126.03,48.53,2.3,0.32,23.4,13.11,32.35,FALSE,2,1,2.3,-1.17467433928101,-1.35094094377042
3447,"ECOHAB_3|3958","ECOHAB_3","DA29",NA,20040921,"CTD146",3958,7,10,-126.03,48.53,4,0.45,24.9,12.62,32.35,FALSE,3,2,4,-0.969953070369671,-0.881338991740956
3453,"ECOHAB_3|3963","ECOHAB_3","DA30",NA,20040921,"CTD147",3963,10,0,-126.02,48.53,1.5,0.33,21.9,13.08,32.35,FALSE,2,1,1.5,-1.15892654936476,-1.30855518821672
3454,"ECOHAB_3|3964","ECOHAB_3","DA30",NA,20040921,"CTD147",3964,8,5,-126.02,48.53,4.3,0.42,24.2,12.76,32.35,FALSE,2,1,4.3,-1.01719644011844,-0.976371730062374
3455,"ECOHAB_3|3965","ECOHAB_3","DA30",NA,20040921,"CTD147",3965,7,10,-126.02,48.53,7.8,0.67,27.6,12.32,32.37,FALSE,3,2,7.8,-0.623501692212013,-0.333081000197107
3461,"ECOHAB_3|3970","ECOHAB_3","DA31",NA,20040921,"CTD148",3970,7,0,-126.03,48.55,3.4,0.38,23.3,12.62,32.36,FALSE,2,1,3.4,-1.08018759978347,-1.11422952496727
3462,"ECOHAB_3|3971","ECOHAB_3","DA31",NA,20040921,"CTD148",3971,6,5,-126.03,48.55,6.5,0.61,26.3,12.27,32.38,FALSE,3,2,6.5,-0.717988431709556,-0.462309615010259
3463,"ECOHAB_3|3972","ECOHAB_3","DA31",NA,20040921,"CTD148",3972,5,10,-126.03,48.55,8.5,0.76,28.6,12.14,32.39,FALSE,4,3,8.5,-0.481771582965698,-0.159468935812202
3469,"ECOHAB_3|3979","ECOHAB_3","DA32",NA,20040921,"CTD149",3979,5,10,-125.99,48.56,4.5,0.45,22.5,12.69,32.34,FALSE,3,2,4.5,-0.969953070369671,-0.881338991740956
3475,"ECOHAB_3|3986","ECOHAB_3","DA33",NA,20040922,"CTD150",3986,7,10,-125.97,48.55,1.1,0.23,19,13.08,32.31,FALSE,1,0,1.1,-1.31640444852733,-1.80582521130132
3481,"ECOHAB_3|3991","ECOHAB_3","DA34",NA,20040922,"CTD151",3991,9,0,-126,48.55,0.3,0.44,20,13.21,32.31,FALSE,2,1,0.3,-0.985700860285928,-0.912293740883808
3482,"ECOHAB_3|3992","ECOHAB_3","DA34",NA,20040922,"CTD151",3992,8,5,-126,48.55,0.8,0.41,20.5,13,32.32,FALSE,2,1,0.8,-1.0329442300347,-1.00956438118768
3483,"ECOHAB_3|3993","ECOHAB_3","DA34",NA,20040922,"CTD151",3993,7,10,-126,48.55,4.9,0.53,26,12.35,32.35,FALSE,3,2,4.9,-0.843970751039613,-0.655951181713635
3488,"ECOHAB_3|3998","ECOHAB_3","DBH06",NA,20040922,"CTD152",3998,9,0,-125.49,48.44,6.7,0.59,26.7,12.84,32.35,FALSE,3,2,6.7,-0.74948401154207,-0.508228145948082
3489,"ECOHAB_3|3999","ECOHAB_3","DBH06",NA,20040922,"CTD152",3999,8,5,-125.49,48.44,6.9,0.58,27.1,12.48,32.38,FALSE,3,2,6.9,-0.765231801458328,-0.531774503378568
3490,"ECOHAB_3|4000","ECOHAB_3","DBH06",NA,20040922,"CTD152",4000,7,10,-125.49,48.44,11.2,0.96,29.9,11.9,32.44,FALSE,4,3,11.2,-0.166815784640554,0.162318787206803
3496,"ECOHAB_3|4005","ECOHAB_3","DC01",NA,20040922,"CTD153",4005,20,0,-125.01,47.94,0.2,0.12,10.3,14.02,32.07,FALSE,1,0,0.2,-1.48963013760616,-2.70196298025841
3497,"ECOHAB_3|4006","ECOHAB_3","DC01",NA,20040922,"CTD153",4006,7,5,-125.01,47.94,0.4,0.18,10.3,14,32.08,FALSE,1,0,0.4,-1.39514339810862,-2.14346383843625
3498,"ECOHAB_3|4007","ECOHAB_3","DC01",NA,20040922,"CTD153",4007,6,10,-125.01,47.94,1,0.19,11.5,13.82,32.1,FALSE,1,0,1,-1.37939560819236,-2.06899011412234
3504,"ECOHAB_3|4013","ECOHAB_3","KB01","Period_2",20040922,"CTD155",4013,5,5,-124.5,47.58,2.1,0.33,28.2,14.99,30.22,FALSE,2,1,2.1,-1.15892654936476,-1.30855518821672
3505,"ECOHAB_3|4014","ECOHAB_3","KB01","Period_2",20040922,"CTD155",4014,4,10,-124.5,47.58,7.8,0.92,34.3,13.64,31.52,FALSE,4,3,7.8,-0.229806944305583,0.103695967008823
3509,"ECOHAB_3|4017","ECOHAB_3","KB02","Period_2",20040922,"CTD156",4017,7,5,-124.64,47.53,0.9,0.18,11,14.65,32.02,FALSE,1,0,0.9,-1.39514339810862,-2.14346383843625
3510,"ECOHAB_3|4018","ECOHAB_3","KB02","Period_2",20040922,"CTD156",4018,6,10,-124.64,47.53,11.4,1.03,22.8,11.34,32.45,FALSE,4,3,11.4,-0.0565812552267534,0.259263293173365
3519,"ECOHAB_3|4024","ECOHAB_3","KB04","Period_2",20040923,"CTD158",4024,11,0,-124.92,47.43,0.5,0.31,6.6,15.26,31.97,FALSE,2,1,0.5,-1.19042212919727,-1.39467250145092
3520,"ECOHAB_3|4025","ECOHAB_3","KB04","Period_2",20040923,"CTD158",4025,10,5,-124.92,47.43,0.5,0.33,6.6,15.23,31.97,FALSE,2,1,0.5,-1.15892654936476,-1.30855518821672
3521,"ECOHAB_3|4026","ECOHAB_3","KB04","Period_2",20040923,"CTD158",4026,9,10,-124.92,47.43,1.5,0.36,9.3,14.12,32.03,FALSE,2,1,1.5,-1.11168317961599,-1.18870324928118
3555,"ECOHAB_3|4049","ECOHAB_3","DA35",NA,20040923,"CTD163",4049,23,0,-126.08,48.57,1.7,0.44,16.9,13.35,32.23,FALSE,2,1,1.7,-0.985700860285928,-0.912293740883808
3556,"ECOHAB_3|4050","ECOHAB_3","DA35",NA,20040923,"CTD163",4050,10,5,-126.08,48.57,5.3,0.65,25.1,12.99,32.28,FALSE,3,2,5.3,-0.654997272044527,-0.374824448270194
3557,"ECOHAB_3|4051","ECOHAB_3","DA35",NA,20040923,"CTD163",4051,9,10,-126.08,48.57,10.8,1.02,32.4,12.12,32.39,FALSE,4,3,10.8,-0.0723290451430107,0.245824861048154
3563,"ECOHAB_3|4056","ECOHAB_3","DA36",NA,20040923,"CTD164",4056,9,0,-126.06,48.55,3.8,0.6,19.5,13.26,32.26,FALSE,3,2,3.8,-0.733736221625813,-0.48507754440804
3564,"ECOHAB_3|4057","ECOHAB_3","DA36",NA,20040923,"CTD164",4057,8,5,-126.06,48.55,6.9,0.77,25,12,32.41,FALSE,4,3,6.9,-0.466023793049441,-0.141463079842844
3565,"ECOHAB_3|4058","ECOHAB_3","DA36",NA,20040923,"CTD164",4058,7,10,-126.06,48.55,12.6,1.15,34.8,11.57,32.46,FALSE,4,3,12.6,0.132392223768333,0.411060224549051
3571,"ECOHAB_3|4063","ECOHAB_3","DA37",NA,20040924,"CTD165",4063,9,0,-126.07,48.53,1.6,0.64,18.1,13.56,32.27,FALSE,3,2,1.6,-0.670745061960784,-0.396180354615351
3572,"ECOHAB_3|4064","ECOHAB_3","DA37",NA,20040924,"CTD165",4064,8,5,-126.07,48.53,5.2,0.65,25.4,12.54,32.35,FALSE,3,2,5.2,-0.654997272044527,-0.374824448270194
3573,"ECOHAB_3|4065","ECOHAB_3","DA37",NA,20040924,"CTD165",4065,7,10,-126.07,48.53,9.8,1.04,31.5,11.64,32.45,FALSE,4,3,9.8,-0.0408334653104962,0.272571883344649
3579,"ECOHAB_3|4070","ECOHAB_3","DA38",NA,20040924,"CTD166",4070,9,0,-126.08,48.51,0.9,0.43,16.4,13.78,32.24,FALSE,2,1,0.9,-1.00144865020219,-0.943960155435005
3580,"ECOHAB_3|4071","ECOHAB_3","DA38",NA,20040924,"CTD166",4071,8,5,-126.08,48.51,3,0.5,21.5,12.76,32.32,FALSE,3,2,3,-0.891214120788385,-0.736212428689967
3581,"ECOHAB_3|4072","ECOHAB_3","DA38",NA,20040924,"CTD166",4072,7,10,-126.08,48.51,7.4,0.8,28.5,12.2,32.39,FALSE,4,3,7.4,-0.418780423300669,-0.0888160970751237
3598,"ECOHAB_3|4089","ECOHAB_3","DA39",NA,20040924,"CTD169",4089,6,5,-126.08,48.49,3.5,0.58,21.3,12.89,32.29,FALSE,3,2,3.5,-0.765231801458328,-0.531774503378568
3599,"ECOHAB_3|4090","ECOHAB_3","DA39",NA,20040924,"CTD169",4090,5,10,-126.08,48.49,7.1,1.09,27.2,12.22,32.38,FALSE,4,3,7.1,0.0379054842707898,0.337251763888357
3603,"ECOHAB_3|4095","ECOHAB_3","DA40",NA,20040924,"CTD170",4095,9,0,-126.08,48.49,1.4,0.45,16.1,13.65,32.22,FALSE,3,2,1.4,-0.969953070369671,-0.881338991740956
3604,"ECOHAB_3|4096","ECOHAB_3","DA40",NA,20040924,"CTD170",4096,8,5,-126.08,48.49,4.3,0.6,20.8,13.68,32.22,FALSE,3,2,4.3,-0.733736221625813,-0.48507754440804
3605,"ECOHAB_3|4097","ECOHAB_3","DA40",NA,20040924,"CTD170",4097,7,10,-126.08,48.49,12,1.12,33.3,12.01,32.4,FALSE,4,3,12,0.0851488540195615,0.374650306425613
3611,"ECOHAB_3|4102","ECOHAB_3","DA41",NA,20040924,"CTD171",4102,7,0,-126.06,48.48,1,0.43,15.1,13.65,32.21,FALSE,2,1,1,-1.00144865020219,-0.943960155435005
3612,"ECOHAB_3|4103","ECOHAB_3","DA41",NA,20040924,"CTD171",4103,6,5,-126.06,48.48,2.7,0.48,17.9,13.39,32.23,FALSE,3,2,2.7,-0.9227097006209,-0.792441801948267
3613,"ECOHAB_3|4104","ECOHAB_3","DA41",NA,20040924,"CTD171",4104,5,10,-126.06,48.48,10.4,0.98,30.4,12,32.4,FALSE,4,3,10.4,-0.13532020480804,0.190720378311506
3637,"ECOHAB_3|4132","ECOHAB_3","DA43",NA,20040925,"CTD175",4132,8,10,-125.93,48.38,1,0.47,7.1,12.36,32.26,FALSE,3,2,1,-0.938457490537157,-0.821441365003847
3645,"ECOHAB_3|4138","ECOHAB_3","DA44",NA,20040925,"CTD176",4138,6,5,-125.89,48.37,0.4,0.38,14.6,13.43,32.15,FALSE,2,1,0.4,-1.08018759978347,-1.11422952496727
3646,"ECOHAB_3|4139","ECOHAB_3","DA44",NA,20040925,"CTD176",4139,5,10,-125.89,48.37,0.8,0.48,8,12.07,32.29,FALSE,3,2,0.8,-0.9227097006209,-0.792441801948267
3652,"ECOHAB_3|4146","ECOHAB_3","DA45",NA,20040925,"CTD177",4146,6,10,-125.83,48.36,0.2,0.37,13.5,13.58,32.15,FALSE,2,1,0.2,-1.09593538969973,-1.15096312500201
3709,"ECOHAB_3|4200","ECOHAB_3","DA46",NA,20040926,"CTD190",4200,8,10,-125.54,48.15,1.3,0.44,14.5,13.48,32.16,FALSE,2,1,1.3,-0.985700860285928,-0.912293740883808
3723,"ECOHAB_3|4214","ECOHAB_3","DC02",NA,20040926,"CTD192",4214,6,10,-125.08,47.55,0.6,0.33,6.1,14.13,32.1,FALSE,2,1,0.6,-1.15892654936476,-1.30855518821672
3730,"ECOHAB_3|4221","ECOHAB_3","KB01","Period_3",20040926,"CTD193",4221,4,10,-124.5,47.58,0.1,0.15,10.7,14.91,31.86,FALSE,1,0,0.1,-1.44238676785739,-2.39459872271818
3736,"ECOHAB_3|4228","ECOHAB_3","KB02","Period_3",20040927,"CTD194",4228,6,10,-124.64,47.53,0.3,0.07,9.3,14.52,32.02,FALSE,1,0,0.3,-1.56836908718744,-3.44439205019467
3742,"ECOHAB_3|4234","ECOHAB_3","KB03","Period_3",20040927,"CTD195",4234,8,5,-124.78,47.48,1.1,0.16,14.4,14.84,31.54,FALSE,1,0,1.1,-1.42663897794113,-2.30570153292549
3743,"ECOHAB_3|4235","ECOHAB_3","KB03","Period_3",20040927,"CTD195",4235,7,10,-124.78,47.48,5.1,0.51,16.8,13.07,32.25,FALSE,3,2,5.1,-0.875466330872128,-0.708935728106917
3785,"ECOHAB_3|5086","ECOHAB_3","CA06","Period_3",20040927,"CTD208",5086,10,0,-124.86,48.4,8.5,0.85,23.3,12.6,32.23,FALSE,4,3,8.5,-0.340041473719383,-0.00531002323377337
3786,"ECOHAB_3|5087","ECOHAB_3","CA06","Period_3",20040927,"CTD208",5087,9,10,-124.86,48.4,19.9,1.54,32.3,10.36,32.65,FALSE,5,4,19.9,0.746556030502364,0.813297509312226
3794,"ECOHAB_3|4278","ECOHAB_3","JDFA","Period_3",20040928,"CTD210",4278,10,0,-124.54,48.43,24.2,2.36,60.7,11.66,31.68,FALSE,6,5,24.2,2.03787480363545,1.40129303236206
3795,"ECOHAB_3|4279","ECOHAB_3","JDFA","Period_3",20040928,"CTD210",4279,9,5,-124.54,48.43,24.2,2.03,59.7,10.74,31.79,FALSE,6,5,24.2,1.51819773639897,1.19381674681747
3796,"ECOHAB_3|4280","ECOHAB_3","JDFA","Period_3",20040928,"CTD210",4280,8,10,-124.54,48.43,24.4,2.06,59.4,10.67,31.88,FALSE,6,5,24.4,1.56544110614774,1.21402388232844
3803,"ECOHAB_3|4282","ECOHAB_3","JDFB","Period_3",20040928,"CTD211",4282,10,0,-124.38,48.39,22.9,1.92,59.1,11.72,31.69,FALSE,6,5,22.9,1.34497204732014,1.11707937636187
3804,"ECOHAB_3|4283","ECOHAB_3","JDFB","Period_3",20040928,"CTD211",4283,9,5,-124.38,48.39,26,2.2,63.2,10.46,31.78,FALSE,6,5,26,1.78591016497534,1.30459169496656
3805,"ECOHAB_3|4284","ECOHAB_3","JDFB","Period_3",20040928,"CTD211",4284,8,10,-124.38,48.39,27.2,2.19,62.5,10.14,31.91,FALSE,6,5,27.2,1.77016237505908,1.29831638403426
3812,"ECOHAB_3|4286","ECOHAB_3","JDFC","Period_3",20040928,"CTD212",4286,10,0,-124.05,48.29,27.4,2.26,64,10.21,31.75,FALSE,6,5,27.4,1.88039690447288,1.34165478390784
3813,"ECOHAB_3|4287","ECOHAB_3","JDFC","Period_3",20040928,"CTD212",4287,9,5,-124.05,48.29,28.2,2.31,64.8,9.96,31.91,FALSE,6,5,28.2,1.95913585405417,1.37179665113438
3814,"ECOHAB_3|4288","ECOHAB_3","JDFC","Period_3",20040928,"CTD212",4288,8,10,-124.05,48.29,28.2,2.28,64.8,9.84,32.1,FALSE,6,5,28.2,1.9118924843054,1.35379079516502
4263,"ECOHAB_4|5809","ECOHAB_4","EH1",NA,20050715,"CTD072",5809,12,0,-124.7,48.49,21,1.51,34.4,11.96,31.03,FALSE,5,4,21,0.699312660753592,0.786199683915093
4264,"ECOHAB_4|5810","ECOHAB_4","EH1",NA,20050715,"CTD072",5810,11,5,-124.7,48.49,18.9,1.4,32,11.86,31.51,FALSE,5,4,18.9,0.526086971674763,0.68201456396584
4265,"ECOHAB_4|5811","ECOHAB_4","EH1",NA,20050715,"CTD072",5811,10,10,-124.7,48.49,17.5,1.27,28.6,11.06,31.71,FALSE,5,4,17.5,0.321365702763419,0.547776819415838
4274,"ECOHAB_4|5820","ECOHAB_4","JDFA",NA,20050715,"CTD073",5820,12,0,-124.54,48.43,16.4,1.3,29,12.39,31.51,FALSE,5,4,16.4,0.368609072512191,0.579936140884877
4275,"ECOHAB_4|5821","ECOHAB_4","JDFA",NA,20050715,"CTD073",5821,11,5,-124.54,48.43,17.5,1.32,29.1,12.19,31.56,FALSE,5,4,17.5,0.400104652344705,0.600965990093417
4276,"ECOHAB_4|5822","ECOHAB_4","JDFA",NA,20050715,"CTD073",5822,10,10,-124.54,48.43,18.6,1.39,29.8,11.99,31.59,FALSE,5,4,18.6,0.510339181758506,0.672140483207951
4285,"ECOHAB_4|5831","ECOHAB_4","JDFB",NA,20050715,"CTD074",5831,23,0,-124.38,48.38,21.3,1.59,33.8,11.16,31.62,FALSE,5,4,21.3,0.82529498008365,0.85730854926359
4286,"ECOHAB_4|5833","ECOHAB_4","JDFB",NA,20050715,"CTD074",5833,10,5,-124.38,48.38,21.7,1.58,34.6,10.83,31.73,FALSE,5,4,21.7,0.809547190167393,0.848618120643258
4287,"ECOHAB_4|5834","ECOHAB_4","JDFB",NA,20050715,"CTD074",5834,8,10,-124.38,48.38,23.2,1.82,37.8,10.27,31.78,FALSE,6,5,23.2,1.18749414815757,1.04340254438561
4295,"ECOHAB_4|5842","ECOHAB_4","JDFC",NA,20050715,"CTD075",5842,11,0,-124.05,48.29,19.3,1.58,33.8,11.79,31.68,FALSE,5,4,19.3,0.809547190167393,0.848618120643258
4296,"ECOHAB_4|5843","ECOHAB_4","JDFC",NA,20050715,"CTD075",5843,10,5,-124.05,48.29,20.1,1.58,33.8,11.08,31.79,FALSE,5,4,20.1,0.809547190167393,0.848618120643258
4297,"ECOHAB_4|5844","ECOHAB_4","JDFC",NA,20050715,"CTD075",5844,8,10,-124.05,48.29,21.6,1.66,36.2,11.21,31.78,FALSE,5,4,21.6,0.93552950949745,0.916653102968892
4466,"ECOHAB_4|6014","ECOHAB_4","CB04","Survey_2",20050718,"CTD102",6014,7,5,-124.72,47.2,0.5,0.24,4.6,15.33,31.77,FALSE,1,0,0.5,-1.30065665861107,-1.74720239110334
4476,"ECOHAB_4|6024","ECOHAB_4","CB02","Survey_2",20050718,"CTD104",6024,19,0,-124.47,47.27,0.9,0.31,10.6,14.43,31.39,FALSE,2,1,0.9,-1.19042212919727,-1.39467250145092
4477,"ECOHAB_4|6025","ECOHAB_4","CB02","Survey_2",20050718,"CTD104",6025,5,5,-124.47,47.27,19.2,1.52,28.8,13.3,31.71,FALSE,5,4,19.2,0.715060450669849,0.795291653342869
4478,"ECOHAB_4|6026","ECOHAB_4","CB02","Survey_2",20050718,"CTD104",6026,4,10,-124.47,47.27,29.8,2.28,43.2,8.74,33.13,FALSE,6,5,29.8,1.9118924843054,1.35379079516502
4482,"ECOHAB_4|6030","ECOHAB_4","CB01","Survey_2",20050718,"CTD105",6030,5,0,-124.36,47.3,7,0.68,17.4,13.6,31.16,FALSE,3,2,7,-0.607753902295755,-0.312674280774001
4483,"ECOHAB_4|6031","ECOHAB_4","CB01","Survey_2",20050718,"CTD105",6031,4,5,-124.36,47.3,9.1,0.81,18.1,12.25,31.9,FALSE,4,3,9.1,-0.403032633384412,-0.0717049656368745
4484,"ECOHAB_4|6032","ECOHAB_4","CB01","Survey_2",20050718,"CTD105",6032,3,10,-124.36,47.3,21.3,1.6,30.8,11.18,32.26,FALSE,5,4,21.3,0.841042769999907,0.865944492079947
4487,"ECOHAB_4|6035","ECOHAB_4","KB01","Survey_2",20050718,"CTD106",6035,5,0,-124.5,47.58,7.2,0.85,20,13.13,32.01,FALSE,4,3,7.2,-0.340041473719383,-0.00531002323377337
4488,"ECOHAB_4|6036","ECOHAB_4","KB01","Survey_2",20050718,"CTD106",6036,4,5,-124.5,47.58,10.6,1.07,22.2,13.04,32.02,FALSE,4,3,10.6,0.00640990443827542,0.311743102160042
4489,"ECOHAB_4|6037","ECOHAB_4","KB01","Survey_2",20050718,"CTD106",6037,3,10,-124.5,47.58,27.6,2.13,38.5,8.8,33.18,FALSE,6,5,27.6,1.67567563556154,1.26005202440444
4492,"ECOHAB_4|6040","ECOHAB_4","KB02","Survey_2",20050718,"CTD107",6040,7,0,-124.64,47.52,4.3,0.49,17.5,13.99,31.73,FALSE,3,2,4.3,-0.906961910704642,-0.764040210843564
4493,"ECOHAB_4|6041","ECOHAB_4","KB02","Survey_2",20050718,"CTD107",6041,6,5,-124.64,47.52,7.3,0.7,19.2,13.35,31.76,FALSE,3,2,7.3,-0.576258322463241,-0.27274602518923
4494,"ECOHAB_4|6042","ECOHAB_4","KB02","Survey_2",20050718,"CTD107",6042,5,10,-124.64,47.52,18.9,1.22,27,10.89,32.05,FALSE,4,3,18.9,0.242626753182133,0.492450974144812
4515,"ECOHAB_4|6063","ECOHAB_4","KB06","Survey_2",20050719,"CTD111",6063,10,5,-125.21,47.33,0.1,0.19,2.3,15.8,31.73,FALSE,1,0,0.1,-1.37939560819236,-2.06899011412234
4573,"ECOHAB_4|6121","ECOHAB_4","LP02","Survey_2",20050719,"CTD120",6121,7,0,-124.8,47.77,3,0.41,19,14.94,31.81,FALSE,2,1,3,-1.0329442300347,-1.00956438118768
4574,"ECOHAB_4|6122","ECOHAB_4","LP02","Survey_2",20050719,"CTD120",6122,6,5,-124.8,47.77,7.4,0.64,19.8,13.75,31.81,FALSE,3,2,7.4,-0.670745061960784,-0.396180354615351
4575,"ECOHAB_4|6123","ECOHAB_4","LP02","Survey_2",20050719,"CTD120",6123,5,10,-124.8,47.77,12.4,0.91,22.7,11.88,31.89,FALSE,4,3,12.4,-0.24555473422184,0.088641955230543
4580,"ECOHAB_4|6128","ECOHAB_4","LP01","Survey_2",20050719,"CTD121",6128,5,0,-124.68,47.83,15.3,1.18,25.5,11,32.6,FALSE,4,3,15.3,0.179635593517104,0.446532443206988
4581,"ECOHAB_4|6129","ECOHAB_4","LP01","Survey_2",20050719,"CTD121",6129,4,5,-124.68,47.83,25.4,1.82,33.5,9.17,32.98,FALSE,6,5,25.4,1.18749414815757,1.04340254438561
4582,"ECOHAB_4|6130","ECOHAB_4","LP01","Survey_2",20050719,"CTD121",6130,3,10,-124.68,47.83,26.4,1.83,35.1,8.74,33.11,FALSE,6,5,26.4,1.20324193807382,1.05095011596697
4585,"ECOHAB_4|6133","ECOHAB_4","OZ01","Survey_2",20050719,"CTD122",6133,5,0,-124.73,48.06,15.8,1.26,26,11.42,32.63,FALSE,5,4,15.8,0.305617912847162,0.536888000914851
4586,"ECOHAB_4|6134","ECOHAB_4","OZ01","Survey_2",20050719,"CTD122",6134,4,5,-124.73,48.06,19.9,1.75,27.2,9.54,32.95,FALSE,6,5,19.9,1.07725961874376,0.989378821506068
4587,"ECOHAB_4|6135","ECOHAB_4","OZ01","Survey_2",20050719,"CTD122",6135,3,10,-124.73,48.06,27.1,1.87,35.6,8.41,33.31,FALSE,6,5,27.1,1.26623309773885,1.08073351126768
4590,"ECOHAB_4|6138","ECOHAB_4","OZ02","Survey_2",20050719,"CTD123",6138,19,0,-124.86,48.01,5.6,0.53,19,13.99,31.87,FALSE,3,2,5.6,-0.843970751039613,-0.655951181713635
4591,"ECOHAB_4|6139","ECOHAB_4","OZ02","Survey_2",20050719,"CTD123",6139,5,5,-124.86,48.01,10.6,0.83,22.4,12.76,31.94,FALSE,4,3,10.6,-0.371537053551898,-0.0381074861861789
4592,"ECOHAB_4|6140","ECOHAB_4","OZ02","Survey_2",20050719,"CTD123",6140,4,10,-124.86,48.01,16.3,1.22,25.8,11.25,32.12,FALSE,4,3,16.3,0.242626753182133,0.492450974144812
4596,"ECOHAB_4|6144","ECOHAB_4","OZ03","Survey_2",20050720,"CTD124",6144,7,0,-124.98,47.95,14.1,1.18,23.9,12.45,31.92,FALSE,4,3,14.1,0.179635593517104,0.446532443206988
4597,"ECOHAB_4|6145","ECOHAB_4","OZ03","Survey_2",20050720,"CTD124",6145,6,5,-124.98,47.95,19.9,1.46,28.4,10.57,32.18,FALSE,5,4,19.9,0.620573711172306,0.739817242212106
4598,"ECOHAB_4|6146","ECOHAB_4","OZ03","Survey_2",20050720,"CTD124",6146,5,10,-124.98,47.95,26.9,1.82,36,9.4,32.61,FALSE,6,5,26.9,1.18749414815757,1.04340254438561
4604,"ECOHAB_4|6152","ECOHAB_4","OZ04","Survey_2",20050720,"CTD125",6152,7,5,-125.1,47.89,0.1,0.11,3.1,15.36,31.69,FALSE,1,0,0.1,-1.50537792752242,-2.82181491919395
4605,"ECOHAB_4|6153","ECOHAB_4","OZ04","Survey_2",20050720,"CTD125",6153,6,10,-125.1,47.89,0.4,0.16,3.5,15.15,31.73,FALSE,1,0,0.4,-1.42663897794113,-2.30570153292549
4615,"ECOHAB_4|6163","ECOHAB_4","OZ06","Survey_2",20050720,"CTD127",6163,10,5,-125.35,47.78,0.4,0.14,6.4,15.01,31.49,FALSE,1,0,0.4,-1.45813455777364,-2.4896314610396
4616,"ECOHAB_4|6164","ECOHAB_4","OZ06","Survey_2",20050720,"CTD127",6164,8,10,-125.35,47.78,4.1,0.44,12,13.35,31.66,FALSE,2,1,4.1,-0.985700860285928,-0.912293740883808
4663,"ECOHAB_4|6213","ECOHAB_4","CF04","Survey_2",20050720,"CTD136",6213,8,0,-125.13,48.08,6.2,0.65,23.1,13.94,31.61,FALSE,3,2,6.2,-0.654997272044527,-0.374824448270194
4664,"ECOHAB_4|6214","ECOHAB_4","CF04","Survey_2",20050720,"CTD136",6214,7,5,-125.13,48.08,4.8,0.54,18.9,13.86,31.63,FALSE,3,2,4.8,-0.828222961123356,-0.630204107459029
4665,"ECOHAB_4|6215","ECOHAB_4","CF04","Survey_2",20050720,"CTD136",6215,6,10,-125.13,48.08,2.9,0.47,8.8,13.04,31.94,FALSE,3,2,2.9,-0.938457490537157,-0.821441365003847
4673,"ECOHAB_4|6224","ECOHAB_4","CF02","Survey_2",20050720,"CTD138",6224,6,0,-124.87,48.22,21,1.51,32.9,12.79,32.08,FALSE,5,4,21,0.699312660753592,0.786199683915093
4674,"ECOHAB_4|6225","ECOHAB_4","CF02","Survey_2",20050720,"CTD138",6225,5,5,-124.87,48.22,18,1.31,31.8,11.98,32.16,FALSE,5,4,18,0.384356862428448,0.590491199178946
4679,"ECOHAB_4|6230","ECOHAB_4","CF01","Survey_2",20050720,"CTD139",6230,5,0,-124.74,48.28,16,1.29,31.9,12.16,32.25,FALSE,5,4,16,0.352861282595934,0.56929957554222
4680,"ECOHAB_4|6231","ECOHAB_4","CF01","Survey_2",20050720,"CTD139",6231,4,5,-124.74,48.28,20,1.36,33.9,10.84,32.51,FALSE,5,4,20,0.463095812009734,0.64208630838107
4681,"ECOHAB_4|6232","ECOHAB_4","CF01","Survey_2",20050720,"CTD139",6232,3,10,-124.74,48.28,28.3,1.92,39,9.01,32.97,FALSE,6,5,28.3,1.34497204732014,1.11707937636187
4705,"ECOHAB_4|6256","ECOHAB_4","LA04","Survey_2",20050721,"CTD143",6256,8,0,-125.07,48.32,16.8,1.16,31.6,13.43,31.67,FALSE,4,3,16.8,0.14814001368459,0.422986085776503
4706,"ECOHAB_4|6257","ECOHAB_4","LA04","Survey_2",20050721,"CTD143",6257,7,5,-125.07,48.32,21.5,1.47,33.9,12.56,31.71,FALSE,5,4,21.5,0.636321501088563,0.749219520133661
4707,"ECOHAB_4|6258","ECOHAB_4","LA04","Survey_2",20050721,"CTD143",6258,6,10,-125.07,48.32,27,1.64,38.2,9.72,32.23,FALSE,5,4,27,0.904033929664936,0.899956797122457
5159,"ECOHAB_5|6950","ECOHAB_5","JDFD",NA,20050903,"CTD001",6950,5,5,-123.72,48.25,12.1,0.73,29.7,11.55,31.08,FALSE,4,3,12.1,-0.52901495271447,-0.214943346942965
5600,"ECOHAB_5|7211","ECOHAB_5","DA18",NA,20050912,"CTD076",7211,6,5,-124.24,46.49,14.6,1.23,27,11.39,32.95,FALSE,5,4,14.6,0.25837454309839,0.503695349789541
5640,"ECOHAB_5|7251","ECOHAB_5","DA26",NA,20050913,"CTD084",7251,4,0,-124.13,46.58,0.5,0.28,16,13.61,32.29,FALSE,1,0,0.5,-1.23766549894604,-1.53487087188453
5641,"ECOHAB_5|7252","ECOHAB_5","DA26",NA,20050913,"CTD084",7252,3,5,-124.13,46.58,2.5,0.29,18.6,12.82,32.87,FALSE,2,1,2.5,-1.22191770902979,-1.48653509253364
5642,"ECOHAB_5|7253","ECOHAB_5","DA26",NA,20050913,"CTD084",7253,2,10,-124.13,46.58,10.8,1.01,23.2,12.13,32.58,FALSE,4,3,10.8,-0.0880768350592679,0.232254028445385
5645,"ECOHAB_5|7254","ECOHAB_5","EH1",NA,20050913,"CTD086",7254,7,0,-124.7,48.49,26.3,1.78,41.3,11.45,31.54,FALSE,6,5,26.3,1.12450298849254,1.01279176536996
5646,"ECOHAB_5|7255","ECOHAB_5","EH1",NA,20050913,"CTD086",7255,5,5,-124.7,48.49,26.3,1.78,41.3,11.17,31.53,FALSE,6,5,26.3,1.12450298849254,1.01279176536996
5648,"ECOHAB_5|7257","ECOHAB_5","LAB01",NA,20050913,"CTD087",7257,5,0,-124.83,48.59,25.3,1.91,41.1,11.61,31.52,FALSE,6,5,25.3,1.32922425740388,1.10988652259025
5649,"ECOHAB_5|7258","ECOHAB_5","LAB01",NA,20050913,"CTD087",7258,4,5,-124.83,48.59,26.5,1.9,41.9,10.68,31.68,FALSE,6,5,26.5,1.31347646748762,1.1026559108831
5650,"ECOHAB_5|7259","ECOHAB_5","LAB01",NA,20050913,"CTD087",7259,3,10,-124.83,48.59,27.6,1.92,42.7,10.17,31.94,FALSE,6,5,27.6,1.34497204732014,1.11707937636187
5746,"ECOHAB_5|7317","ECOHAB_5","CB06","Survey_2",20050915,"CTD107",7317,10,0,-125.03,47.13,0.2,0.36,5.3,15.21,32.08,FALSE,2,1,0.2,-1.11168317961599,-1.18870324928118
5747,"ECOHAB_5|7318","ECOHAB_5","CB06","Survey_2",20050915,"CTD107",7318,9,5,-125.03,47.13,0.2,0.35,5.3,15.19,32.08,FALSE,2,1,0.2,-1.12743096953224,-1.2275066143443
5748,"ECOHAB_5|7319","ECOHAB_5","CB06","Survey_2",20050915,"CTD107",7319,8,10,-125.03,47.13,0.2,0.34,5.3,15.01,32.09,FALSE,2,1,0.2,-1.1431787594485,-1.26743486992907
5760,"ECOHAB_5|7325","ECOHAB_5","CB04","Survey_2",20050915,"CTD109",7325,8,0,-124.72,47.2,16,1.19,34,12.75,32.47,FALSE,4,3,16,0.195383383433362,0.458156380266963
5761,"ECOHAB_5|7326","ECOHAB_5","CB04","Survey_2",20050915,"CTD109",7326,7,5,-124.72,47.2,15.1,1.11,32.9,12.68,32.51,FALSE,4,3,15.1,0.0694010641033043,0.362296605975212
5762,"ECOHAB_5|7327","ECOHAB_5","CB04","Survey_2",20050915,"CTD109",7327,6,10,-124.72,47.2,19.7,1.32,33.3,10.99,32.77,FALSE,5,4,19.7,0.400104652344705,0.600965990093417
5771,"ECOHAB_5|7331","ECOHAB_5","CB02","Survey_2",20050915,"CTD111",7331,16,0,-124.47,47.27,0.9,0.19,12.1,13.21,32.69,FALSE,1,0,0.9,-1.37939560819236,-2.06899011412234
5772,"ECOHAB_5|7332","ECOHAB_5","CB02","Survey_2",20050915,"CTD111",7332,5,5,-124.47,47.27,1.4,0.21,13,13.26,32.69,FALSE,1,0,1.4,-1.34790002835984,-1.93113231921744
5773,"ECOHAB_5|7333","ECOHAB_5","CB02","Survey_2",20050915,"CTD111",7333,4,10,-124.47,47.27,14.8,0.93,24.9,10.74,32.78,FALSE,4,3,14.8,-0.214059154389325,0.1185872295263
5786,"ECOHAB_5|7340","ECOHAB_5","KB02","Survey_2",20050915,"CTD114",7340,7,0,-124.64,47.53,15.5,1.07,37,12.94,32.49,FALSE,4,3,15.5,0.00640990443827542,0.311743102160042
5787,"ECOHAB_5|7341","ECOHAB_5","KB02","Survey_2",20050915,"CTD114",7341,6,5,-124.64,47.53,15.2,0.97,35.9,12.35,32.6,FALSE,4,3,15.2,-0.151067994724297,0.176592784032924
5796,"ECOHAB_5|7346","ECOHAB_5","KB04","Survey_2",20050915,"CTD116",7346,11,0,-124.93,47.43,4.7,0.64,19.4,13.33,32.04,FALSE,3,2,4.7,-0.670745061960784,-0.396180354615351
5797,"ECOHAB_5|7347","ECOHAB_5","KB04","Survey_2",20050915,"CTD116",7347,10,5,-124.93,47.43,6.7,0.73,19.4,12.86,32.03,FALSE,4,3,6.7,-0.52901495271447,-0.214943346942965
5798,"ECOHAB_5|7348","ECOHAB_5","KB04","Survey_2",20050915,"CTD116",7348,9,10,-124.93,47.43,12.1,1.02,20.2,11.82,32.07,FALSE,4,3,12.1,-0.0723290451430107,0.245824861048154
5810,"ECOHAB_5|7352","ECOHAB_5","KB06","Survey_2",20050916,"CTD118",7352,9,0,-125.21,47.33,0.1,0.29,5.3,16.02,32.01,FALSE,2,1,0.1,-1.22191770902979,-1.48653509253364
5811,"ECOHAB_5|7353","ECOHAB_5","KB06","Survey_2",20050916,"CTD118",7353,8,5,-125.21,47.33,0.1,0.31,5.3,16,32.01,FALSE,2,1,0.1,-1.19042212919727,-1.39467250145092
5812,"ECOHAB_5|7354","ECOHAB_5","KB06","Survey_2",20050916,"CTD118",7354,7,10,-125.21,47.33,0.1,0.29,5.3,15.88,32.01,FALSE,2,1,0.1,-1.22191770902979,-1.48653509253364
5832,"ECOHAB_5|7363","ECOHAB_5","LP08","Survey_2",20050916,"CTD121",7363,9,0,-125.57,47.43,0.6,0.42,6.5,15.17,32.03,FALSE,2,1,0.6,-1.01719644011844,-0.976371730062374
5833,"ECOHAB_5|7364","ECOHAB_5","LP08","Survey_2",20050916,"CTD121",7364,8,5,-125.57,47.43,0.7,0.39,6.6,15.05,32.03,FALSE,2,1,0.7,-1.06443980986721,-1.07845015314334
5834,"ECOHAB_5|7365","ECOHAB_5","LP08","Survey_2",20050916,"CTD121",7365,7,10,-125.57,47.43,0.8,0.39,6.5,15.02,32.04,FALSE,2,1,0.8,-1.06443980986721,-1.07845015314334
5845,"ECOHAB_5|7371","ECOHAB_5","LP06","Survey_2",20050916,"CTD123",7371,9,0,-125.31,47.54,0.6,0.32,5.8,15.58,31.99,FALSE,2,1,0.6,-1.17467433928101,-1.35094094377042
5846,"ECOHAB_5|7372","ECOHAB_5","LP06","Survey_2",20050916,"CTD123",7372,8,5,-125.31,47.54,0.7,0.32,5.9,15.55,31.99,FALSE,2,1,0.7,-1.17467433928101,-1.35094094377042
5847,"ECOHAB_5|7373","ECOHAB_5","LP06","Survey_2",20050916,"CTD123",7373,7,10,-125.31,47.54,0.8,0.36,6,15.27,31.99,FALSE,2,1,0.8,-1.11168317961599,-1.18870324928118
5857,"ECOHAB_5|7377","ECOHAB_5","LP04","Survey_2",20050916,"CTD125",7377,8,0,-125.06,47.66,4,0.53,14.7,12.86,32.09,FALSE,3,2,4,-0.843970751039613,-0.655951181713635
5858,"ECOHAB_5|7378","ECOHAB_5","LP04","Survey_2",20050916,"CTD125",7378,7,5,-125.06,47.66,5.8,0.65,15.3,12.42,32.11,FALSE,3,2,5.8,-0.654997272044527,-0.374824448270194
5859,"ECOHAB_5|7379","ECOHAB_5","LP04","Survey_2",20050916,"CTD125",7379,6,10,-125.06,47.66,10,0.84,16.4,11.75,32.17,FALSE,4,3,10,-0.35578926363564,-0.0216111409073033
5865,"ECOHAB_5|7380","ECOHAB_5","KB03",NA,20050916,"CTD126",7380,8,0,-124.78,47.47,8.4,0.88,22.3,13.19,32.11,FALSE,4,3,8.4,-0.292798103970611,0.0424668482712623
5866,"ECOHAB_5|7381","ECOHAB_5","KB03",NA,20050916,"CTD126",7381,7,5,-124.78,47.47,9,0.89,21.4,12.6,32.16,FALSE,4,3,9,-0.277050314054354,0.0580311762148897
5867,"ECOHAB_5|7382","ECOHAB_5","KB03",NA,20050916,"CTD126",7382,6,10,-124.78,47.47,10.8,1,22.6,11.85,32.16,FALSE,4,3,10.8,-0.103824624975525,0.218548160465104
5873,"ECOHAB_5|7383","ECOHAB_5","LP03","Survey_2",20050917,"CTD128",7383,3,0,-124.93,47.71,17.3,1.35,33.5,12.4,32.3,FALSE,5,4,17.3,0.447348022093477,0.631920739236269
5874,"ECOHAB_5|7384","ECOHAB_5","LP03","Survey_2",20050917,"CTD128",7384,2,5,-124.93,47.71,17.6,1.37,31.1,11.88,32.42,FALSE,5,4,17.6,0.478843601925991,0.65217740382321
5875,"ECOHAB_5|7385","ECOHAB_5","LP03","Survey_2",20050917,"CTD128",7385,1,10,-124.93,47.71,20.5,1.48,30.7,10.28,32.46,FALSE,5,4,20.5,0.65206929100482,0.758558053308128
5876,"ECOHAB_5|7386","ECOHAB_5","LP02","Survey_2",20050917,"CTD129",7386,8,0,-124.81,47.77,18.7,1.44,36.3,11.8,32,FALSE,5,4,18.7,0.589078131339792,0.720817929028957
5877,"ECOHAB_5|7387","ECOHAB_5","LP02","Survey_2",20050917,"CTD129",7387,6,5,-124.81,47.77,19.6,1.5,36.3,11.84,31.98,FALSE,5,4,19.6,0.683564870837335,0.777047302287258
5878,"ECOHAB_5|7388","ECOHAB_5","LP02","Survey_2",20050917,"CTD129",7388,5,10,-124.81,47.77,19.7,1.48,34.4,11.45,32.1,FALSE,5,4,19.7,0.65206929100482,0.758558053308128
5883,"ECOHAB_5|7390","ECOHAB_5","LP01","Survey_2",20050917,"CTD130",7390,5,0,-124.68,47.82,14,1.04,27.8,11.66,32.72,FALSE,4,3,14,-0.0408334653104962,0.272571883344649
5884,"ECOHAB_5|7391","ECOHAB_5","LP01","Survey_2",20050917,"CTD130",7391,4,5,-124.68,47.82,14.4,1.07,27.4,11.62,32.74,FALSE,4,3,14.4,0.00640990443827542,0.311743102160042
5885,"ECOHAB_5|7392","ECOHAB_5","LP01","Survey_2",20050917,"CTD130",7392,3,10,-124.68,47.82,15.8,1.19,26.7,10.18,33.11,FALSE,4,3,15.8,0.195383383433362,0.458156380266963
5888,"ECOHAB_5|7393","ECOHAB_5","OZ01","Survey_2",20050917,"CTD131",7393,5,0,-124.74,48.07,14,1.09,27.5,10.66,33.04,FALSE,4,3,14,0.0379054842707898,0.337251763888357
5889,"ECOHAB_5|7394","ECOHAB_5","OZ01","Survey_2",20050917,"CTD131",7394,4,5,-124.74,48.07,18.6,1.51,28.6,9.34,33.26,FALSE,5,4,18.6,0.699312660753592,0.786199683915093
5890,"ECOHAB_5|7395","ECOHAB_5","OZ01","Survey_2",20050917,"CTD131",7395,3,10,-124.74,48.07,26.7,2,36.2,8.6,33.37,FALSE,6,5,26.7,1.4709543666502,1.17330874962017
5893,"ECOHAB_5|7396","ECOHAB_5","OZ02","Survey_2",20050917,"CTD132",7396,7,0,-124.86,48,13.1,1.05,30.4,12.71,31.84,FALSE,4,3,13.1,-0.025085675394239,0.285753116632924
5894,"ECOHAB_5|7397","ECOHAB_5","OZ02","Survey_2",20050917,"CTD132",7397,6,5,-124.86,48,21.2,1.59,39.5,12.03,31.87,FALSE,5,4,21.2,0.82529498008365,0.85730854926359
5895,"ECOHAB_5|7398","ECOHAB_5","OZ02","Survey_2",20050917,"CTD132",7398,5,10,-124.86,48,27.8,1.95,42.5,10.42,32.05,FALSE,6,5,27.8,1.39221541706891,1.13843528270703
5904,"ECOHAB_5|7403","ECOHAB_5","OZ04","Survey_2",20050917,"CTD134",7403,7,5,-125.11,47.89,14.6,1.25,35.5,13.75,31.5,FALSE,5,4,14.6,0.289870122930905,0.525912418005331
5905,"ECOHAB_5|7404","ECOHAB_5","OZ04","Survey_2",20050917,"CTD134",7404,6,10,-125.11,47.89,19.3,1.51,33.5,12.31,31.57,FALSE,5,4,19.3,0.699312660753592,0.786199683915093
5914,"ECOHAB_5|7408","ECOHAB_5","OZ06","Survey_2",20050917,"CTD136",7408,9,0,-125.35,47.78,0.1,0.3,6.2,15.01,32.05,FALSE,2,1,0.1,-1.20616991911353,-1.43983813356311
5915,"ECOHAB_5|7409","ECOHAB_5","OZ06","Survey_2",20050917,"CTD136",7409,8,5,-125.35,47.78,0.1,0.35,6.5,15,32.05,FALSE,2,1,0.1,-1.12743096953224,-1.2275066143443
5916,"ECOHAB_5|7410","ECOHAB_5","OZ06","Survey_2",20050917,"CTD136",7410,7,10,-125.35,47.78,1.6,0.44,10,13.78,32.05,FALSE,2,1,1.6,-0.985700860285928,-0.912293740883808
5927,"ECOHAB_5|7416","ECOHAB_5","OZ08","Survey_2",20050917,"CTD138",7416,9,0,-125.59,47.66,0.9,0.36,5.7,15.3,32.01,FALSE,2,1,0.9,-1.11168317961599,-1.18870324928118
5928,"ECOHAB_5|7417","ECOHAB_5","OZ08","Survey_2",20050917,"CTD138",7417,8,5,-125.59,47.66,0.8,0.4,5.7,15.3,32.01,FALSE,2,1,0.8,-1.04869201995096,-1.04357668623019
5929,"ECOHAB_5|7418","ECOHAB_5","OZ08","Survey_2",20050917,"CTD138",7418,7,10,-125.59,47.66,0.8,0.37,5.9,14.95,32.02,FALSE,2,1,0.8,-1.09593538969973,-1.15096312500201
5936,"ECOHAB_5|7419","ECOHAB_5","CF08","Survey_2",20050917,"CTD139",7419,11,0,-125.67,47.81,7.5,0.76,30.7,13.96,31.72,FALSE,4,3,7.5,-0.481771582965698,-0.159468935812202
5937,"ECOHAB_5|7420","ECOHAB_5","CF08","Survey_2",20050917,"CTD139",7420,10,5,-125.67,47.81,11.9,1.03,31.5,13.28,31.76,FALSE,4,3,11.9,-0.0565812552267534,0.259263293173365
5938,"ECOHAB_5|7421","ECOHAB_5","CF08","Survey_2",20050917,"CTD139",7421,9,10,-125.67,47.81,12.1,1.05,25.2,12.14,31.93,FALSE,4,3,12.1,-0.025085675394239,0.285753116632924
5943,"ECOHAB_5|7426","ECOHAB_5","CF06","Survey_2",20050917,"CTD141",7426,8,5,-125.39,47.95,4.5,0.56,21.3,14.16,31.84,FALSE,3,2,4.5,-0.796727381290842,-0.580110282729458
5954,"ECOHAB_5|7431","ECOHAB_5","CF04","Survey_2",20050918,"CTD143",7431,8,0,-125.13,48.08,2.9,0.44,18.1,14.69,31.93,FALSE,2,1,2.9,-0.985700860285928,-0.912293740883808
5955,"ECOHAB_5|7432","ECOHAB_5","CF04","Survey_2",20050918,"CTD143",7432,7,5,-125.13,48.08,6,0.63,20.8,14.06,31.9,FALSE,3,2,6,-0.686492851877041,-0.417872588240219
5956,"ECOHAB_5|7433","ECOHAB_5","CF04","Survey_2",20050918,"CTD143",7433,6,10,-125.13,48.08,8.4,0.8,21.4,13.15,31.9,FALSE,4,3,8.4,-0.418780423300669,-0.0888160970751237
5965,"ECOHAB_5|7437","ECOHAB_5","CF02","Survey_2",20050918,"CTD145",7437,6,0,-124.88,48.21,3.1,0.48,18.7,13.86,31.9,FALSE,3,2,3.1,-0.9227097006209,-0.792441801948267
5966,"ECOHAB_5|7438","ECOHAB_5","CF02","Survey_2",20050918,"CTD145",7438,5,5,-124.88,48.21,15.4,1.21,31.5,13.59,31.85,FALSE,4,3,15.4,0.226878963265876,0.481114051157876
5967,"ECOHAB_5|7439","ECOHAB_5","CF02","Survey_2",20050918,"CTD145",7439,4,10,-124.88,48.21,26.9,1.86,41.7,10.65,32,FALSE,6,5,26.9,1.25048530782259,1.07334781868137
5971,"ECOHAB_5|7440","ECOHAB_5","CF01","Survey_2",20050918,"CTD146",7440,5,0,-124.74,48.28,25.1,1.64,40.7,11.51,32.22,FALSE,5,4,25.1,0.904033929664936,0.899956797122457
5972,"ECOHAB_5|7441","ECOHAB_5","CF01","Survey_2",20050918,"CTD146",7441,4,5,-124.74,48.28,22.6,1.64,36,11.03,32.27,FALSE,5,4,22.6,0.904033929664936,0.899956797122457
5973,"ECOHAB_5|7442","ECOHAB_5","CF01","Survey_2",20050918,"CTD146",7442,3,10,-124.74,48.28,24.4,1.65,39.4,10.7,32.28,FALSE,5,4,24.4,0.919781719581193,0.908330247633644
5976,"ECOHAB_5|7443","ECOHAB_5","LA01","Survey_2",20050918,"CTD147",7443,9,0,-124.73,48.49,26,1.86,40.6,10.5,31.67,FALSE,6,5,26,1.25048530782259,1.07334781868137
5977,"ECOHAB_5|7444","ECOHAB_5","LA01","Survey_2",20050918,"CTD147",7444,8,5,-124.73,48.49,26.7,1.96,42.2,10.12,31.96,FALSE,6,5,26.7,1.40796320698517,1.14548096746658
5978,"ECOHAB_5|7445","ECOHAB_5","LA01","Survey_2",20050918,"CTD147",7445,7,10,-124.73,48.49,27.4,1.97,42.4,9.93,32.1,FALSE,6,5,27.4,1.42371099690142,1.15249079616887
5985,"ECOHAB_5|7446","ECOHAB_5","LA02","Survey_2",20050918,"CTD148",7446,9,0,-124.85,48.44,30.9,1.9,43.4,9.39,32.67,FALSE,6,5,30.9,1.31347646748762,1.1026559108831
5986,"ECOHAB_5|7447","ECOHAB_5","LA02","Survey_2",20050918,"CTD148",7447,8,5,-124.85,48.44,28.5,1.96,42.9,9.21,32.77,FALSE,6,5,28.5,1.40796320698517,1.14548096746658
5987,"ECOHAB_5|7448","ECOHAB_5","LA02","Survey_2",20050918,"CTD148",7448,7,10,-124.85,48.44,31.6,1.72,43.5,8.96,32.91,FALSE,6,5,31.6,1.03001624899499,0.965561022875136
5997,"ECOHAB_5|7452","ECOHAB_5","LA04","Survey_2",20050918,"CTD150",7452,8,0,-125.07,48.32,25.3,1.8,40.4,10.73,32.68,FALSE,6,5,25.3,1.15599856832505,1.02818218656919
5998,"ECOHAB_5|7453","ECOHAB_5","LA04","Survey_2",20050918,"CTD150",7453,7,5,-125.07,48.32,27.3,1.96,42,9.65,32.82,FALSE,6,5,27.3,1.40796320698517,1.14548096746658
5999,"ECOHAB_5|7454","ECOHAB_5","LA04","Survey_2",20050918,"CTD150",7454,6,10,-125.07,48.32,29.9,2.06,42.1,9.25,32.9,FALSE,6,5,29.9,1.56544110614774,1.21402388232844
6008,"ECOHAB_5|7458","ECOHAB_5","LA06","Survey_2",20050918,"CTD152",7458,8,0,-125.29,48.21,18.6,1.3,36.5,12,32.67,FALSE,5,4,18.6,0.368609072512191,0.579936140884877
6009,"ECOHAB_5|7459","ECOHAB_5","LA06","Survey_2",20050918,"CTD152",7459,7,5,-125.29,48.21,22.5,1.6,38.5,10.88,32.77,FALSE,5,4,22.5,0.841042769999907,0.865944492079947
6010,"ECOHAB_5|7460","ECOHAB_5","LA06","Survey_2",20050918,"CTD152",7460,6,10,-125.29,48.21,30,2.07,43.7,9.29,32.98,FALSE,6,5,30,1.581188896064,1.22069425065313
6031,"ECOHAB_5|7471","ECOHAB_5","LA10","Survey_2",20050918,"CTD156",7471,9,0,-125.73,47.98,0.2,0.28,5.7,16.14,31.93,FALSE,1,0,0.2,-1.23766549894604,-1.53487087188453
6033,"ECOHAB_5|7473","ECOHAB_5","LA10","Survey_2",20050918,"CTD156",7473,7,10,-125.73,47.98,0.2,0.32,12,14.49,31.95,FALSE,2,1,0.2,-1.17467433928101,-1.35094094377042
6055,"ECOHAB_5|7486","ECOHAB_5","LAB06","Survey_2",20050919,"CTD160",7486,8,0,-125.46,48.26,2.1,0.39,14,14.55,31.93,FALSE,2,1,2.1,-1.06443980986721,-1.07845015314334
6056,"ECOHAB_5|7487","ECOHAB_5","LAB06","Survey_2",20050919,"CTD160",7487,7,5,-125.46,48.26,6.1,0.65,19.1,13.69,31.94,FALSE,3,2,6.1,-0.654997272044527,-0.374824448270194
6057,"ECOHAB_5|7488","ECOHAB_5","LAB06","Survey_2",20050919,"CTD160",7488,6,10,-125.46,48.26,17.9,1.34,29.6,11.32,32.05,FALSE,5,4,17.9,0.43160023217722,0.621679588957964
6066,"ECOHAB_5|7492","ECOHAB_5","LAB04","Survey_2",20050919,"CTD162",7492,8,0,-125.21,48.39,26.5,1.83,43.9,10.61,32.69,FALSE,6,5,26.5,1.20324193807382,1.05095011596697
6067,"ECOHAB_5|7493","ECOHAB_5","LAB04","Survey_2",20050919,"CTD162",7493,7,5,-125.21,48.39,27.5,1.79,42.6,9.42,32.89,FALSE,6,5,27.5,1.14025077840879,1.02050847108306
6068,"ECOHAB_5|7494","ECOHAB_5","LAB04","Survey_2",20050919,"CTD162",7494,6,10,-125.21,48.39,31,1.85,44.7,8.83,33.07,FALSE,6,5,31,1.23473751790634,1.06592231084836
6074,"ECOHAB_5|7495","ECOHAB_5","LAB03","Survey_2",20050919,"CTD163",7495,8,0,-125.1,48.46,23.6,1.56,43.1,11.3,32.62,FALSE,5,4,23.6,0.778051610334878,0.831071025166804
6075,"ECOHAB_5|7496","ECOHAB_5","LAB03","Survey_2",20050919,"CTD163",7496,7,5,-125.1,48.46,24.6,1.57,43.7,10.64,32.67,FALSE,5,4,24.6,0.793799400251135,0.839872514328797
6076,"ECOHAB_5|7497","ECOHAB_5","LAB03","Survey_2",20050919,"CTD163",7497,6,10,-125.1,48.46,26.3,1.62,42.3,9.85,32.75,FALSE,5,4,26.3,0.872538349832422,0.883055623518196
6081,"ECOHAB_5|7498","ECOHAB_5","LAB02","Survey_2",20050919,"CTD164",7498,7,0,-124.96,48.53,24,1.67,41.5,10.99,32.26,FALSE,5,4,24,0.951277299413707,0.924925970883575
6082,"ECOHAB_5|7499","ECOHAB_5","LAB02","Survey_2",20050919,"CTD164",7499,6,5,-124.96,48.53,26,1.78,42.2,9.95,32.33,FALSE,6,5,26,1.12450298849254,1.01279176536996
6083,"ECOHAB_5|7500","ECOHAB_5","LAB02","Survey_2",20050919,"CTD164",7500,5,10,-124.96,48.53,31.3,1.97,46.4,9.05,32.72,FALSE,6,5,31.3,1.42371099690142,1.15249079616887
6088,"ECOHAB_5|7501","ECOHAB_5","LAB01","Survey_2",20050919,"CTD165",7501,6,0,-124.83,48.59,24.4,1.84,40.3,11.14,31.37,FALSE,6,5,24.4,1.21898972799008,1.05845655616389
6089,"ECOHAB_5|7502","ECOHAB_5","LAB01","Survey_2",20050919,"CTD165",7502,5,5,-124.83,48.59,24.4,1.81,41.9,11.13,31.37,FALSE,6,5,24.4,1.17174635824131,1.03581338817802
6090,"ECOHAB_5|7503","ECOHAB_5","LAB01","Survey_2",20050919,"CTD165",7503,4,10,-124.83,48.59,24.4,1.73,41.4,11.13,31.37,FALSE,6,5,24.4,1.04576403891125,0.973546137221582
6094,"ECOHAB_5|7504","ECOHAB_5","LB01","Survey_2",20050919,"CTD166",7504,5,0,-124.99,48.67,24.1,1.78,41.3,11.25,31.26,FALSE,6,5,24.1,1.12450298849254,1.01279176536996
6095,"ECOHAB_5|7505","ECOHAB_5","LB01","Survey_2",20050919,"CTD166",7505,4,5,-124.99,48.67,24.4,1.72,41.6,11.18,31.32,FALSE,6,5,24.4,1.03001624899499,0.965561022875136
6096,"ECOHAB_5|7506","ECOHAB_5","LB01","Survey_2",20050919,"CTD166",7506,3,10,-124.99,48.67,27.2,1.89,42.5,10.39,31.68,FALSE,6,5,27.2,1.29772867757137,1.09538714273701
6099,"ECOHAB_5|6946","ECOHAB_5","LB03","Survey_2",20050919,"CTD167",6946,7,0,-125.09,48.62,25,1.49,41.3,11.65,32.5,FALSE,5,4,25,0.667817080921078,0.767833700260418
6100,"ECOHAB_5|7507","ECOHAB_5","LB03","Survey_2",20050919,"CTD167",7507,6,5,-125.09,48.62,22.7,1.55,42.8,11.58,32.49,FALSE,5,4,22.7,0.762303820418621,0.822212934399444
6101,"ECOHAB_5|7508","ECOHAB_5","LB03","Survey_2",20050919,"CTD167",7508,5,10,-125.09,48.62,23.2,1.58,42.8,11.46,32.48,FALSE,5,4,23.2,0.809547190167393,0.848618120643258
6110,"ECOHAB_5|7513","ECOHAB_5","LB06","Survey_2",20050919,"CTD169",7513,7,5,-125.26,48.54,25.8,1.74,43.9,10.51,32.61,FALSE,6,5,25.8,1.06151182882751,0.981485227598657
6111,"ECOHAB_5|7514","ECOHAB_5","LB06","Survey_2",20050919,"CTD169",7514,6,10,-125.26,48.54,25.9,1.78,43.7,10.46,32.62,FALSE,6,5,25.9,1.12450298849254,1.01279176536996
6120,"ECOHAB_5|7518","ECOHAB_5","LB08","Survey_2",20050919,"CTD171",7518,8,0,-125.47,48.42,11.9,1,23.1,12.1,32.27,FALSE,4,3,11.9,-0.103824624975525,0.218548160465104
6121,"ECOHAB_5|7519","ECOHAB_5","LB08","Survey_2",20050919,"CTD171",7519,7,5,-125.47,48.42,20.8,1.37,41.8,11.85,32.3,FALSE,5,4,20.8,0.478843601925991,0.65217740382321
6122,"ECOHAB_5|7520","ECOHAB_5","LB08","Survey_2",20050919,"CTD171",7520,6,10,-125.47,48.42,14.6,1.23,35.7,11.01,32.39,FALSE,5,4,14.6,0.25837454309839,0.503695349789541
6131,"ECOHAB_5|7524","ECOHAB_5","LB10","Survey_2",20050920,"CTD173",7524,8,0,-125.69,48.31,9,0.85,24.7,14.07,32.04,FALSE,4,3,9,-0.340041473719383,-0.00531002323377337
6132,"ECOHAB_5|7525","ECOHAB_5","LB10","Survey_2",20050920,"CTD173",7525,7,5,-125.69,48.31,15.6,1.23,32.6,12.94,32.12,FALSE,5,4,15.6,0.25837454309839,0.503695349789541
6133,"ECOHAB_5|7526","ECOHAB_5","LB10","Survey_2",20050920,"CTD173",7526,6,10,-125.69,48.31,22.9,1.65,40.2,10.95,32.3,FALSE,5,4,22.9,0.919781719581193,0.908330247633644
6144,"ECOHAB_5|7532","ECOHAB_5","LB13","Survey_2",20050920,"CTD175",7532,7,10,-125.88,48.2,0.1,0.26,6.2,16.13,31.91,FALSE,1,0,0.1,-1.26916107877856,-1.63694929496549
6164,"ECOHAB_5|7541","ECOHAB_5","LBC08","Survey_2",20050920,"CTD178",7541,9,0,-126.13,48.29,0.3,0.22,3.3,16.61,31.93,FALSE,1,0,0.3,-1.33215223844359,-1.86705433003888
6165,"ECOHAB_5|7542","ECOHAB_5","LBC08","Survey_2",20050920,"CTD178",7542,8,5,-126.13,48.29,0.2,0.22,3.3,16.62,31.93,FALSE,1,0,0.2,-1.33215223844359,-1.86705433003888
6174,"ECOHAB_5|7547","ECOHAB_5","LBC06","Survey_2",20050920,"CTD180",7547,8,0,-125.88,48.41,24.4,1.74,42.4,11.42,31.7,FALSE,6,5,24.4,1.06151182882751,0.981485227598657
6175,"ECOHAB_5|7548","ECOHAB_5","LBC06","Survey_2",20050920,"CTD180",7548,7,5,-125.88,48.41,24.7,1.71,42.3,11.34,31.76,FALSE,6,5,24.7,1.01426845907874,0.957529347832107
6176,"ECOHAB_5|7549","ECOHAB_5","LBC06","Survey_2",20050920,"CTD180",7549,6,10,-125.88,48.41,24.3,1.69,42.5,11.15,31.95,FALSE,5,4,24.3,0.982772879246222,0.94132412130465
6185,"ECOHAB_5|7553","ECOHAB_5","LBC04","Survey_2",20050920,"CTD182",7553,7,0,-125.63,48.54,25.4,1.73,41.4,10.83,32.28,FALSE,6,5,25.4,1.04576403891125,0.973546137221582
6186,"ECOHAB_5|7554","ECOHAB_5","LBC04","Survey_2",20050920,"CTD182",7554,6,5,-125.63,48.54,27.1,1.83,42.8,10.22,32.4,FALSE,6,5,27.1,1.20324193807382,1.05095011596697
6187,"ECOHAB_5|7555","ECOHAB_5","LBC04","Survey_2",20050920,"CTD182",7555,5,10,-125.63,48.54,29.1,1.77,43.8,9.34,32.59,FALSE,6,5,29.1,1.10875519857628,1.00503158502914
6202,"ECOHAB_5|7561","ECOHAB_5","LBC01","Survey_2",20050920,"CTD185",7561,7,0,-125.26,48.73,24.4,1.68,42.2,11.22,31.45,FALSE,5,4,24.4,0.967025089329964,0.933149448247767
6203,"ECOHAB_5|7562","ECOHAB_5","LBC01","Survey_2",20050920,"CTD185",7562,6,5,-125.26,48.73,25.3,1.76,42.5,10.88,31.54,FALSE,6,5,25.3,1.09300740866002,0.997227437426333
6204,"ECOHAB_5|7563","ECOHAB_5","LBC01","Survey_2",20050920,"CTD185",7563,5,10,-125.26,48.73,27.2,1.91,43.6,10.23,31.84,FALSE,6,5,27.2,1.32922425740388,1.10988652259025
6209,"ECOHAB_5|7564","ECOHAB_5","LC01","Survey_2",20050920,"CTD186",7564,7,0,-125.46,48.84,20.9,1.55,39.9,11.94,31.38,FALSE,5,4,20.9,0.762303820418621,0.822212934399444
6210,"ECOHAB_5|7565","ECOHAB_5","LC01","Survey_2",20050920,"CTD186",7565,6,5,-125.46,48.84,21.8,1.66,40.9,11.63,31.47,FALSE,5,4,21.8,0.93552950949745,0.916653102968892
6211,"ECOHAB_5|7566","ECOHAB_5","LC01","Survey_2",20050920,"CTD186",7566,5,10,-125.46,48.84,24.8,1.83,42.9,11.1,31.61,FALSE,6,5,24.8,1.20324193807382,1.05095011596697
6226,"ECOHAB_5|7573","ECOHAB_5","LC05","Survey_2",20050921,"CTD189",7573,9,0,-125.79,48.66,23.5,1.67,41.9,11.57,31.44,FALSE,5,4,23.5,0.951277299413707,0.924925970883575
6227,"ECOHAB_5|7574","ECOHAB_5","LC05","Survey_2",20050921,"CTD189",7574,8,5,-125.79,48.66,24.7,1.71,42.3,11.28,31.5,FALSE,6,5,24.7,1.01426845907874,0.957529347832107
6228,"ECOHAB_5|7575","ECOHAB_5","LC05","Survey_2",20050921,"CTD189",7575,6,10,-125.79,48.66,25.8,1.74,43.2,10.52,31.88,FALSE,6,5,25.8,1.06151182882751,0.981485227598657
6236,"ECOHAB_5|7579","ECOHAB_5","LC07","Survey_2",20050921,"CTD191",7579,10,0,-126.01,48.55,0.6,0.3,10.2,14.89,31.9,FALSE,2,1,0.6,-1.20616991911353,-1.43983813356311
6237,"ECOHAB_5|7580","ECOHAB_5","LC07","Survey_2",20050921,"CTD191",7580,9,5,-126.01,48.55,0.6,0.3,10.2,14.88,31.9,FALSE,2,1,0.6,-1.20616991911353,-1.43983813356311
6238,"ECOHAB_5|7581","ECOHAB_5","LC07","Survey_2",20050921,"CTD191",7581,8,10,-126.01,48.55,2.4,0.41,13.7,14.42,31.9,FALSE,2,1,2.4,-1.0329442300347,-1.00956438118768
6276,"ECOHAB_5|7602","ECOHAB_5","LD09","Survey_2",20050921,"CTD197",7602,9,10,-126.5,48.59,0.1,0.23,3.1,16.73,31.86,FALSE,1,0,0.1,-1.31640444852733,-1.80582521130132
6286,"ECOHAB_5|7606","ECOHAB_5","LD07","Survey_2",20050921,"CTD199",7606,11,0,-126.28,48.71,0.1,0.24,3.3,16.26,31.97,FALSE,1,0,0.1,-1.30065665861107,-1.74720239110334
6287,"ECOHAB_5|7607","ECOHAB_5","LD07","Survey_2",20050921,"CTD199",7607,10,5,-126.28,48.71,0.1,0.26,3.4,16.26,31.97,FALSE,1,0,0.1,-1.26916107877856,-1.63694929496549
6288,"ECOHAB_5|7608","ECOHAB_5","LD07","Survey_2",20050921,"CTD199",7608,9,10,-126.28,48.71,0.2,0.25,3.5,16.27,31.97,FALSE,1,0,0.2,-1.28490886869482,-1.69097301784504
6298,"ECOHAB_5|7612","ECOHAB_5","LD05","Survey_2",20050921,"CTD201",7612,9,0,-126.06,48.83,1.6,0.4,16.2,13.89,31.94,FALSE,2,1,1.6,-1.04869201995096,-1.04357668623019
6299,"ECOHAB_5|7613","ECOHAB_5","LD05","Survey_2",20050921,"CTD201",7613,8,5,-126.06,48.83,1.6,0.4,16.3,13.86,31.94,FALSE,2,1,1.6,-1.04869201995096,-1.04357668623019
6300,"ECOHAB_5|12822","ECOHAB_5","LD05","Survey_2",20050921,"CTD201",12822,7,10,-126.06,48.83,3.2,0.5,16.9,13.75,31.95,FALSE,3,2,3.2,-0.891214120788385,-0.736212428689967
6301,"ECOHAB_5|7614","ECOHAB_5","LD05","Survey_2",20050921,"CTD201",7614,6,10,-126.06,48.83,3.7,0.54,17.1,13.75,31.95,FALSE,3,2,3.7,-0.828222961123356,-0.630204107459029
6319,"ECOHAB_6|10785","ECOHAB_6","PW01","Survey_0",20060912,"CTD001",10785,8,0,-122.48,47.7,18.7,2.08,51.7,13.38,30.17,FALSE,6,5,18.7,1.59693668598025,1.22733247249972
6320,"ECOHAB_6|10786","ECOHAB_6","PW01","Survey_0",20060912,"CTD001",10786,7,5,-122.48,47.7,19.7,2.11,53,13.34,30.18,FALSE,6,5,19.7,1.64418005572902,1.24705732078903
6321,"ECOHAB_6|10787","ECOHAB_6","PW01","Survey_0",20060912,"CTD001",10787,6,10,-122.48,47.7,19.8,2.1,53.2,13.07,30.25,FALSE,6,5,19.8,1.62843226581277,1.24051370578799
6325,"ECOHAB_6|10793","ECOHAB_6","PW02","Survey_0",20060912,"CTD002",10793,8,0,-122.48,47.95,17.5,1.94,47,12.97,30.21,FALSE,6,5,17.5,1.37646762715265,1.13135337318799
6326,"ECOHAB_6|10794","ECOHAB_6","PW02","Survey_0",20060912,"CTD002",10794,7,5,-122.48,47.95,17.7,1.95,46.9,12.86,30.24,FALSE,6,5,17.7,1.39221541706891,1.13843528270703
6327,"ECOHAB_6|10795","ECOHAB_6","PW02","Survey_0",20060912,"CTD002",10795,6,10,-122.48,47.95,18.2,1.96,47.3,12.78,30.28,FALSE,6,5,18.2,1.40796320698517,1.14548096746658
6331,"ECOHAB_6|10801","ECOHAB_6","PW01.5","Survey_0",20060912,"CTD003",10801,8,0,-122.42,47.83,17.9,1.99,49.8,13.28,30.22,FALSE,6,5,17.9,1.45520657673394,1.1664043323206
6332,"ECOHAB_6|10802","ECOHAB_6","PW01.5","Survey_0",20060912,"CTD003",10802,7,5,-122.42,47.83,18.3,1.99,50.1,13.21,30.23,FALSE,6,5,18.3,1.45520657673394,1.1664043323206
6333,"ECOHAB_6|10803","ECOHAB_6","PW01.5","Survey_0",20060912,"CTD003",10803,6,10,-122.42,47.83,18.9,2.04,50.8,13.1,30.26,FALSE,6,5,18.9,1.53394552631522,1.20058545020322
6337,"ECOHAB_6|10809","ECOHAB_6","PW03","Survey_0",20060913,"CTD004",10809,7,0,-122.66,48,19.3,2.01,48.4,12.5,30.6,FALSE,6,5,19.3,1.48670215656645,1.18017873078012
6338,"ECOHAB_6|10810","ECOHAB_6","PW03","Survey_0",20060913,"CTD004",10810,6,5,-122.66,48,19.1,2.02,48.3,12.48,30.6,FALSE,6,5,19.1,1.50244994648271,1.18701461760046
6339,"ECOHAB_6|10811","ECOHAB_6","PW03","Survey_0",20060913,"CTD004",10811,5,10,-122.66,48,19.3,2.05,48.2,12.47,30.6,FALSE,6,5,19.3,1.54969331623148,1.20732105466268
6343,"ECOHAB_6|10816","ECOHAB_6","PW04","Survey_0",20060913,"CTD005",10816,7,0,-122.65,48.14,23.1,2.19,51.7,11.25,31.37,FALSE,6,5,23.1,1.77016237505908,1.29831638403426
6344,"ECOHAB_6|10817","ECOHAB_6","PW04","Survey_0",20060913,"CTD005",10817,6,5,-122.65,48.14,23,2.19,51.9,11.24,31.37,FALSE,6,5,23,1.77016237505908,1.29831638403426
6345,"ECOHAB_6|10818","ECOHAB_6","PW04","Survey_0",20060913,"CTD005",10818,5,10,-122.65,48.14,23.2,2.19,51.9,11.21,31.39,FALSE,6,5,23.2,1.77016237505908,1.29831638403426
6349,"ECOHAB_6|10823","ECOHAB_6","PW05","Survey_0",20060913,"CTD006",10823,6,0,-122.73,48.11,23.1,2.19,52.1,11.33,31.45,FALSE,6,5,23.1,1.77016237505908,1.29831638403426
6350,"ECOHAB_6|10824","ECOHAB_6","PW05","Survey_0",20060913,"CTD006",10824,5,5,-122.73,48.11,24.1,2.24,52.7,10.97,31.57,FALSE,6,5,24.1,1.84890132464037,1.32941089558068
6351,"ECOHAB_6|10825","ECOHAB_6","PW05","Survey_0",20060913,"CTD006",10825,4,10,-122.73,48.11,24.3,2.26,53.1,10.89,31.61,FALSE,6,5,24.3,1.88039690447288,1.34165478390784
6355,"ECOHAB_6|10829","ECOHAB_6","JDFF","Survey_0",20060913,"CTD007",10829,9,0,-123.1,48.24,23.6,2.17,52,11.06,31.5,FALSE,6,5,23.6,1.73866679522657,1.28567933790018
6356,"ECOHAB_6|10830","ECOHAB_6","JDFF","Survey_0",20060913,"CTD007",10830,8,5,-123.1,48.24,23.8,2.17,52,11.05,31.5,FALSE,6,5,23.8,1.73866679522657,1.28567933790018
6357,"ECOHAB_6|10831","ECOHAB_6","JDFF","Survey_0",20060913,"CTD007",10831,7,10,-123.1,48.24,23.8,2.18,52.1,11.05,31.5,FALSE,6,5,23.8,1.75441458514282,1.29201235304343
6364,"ECOHAB_6|10838","ECOHAB_6","JDFN5","Survey_0",20060913,"CTD008",10838,8,0,-123.34,48.33,25.3,2.2,54.3,10.61,31.51,FALSE,6,5,25.3,1.78591016497534,1.30459169496656
6365,"ECOHAB_6|10839","ECOHAB_6","JDFN5","Survey_0",20060913,"CTD008",10839,7,5,-123.34,48.33,25.2,2.19,54.3,10.63,31.49,FALSE,6,5,25.2,1.77016237505908,1.29831638403426
6366,"ECOHAB_6|10840","ECOHAB_6","JDFN5","Survey_0",20060913,"CTD008",10840,6,10,-123.34,48.33,25.1,2.19,54.4,10.63,31.49,FALSE,6,5,25.1,1.77016237505908,1.29831638403426
6372,"ECOHAB_6|10846","ECOHAB_6","JDFN4","Survey_0",20060913,"CTD009",10846,10,0,-123.75,48.31,26,2.24,53.9,10.34,31.97,FALSE,6,5,26,1.84890132464037,1.32941089558068
6373,"ECOHAB_6|10847","ECOHAB_6","JDFN4","Survey_0",20060913,"CTD009",10847,9,5,-123.75,48.31,27.4,2.33,56.2,9.81,32.29,FALSE,6,5,27.4,1.99063143388668,1.38367110714949
6374,"ECOHAB_6|10848","ECOHAB_6","JDFN4","Survey_0",20060913,"CTD009",10848,8,10,-123.75,48.31,27.4,2.36,56.3,9.85,32.27,FALSE,6,5,27.4,2.03787480363545,1.40129303236206
6382,"ECOHAB_6|10856","ECOHAB_6","JDFN3","Survey_0",20060913,"CTD010",10856,9,0,-124.03,48.37,26.5,2.27,54.9,10.11,32.06,FALSE,6,5,26.5,1.89614469438914,1.34773615523083
6383,"ECOHAB_6|10857","ECOHAB_6","JDFN3","Survey_0",20060913,"CTD010",10857,8,5,-124.03,48.37,26.4,2.27,54.9,10.1,32.07,FALSE,6,5,26.4,1.89614469438914,1.34773615523083
6384,"ECOHAB_6|10858","ECOHAB_6","JDFN3","Survey_0",20060913,"CTD010",10858,7,10,-124.03,48.37,26.9,2.29,55.4,10.1,32.06,FALSE,6,5,26.9,1.92764027422165,1.35981893768432
6391,"ECOHAB_6|10865","ECOHAB_6","JDFN2","Survey_0",20060913,"CTD011",10865,9,0,-124.29,48.44,26.6,2.28,54.7,10,32.31,FALSE,6,5,26.6,1.9118924843054,1.35379079516502
6392,"ECOHAB_6|10866","ECOHAB_6","JDFN2","Survey_0",20060913,"CTD011",10866,8,5,-124.29,48.44,26.7,2.29,54.8,10.01,32.3,FALSE,6,5,26.7,1.92764027422165,1.35981893768432
6393,"ECOHAB_6|10867","ECOHAB_6","JDFN2","Survey_0",20060913,"CTD011",10867,7,10,-124.29,48.44,27.2,2.3,55.3,9.81,32.38,FALSE,6,5,27.2,1.94338806413791,1.36582081370412
6400,"ECOHAB_6|10875","ECOHAB_6","JDFN1","Survey_0",20060913,"CTD012",10875,8,5,-124.56,48.52,27.4,2.32,54.4,9.91,32.44,FALSE,6,5,27.4,1.97488364397043,1.37774667493157
6401,"ECOHAB_6|10876","ECOHAB_6","JDFN1","Survey_0",20060913,"CTD012",10876,7,10,-124.56,48.52,27.2,2.33,54.8,9.79,32.47,FALSE,6,5,27.2,1.99063143388668,1.38367110714949
6407,"ECOHAB_6|10883","ECOHAB_6","EH1","Survey_0",20060913,"CTD013",10883,11,0,-124.69,48.49,27.08,2.3,54.2,10.03,32.43,FALSE,6,5,27.08,1.94338806413791,1.36582081370412
6408,"ECOHAB_6|10884","ECOHAB_6","EH1","Survey_0",20060913,"CTD013",10884,10,5,-124.69,48.49,26.84,2.32,54.3,9.91,32.45,FALSE,6,5,26.84,1.97488364397043,1.37774667493157
6409,"ECOHAB_6|10885","ECOHAB_6","EH1","Survey_0",20060913,"CTD013",10885,9,10,-124.69,48.49,27.16,2.32,54.5,9.79,32.46,FALSE,6,5,27.16,1.97488364397043,1.37774667493157
6421,"ECOHAB_6|10894","ECOHAB_6","GH01","Survey_1",20060914,"CTD014",10894,5,0,-124.25,47.07,16.2,1.67,47.9,10.7,33.39,FALSE,5,4,16.2,0.951277299413707,0.924925970883575
6422,"ECOHAB_6|10895","ECOHAB_6","GH01","Survey_1",20060914,"CTD014",10895,4,5,-124.25,47.07,15.6,1.58,46.7,10.72,33.39,FALSE,5,4,15.6,0.809547190167393,0.848618120643258
6423,"ECOHAB_6|10896","ECOHAB_6","GH01","Survey_1",20060914,"CTD014",10896,3,10,-124.25,47.07,17.9,1.89,51.8,10.63,33.39,FALSE,6,5,17.9,1.29772867757137,1.09538714273701
6426,"ECOHAB_6|10899","ECOHAB_6","GH02","Survey_1",20060914,"CTD015",10899,6,0,-124.36,47.04,1.87,0.39,24.4,11.67,33.33,FALSE,2,1,1.87,-1.06443980986721,-1.07845015314334
6427,"ECOHAB_6|10900","ECOHAB_6","GH02","Survey_1",20060914,"CTD015",10900,5,5,-124.36,47.04,1.9,0.4,24.4,11.65,33.33,FALSE,2,1,1.9,-1.04869201995096,-1.04357668623019
6428,"ECOHAB_6|10901","ECOHAB_6","GH02","Survey_1",20060914,"CTD015",10901,4,10,-124.36,47.04,2.26,0.43,24.5,11.64,33.33,FALSE,2,1,2.26,-1.00144865020219,-0.943960155435005
6435,"ECOHAB_6|10914","ECOHAB_6","GH04","Survey_1",20060914,"CTD018",10914,7,0,-124.62,46.98,8.74,0.7,23.9,11.54,33.1,FALSE,3,2,8.74,-0.576258322463241,-0.27274602518923
6436,"ECOHAB_6|10915","ECOHAB_6","GH04","Survey_1",20060914,"CTD018",10915,6,5,-124.62,46.98,8.69,0.7,23.8,11.33,33.1,FALSE,3,2,8.69,-0.576258322463241,-0.27274602518923
6437,"ECOHAB_6|10916","ECOHAB_6","GH04","Survey_1",20060914,"CTD018",10916,5,10,-124.62,46.98,9.42,0.79,24.4,10.99,33.1,FALSE,4,3,9.42,-0.434528213216926,-0.106142468511812
6445,"ECOHAB_6|10929","ECOHAB_6","GH06","Survey_1",20060914,"CTD020",10929,10,0,-124.92,46.91,5.21,0.63,19.6,12.61,32.56,FALSE,3,2,5.21,-0.686492851877041,-0.417872588240219
6446,"ECOHAB_6|10930","ECOHAB_6","GH06","Survey_1",20060914,"CTD020",10930,9,5,-124.92,46.91,5.28,0.61,19.5,12.45,32.56,FALSE,3,2,5.28,-0.717988431709556,-0.462309615010259
6447,"ECOHAB_6|10931","ECOHAB_6","GH06","Survey_1",20060914,"CTD020",10931,8,10,-124.92,46.91,6.78,0.75,18.6,11.7,32.53,FALSE,4,3,6.78,-0.497519372881955,-0.177713286867812
6471,"ECOHAB_6|10949","ECOHAB_6","GH08","Survey_1",20060915,"CTD022",10949,10,0,-125.27,46.86,2.31,0.43,20.6,13.68,32.52,FALSE,2,1,2.31,-1.00144865020219,-0.943960155435005
6472,"ECOHAB_6|10950","ECOHAB_6","GH08","Survey_1",20060915,"CTD022",10950,9,5,-125.27,46.86,2.36,0.45,20.6,13.66,32.52,FALSE,3,2,2.36,-0.969953070369671,-0.881338991740956
6473,"ECOHAB_6|10951","ECOHAB_6","GH08","Survey_1",20060915,"CTD022",10951,8,10,-125.27,46.86,4.75,0.61,20.3,11.94,32.54,FALSE,3,2,4.75,-0.717988431709556,-0.462309615010259
6480,"ECOHAB_6|10959","ECOHAB_6","CB01","Survey_1",20060915,"CTD023",10959,5,0,-124.37,47.3,14.4,1.49,49.1,10.41,33.43,FALSE,5,4,14.4,0.667817080921078,0.767833700260418
6481,"ECOHAB_6|10960","ECOHAB_6","CB01","Survey_1",20060915,"CTD023",10960,4,5,-124.37,47.3,15.4,1.57,50.1,10.25,33.44,FALSE,5,4,15.4,0.793799400251135,0.839872514328797
6482,"ECOHAB_6|10961","ECOHAB_6","CB01","Survey_1",20060915,"CTD023",10961,3,10,-124.37,47.3,25.9,2.57,62,9.31,33.55,FALSE,6,5,25.9,2.36857839187685,1.51871092159687
6485,"ECOHAB_6|10964","ECOHAB_6","CB02","Survey_1",20060915,"CTD024",10964,6,0,-124.47,47.27,10.4,1.08,38.2,10.92,33.37,FALSE,4,3,10.4,0.0221576943545326,0.324556481696042
6486,"ECOHAB_6|10965","ECOHAB_6","CB02","Survey_1",20060915,"CTD024",10965,5,5,-124.47,47.27,11.5,1.18,39.5,10.74,33.39,FALSE,4,3,11.5,0.179635593517104,0.446532443206988
6487,"ECOHAB_6|10966","ECOHAB_6","CB02","Survey_1",20060915,"CTD024",10966,4,10,-124.47,47.27,16.2,1.74,48.4,9.76,33.51,FALSE,6,5,16.2,1.06151182882751,0.981485227598657
6495,"ECOHAB_6|10978","ECOHAB_6","CB04","Survey_1",20060915,"CTD027",10978,7,0,-124.72,47.2,15.2,1.24,28.8,10.15,32.78,FALSE,5,4,15.2,0.274122333014648,0.514848676859216
6496,"ECOHAB_6|10979","ECOHAB_6","CB04","Survey_1",20060915,"CTD027",10979,6,5,-124.72,47.2,16,1.32,28.3,9.68,32.8,FALSE,5,4,16,0.400104652344705,0.600965990093417
6497,"ECOHAB_6|10980","ECOHAB_6","CB04","Survey_1",20060915,"CTD027",10980,5,10,-124.72,47.2,17,1.43,26.9,9.16,32.81,FALSE,5,4,17,0.573330341423534,0.711219086231263
6505,"ECOHAB_6|10988","ECOHAB_6","CB06","Survey_1",20060915,"CTD029",10988,9,0,-125.02,47.13,5.94,0.64,25.7,12.69,32.55,FALSE,3,2,5.94,-0.670745061960784,-0.396180354615351
6506,"ECOHAB_6|10989","ECOHAB_6","CB06","Survey_1",20060915,"CTD029",10989,8,5,-125.02,47.13,7.62,0.78,21.5,12.61,32.54,FALSE,4,3,7.62,-0.450276003133183,-0.123689563988267
6507,"ECOHAB_6|10990","ECOHAB_6","CB06","Survey_1",20060915,"CTD029",10990,7,10,-125.02,47.13,9.08,0.91,17.4,10.64,32.55,FALSE,4,3,9.08,-0.24555473422184,0.088641955230543
6519,"ECOHAB_6|11000","ECOHAB_6","CB08","Survey_1",20060916,"CTD031",11000,10,0,-125.41,47.04,3.71,0.54,22,13.69,32.32,FALSE,3,2,3.71,-0.828222961123356,-0.630204107459029
6520,"ECOHAB_6|11001","ECOHAB_6","CB08","Survey_1",20060916,"CTD031",11001,9,5,-125.41,47.04,3.61,0.55,22,13.43,32.32,FALSE,3,2,3.61,-0.812475171207099,-0.604929483343581
6521,"ECOHAB_6|11002","ECOHAB_6","CB08","Survey_1",20060916,"CTD031",11002,8,10,-125.41,47.04,3.77,0.55,22.2,13.3,32.31,FALSE,3,2,3.77,-0.812475171207099,-0.604929483343581
6528,"ECOHAB_6|11010","ECOHAB_6","KB08","Survey_1",20060916,"CTD032",11010,9,0,-125.52,47.23,0.24,0.37,10.2,14.99,32.28,FALSE,2,1,0.24,-1.09593538969973,-1.15096312500201
6530,"ECOHAB_6|11012","ECOHAB_6","KB08","Survey_1",20060916,"CTD032",11012,7,10,-125.52,47.23,0.22,0.35,10,14.95,32.29,FALSE,2,1,0.22,-1.12743096953224,-1.2275066143443
6541,"ECOHAB_6|11024","ECOHAB_6","KB06","Survey_1",20060916,"CTD034",11024,10,0,-125.21,47.33,3.07,0.49,21,13.65,32.27,FALSE,3,2,3.07,-0.906961910704642,-0.764040210843564
6542,"ECOHAB_6|11025","ECOHAB_6","KB06","Survey_1",20060916,"CTD034",11025,9,5,-125.21,47.33,3.15,0.49,20.9,13.65,32.27,FALSE,3,2,3.15,-0.906961910704642,-0.764040210843564
6543,"ECOHAB_6|11026","ECOHAB_6","KB06","Survey_1",20060916,"CTD034",11026,8,10,-125.21,47.33,2.52,0.45,20.2,13.54,32.29,FALSE,3,2,2.52,-0.969953070369671,-0.881338991740956
6554,"ECOHAB_6|11038","ECOHAB_6","KB04","Survey_1",20060916,"CTD036",11038,9,0,-124.93,47.43,11.3,1,32.9,11.78,32.56,FALSE,4,3,11.3,-0.103824624975525,0.218548160465104
6555,"ECOHAB_6|11039","ECOHAB_6","KB04","Survey_1",20060916,"CTD036",11039,8,5,-124.93,47.43,11.4,1.01,33,11.77,32.56,FALSE,4,3,11.4,-0.0880768350592679,0.232254028445385
6556,"ECOHAB_6|11040","ECOHAB_6","KB04","Survey_1",20060916,"CTD036",11040,7,10,-124.93,47.43,13.6,1.17,34.9,11.73,32.56,FALSE,4,3,13.6,0.163887803600847,0.434809577833888
6565,"ECOHAB_6|11050","ECOHAB_6","KB02","Survey_1",20060916,"CTD038",11050,7,0,-124.64,47.53,15.4,1.2,36.6,10.64,33.1,FALSE,4,3,15.4,0.211131173349619,0.469683044747031
6566,"ECOHAB_6|11051","ECOHAB_6","KB02","Survey_1",20060916,"CTD038",11051,6,5,-124.64,47.53,15.8,1.21,36.5,10.64,33.1,FALSE,4,3,15.8,0.226878963265876,0.481114051157876
6567,"ECOHAB_6|11052","ECOHAB_6","KB02","Survey_1",20060916,"CTD038",11052,5,10,-124.64,47.53,16.4,1.28,37,10.53,33.1,FALSE,5,4,16.4,0.337113492679677,0.558580234539719
6572,"ECOHAB_6|11057","ECOHAB_6","KB01","Survey_1",20060916,"CTD039",11057,5,0,-124.5,47.58,8.59,0.68,24.1,10.56,33.26,FALSE,3,2,8.59,-0.607753902295755,-0.312674280774001
6573,"ECOHAB_6|11058","ECOHAB_6","KB01","Survey_1",20060916,"CTD039",11058,4,5,-124.5,47.58,8.94,0.7,24.3,10.53,33.26,FALSE,3,2,8.94,-0.576258322463241,-0.27274602518923
6574,"ECOHAB_6|11059","ECOHAB_6","KB01","Survey_1",20060916,"CTD039",11059,3,10,-124.5,47.58,9.71,0.75,25.4,10.45,33.26,FALSE,4,3,9.71,-0.497519372881955,-0.177713286867812
6581,"ECOHAB_6|12152","ECOHAB_6","EH2",NA,20060916,"CTD042",12152,1,6,-124.59,47.6,18.1,1.33,36.9,10.37,33.22,FALSE,5,4,18.1,0.415852442260963,0.611361725228762
6582,"ECOHAB_6|11068","ECOHAB_6","LP01","Survey_1",20060916,"CTD043",11068,5,0,-124.67,47.82,21.5,1.71,43.6,10.09,33.23,FALSE,6,5,21.5,1.01426845907874,0.957529347832107
6583,"ECOHAB_6|11069","ECOHAB_6","LP01","Survey_1",20060916,"CTD043",11069,4,5,-124.67,47.82,22.3,1.78,44.4,10,33.24,FALSE,6,5,22.3,1.12450298849254,1.01279176536996
6584,"ECOHAB_6|11070","ECOHAB_6","LP01","Survey_1",20060916,"CTD043",11070,3,10,-124.67,47.82,27,2.32,51.8,8.86,33.47,FALSE,6,5,27,1.97488364397043,1.37774667493157
6587,"ECOHAB_6|11073","ECOHAB_6","LP02","Survey_1",20060916,"CTD044",11073,7,0,-124.81,47.77,18.2,1.45,35.4,10.31,32.71,FALSE,5,4,18.2,0.604825921256049,0.730350343316731
6588,"ECOHAB_6|11074","ECOHAB_6","LP02","Survey_1",20060916,"CTD044",11074,6,5,-124.81,47.77,20.9,1.62,35.6,9.33,32.89,FALSE,5,4,20.9,0.872538349832422,0.883055623518196
6589,"ECOHAB_6|11075","ECOHAB_6","LP02","Survey_1",20060916,"CTD044",11075,5,10,-124.81,47.77,24.1,1.84,35.2,8.34,33.14,FALSE,6,5,24.1,1.21898972799008,1.05845655616389
6597,"ECOHAB_6|11084","ECOHAB_6","LP04","Survey_1",20060917,"CTD047",11084,8,0,-125.06,47.66,9.34,0.91,22.7,11.85,32.2,FALSE,4,3,9.34,-0.24555473422184,0.088641955230543
6598,"ECOHAB_6|11085","ECOHAB_6","LP04","Survey_1",20060917,"CTD047",11085,7,5,-125.06,47.66,9.58,0.94,22.8,11.84,32.2,FALSE,4,3,9.58,-0.198311364473068,0.133319224151224
6599,"ECOHAB_6|11086","ECOHAB_6","LP04","Survey_1",20060917,"CTD047",11086,6,10,-125.06,47.66,11.5,1.07,20.9,10.14,32.39,FALSE,4,3,11.5,0.00640990443827542,0.311743102160042
6608,"ECOHAB_6|11095","ECOHAB_6","LP06","Survey_1",20060917,"CTD049",11095,9,0,-125.31,47.56,6.03,0.73,20.3,12.94,32.1,FALSE,4,3,6.03,-0.52901495271447,-0.214943346942965
6609,"ECOHAB_6|11096","ECOHAB_6","LP06","Survey_1",20060917,"CTD049",11096,8,5,-125.31,47.56,6.14,0.74,20.5,12.94,32.1,FALSE,4,3,6.14,-0.513267162798212,-0.196202535846943
6610,"ECOHAB_6|11097","ECOHAB_6","LP06","Survey_1",20060917,"CTD049",11097,7,10,-125.31,47.56,5.67,0.73,19.1,12.93,32.11,FALSE,4,3,5.67,-0.52901495271447,-0.214943346942965
6623,"ECOHAB_6|11111","ECOHAB_6","LP08","Survey_1",20060917,"CTD051",11111,7,10,-125.56,47.43,0.06,0.37,6.94,14.86,32.29,FALSE,2,1,0.06,-1.09593538969973,-1.15096312500201
6634,"ECOHAB_6|12146","ECOHAB_6","OZ08","Survey_1",20060917,"CTD053",12146,9,0,-125.59,47.66,0.21,0.33,8.22,14.89,32.29,FALSE,2,1,0.21,-1.15892654936476,-1.30855518821672
6635,"ECOHAB_6|11122","ECOHAB_6","OZ08","Survey_1",20060917,"CTD053",11122,8,5,-125.59,47.66,0.2,0.34,8.22,14.89,32.29,FALSE,2,1,0.2,-1.1431787594485,-1.26743486992907
6636,"ECOHAB_6|11123","ECOHAB_6","OZ08","Survey_1",20060917,"CTD053",11123,7,10,-125.59,47.66,0.21,0.34,8.22,14.89,32.29,FALSE,2,1,0.21,-1.1431787594485,-1.26743486992907
6647,"ECOHAB_6|11134","ECOHAB_6","OZ06","Survey_1",20060917,"CTD055",11134,9,0,-125.35,47.78,7.06,0.83,20,12.93,32.11,FALSE,4,3,7.06,-0.371537053551898,-0.0381074861861789
6648,"ECOHAB_6|11135","ECOHAB_6","OZ06","Survey_1",20060917,"CTD055",11135,8,5,-125.35,47.78,7,0.82,20,12.91,32.11,FALSE,4,3,7,-0.387284843468155,-0.0548037920326133
6649,"ECOHAB_6|11136","ECOHAB_6","OZ06","Survey_1",20060917,"CTD055",11136,7,10,-125.35,47.78,6.9,0.85,18.3,12.29,32.18,FALSE,4,3,6.9,-0.340041473719383,-0.00531002323377337
6659,"ECOHAB_6|11146","ECOHAB_6","OZ04","Survey_1",20060917,"CTD057",11146,8,0,-125.1,47.89,12.2,1.17,27,10.6,33.73,FALSE,4,3,12.2,0.163887803600847,0.434809577833888
6660,"ECOHAB_6|11147","ECOHAB_6","OZ04","Survey_1",20060917,"CTD057",11147,7,5,-125.1,47.89,11.9,1.44,27,10.16,33.66,FALSE,5,4,11.9,0.589078131339792,0.720817929028957
6661,"ECOHAB_6|11148","ECOHAB_6","OZ04","Survey_1",20060917,"CTD057",11148,6,10,-125.1,47.89,12.1,1.19,26.7,9.76,33.52,FALSE,4,3,12.1,0.195383383433362,0.458156380266963
6670,"ECOHAB_6|11159","ECOHAB_6","OZ02","Survey_1",20060917,"CTD060",11159,6,0,-124.86,48,14.4,1.33,29.6,10.62,32.3,FALSE,5,4,14.4,0.415852442260963,0.611361725228762
6671,"ECOHAB_6|11160","ECOHAB_6","OZ02","Survey_1",20060917,"CTD060",11160,5,5,-124.86,48,15.1,1.37,30.9,10.54,32.42,FALSE,5,4,15.1,0.478843601925991,0.65217740382321
6672,"ECOHAB_6|11161","ECOHAB_6","OZ02","Survey_1",20060917,"CTD060",11161,4,10,-124.86,48,16.9,1.46,33.8,10.29,32.71,FALSE,5,4,16.9,0.620573711172306,0.739817242212106
6676,"ECOHAB_6|11165","ECOHAB_6","OZ01","Survey_1",20060918,"CTD061",11165,5,0,-124.73,48.06,21.4,1.81,43.1,10.03,33.17,FALSE,6,5,21.4,1.17174635824131,1.03581338817802
6677,"ECOHAB_6|11166","ECOHAB_6","OZ01","Survey_1",20060918,"CTD061",11166,4,5,-124.73,48.06,21.1,1.81,43,10.01,33.18,FALSE,6,5,21.1,1.17174635824131,1.03581338817802
6678,"ECOHAB_6|11167","ECOHAB_6","OZ01","Survey_1",20060918,"CTD061",11167,3,10,-124.73,48.06,21.6,1.84,43.3,9.99,33.19,FALSE,6,5,21.6,1.21898972799008,1.05845655616389
6681,"ECOHAB_6|11170","ECOHAB_6","CF01","Survey_1",20060918,"CTD062",11170,5,0,-124.74,48.28,19.6,1.62,39.5,10.66,32.66,FALSE,5,4,19.6,0.872538349832422,0.883055623518196
6682,"ECOHAB_6|11171","ECOHAB_6","CF01","Survey_1",20060918,"CTD062",11171,4,5,-124.74,48.28,19.5,1.63,39.5,10.66,32.66,FALSE,5,4,19.5,0.888286139748678,0.891532132528343
6683,"ECOHAB_6|11172","ECOHAB_6","CF01","Survey_1",20060918,"CTD062",11172,3,10,-124.74,48.28,19.7,1.63,39.8,10.64,32.69,FALSE,5,4,19.7,0.888286139748678,0.891532132528343
6686,"ECOHAB_6|11175","ECOHAB_6","CF02","Survey_1",20060918,"CTD063",11175,6,0,-124.87,48.22,17.5,1.48,36.8,10.86,32.41,FALSE,5,4,17.5,0.65206929100482,0.758558053308128
6687,"ECOHAB_6|11176","ECOHAB_6","CF02","Survey_1",20060918,"CTD063",11176,5,5,-124.87,48.22,17.6,1.48,36.3,10.84,32.41,FALSE,5,4,17.6,0.65206929100482,0.758558053308128
6688,"ECOHAB_6|11177","ECOHAB_6","CF02","Survey_1",20060918,"CTD063",11177,4,10,-124.87,48.22,17.4,1.49,36,10.83,32.41,FALSE,5,4,17.4,0.667817080921078,0.767833700260418
6695,"ECOHAB_6|11185","ECOHAB_6","CF04","Survey_1",20060918,"CTD065",11185,8,0,-125.13,48.08,14.2,1.3,28.4,10.98,32.22,FALSE,5,4,14.2,0.368609072512191,0.579936140884877
6696,"ECOHAB_6|11186","ECOHAB_6","CF04","Survey_1",20060918,"CTD065",11186,7,5,-125.13,48.08,14.4,1.3,28.4,10.98,32.22,FALSE,5,4,14.4,0.368609072512191,0.579936140884877
6697,"ECOHAB_6|11187","ECOHAB_6","CF04","Survey_1",20060918,"CTD065",11187,6,10,-125.13,48.08,14.5,1.3,28.4,10.99,32.22,FALSE,5,4,14.5,0.368609072512191,0.579936140884877
6707,"ECOHAB_6|11198","ECOHAB_6","CF06","Survey_1",20060918,"CTD067",11198,9,0,-125.39,47.95,12.6,1.22,27,11.61,32.11,FALSE,4,3,12.6,0.242626753182133,0.492450974144812
6708,"ECOHAB_6|11199","ECOHAB_6","CF06","Survey_1",20060918,"CTD067",11199,8,5,-125.39,47.95,12.7,1.19,26.8,11.53,32.14,FALSE,4,3,12.7,0.195383383433362,0.458156380266963
6709,"ECOHAB_6|11200","ECOHAB_6","CF06","Survey_1",20060918,"CTD067",11200,7,10,-125.39,47.95,12.7,1.21,26.7,11.49,32.14,FALSE,4,3,12.7,0.226878963265876,0.481114051157876
6719,"ECOHAB_6|11210","ECOHAB_6","CF08","Survey_1",20060918,"CTD069",11210,9,0,-125.67,47.82,0.38,0.41,6.47,14.65,32.26,FALSE,2,1,0.38,-1.0329442300347,-1.00956438118768
6720,"ECOHAB_6|11211","ECOHAB_6","CF08","Survey_1",20060918,"CTD069",11211,8,5,-125.67,47.82,0.38,0.43,6.49,14.65,32.26,FALSE,2,1,0.38,-1.00144865020219,-0.943960155435005
6721,"ECOHAB_6|11212","ECOHAB_6","CF08","Survey_1",20060918,"CTD069",11212,7,10,-125.67,47.82,0.39,0.42,6.51,14.65,32.26,FALSE,2,1,0.39,-1.01719644011844,-0.976371730062374
6735,"ECOHAB_6|11227","ECOHAB_6","LA10","Survey_1",20060918,"CTD073",11227,9,0,-125.72,47.98,0.82,0.45,7.32,14.51,32.29,FALSE,3,2,0.82,-0.969953070369671,-0.881338991740956
6736,"ECOHAB_6|11228","ECOHAB_6","LA10","Survey_1",20060918,"CTD073",11228,8,5,-125.72,47.98,0.81,0.44,7.32,14.51,32.29,FALSE,2,1,0.81,-0.985700860285928,-0.912293740883808
6737,"ECOHAB_6|11229","ECOHAB_6","LA10","Survey_1",20060918,"CTD073",11229,7,10,-125.72,47.98,0.85,0.44,7.29,14.48,32.28,FALSE,2,1,0.85,-0.985700860285928,-0.912293740883808
6747,"ECOHAB_6|11239","ECOHAB_6","LA08","Survey_1",20060919,"CTD075",11239,8,0,-125.51,48.1,17.9,1.66,42.6,11.86,31.97,FALSE,5,4,17.9,0.93552950949745,0.916653102968892
6748,"ECOHAB_6|11240","ECOHAB_6","LA08","Survey_1",20060919,"CTD075",11240,7,5,-125.51,48.1,17.7,1.61,42.5,11.86,31.97,FALSE,5,4,17.7,0.856790559916164,0.874526628049788
6749,"ECOHAB_6|11241","ECOHAB_6","LA08","Survey_1",20060919,"CTD075",11241,6,10,-125.51,48.1,17.8,1.62,42.7,11.64,32.02,FALSE,5,4,17.8,0.872538349832422,0.883055623518196
6757,"ECOHAB_6|11250","ECOHAB_6","LA06","Survey_1",20060919,"CTD077",11250,7,0,-125.29,48.21,18.1,1.58,42.2,11.8,32.02,FALSE,5,4,18.1,0.809547190167393,0.848618120643258
6758,"ECOHAB_6|11251","ECOHAB_6","LA06","Survey_1",20060919,"CTD077",11251,6,5,-125.29,48.21,17.9,1.58,42.3,11.79,32.02,FALSE,5,4,17.9,0.809547190167393,0.848618120643258
6759,"ECOHAB_6|11252","ECOHAB_6","LA06","Survey_1",20060919,"CTD077",11252,5,10,-125.29,48.21,17.7,1.58,42,11.78,32.03,FALSE,5,4,17.7,0.809547190167393,0.848618120643258
6767,"ECOHAB_6|11261","ECOHAB_6","LA04","Survey_1",20060919,"CTD079",11261,8,0,-125.07,48.32,19,1.6,42.8,11.31,32.36,FALSE,5,4,19,0.841042769999907,0.865944492079947
6768,"ECOHAB_6|11262","ECOHAB_6","LA04","Survey_1",20060919,"CTD079",11262,7,5,-125.07,48.32,19.4,1.62,42.9,11.3,32.36,FALSE,5,4,19.4,0.872538349832422,0.883055623518196
6769,"ECOHAB_6|11263","ECOHAB_6","LA04","Survey_1",20060919,"CTD079",11263,6,10,-125.07,48.32,20.2,1.66,42.9,11.07,32.48,FALSE,5,4,20.2,0.93552950949745,0.916653102968892
6778,"ECOHAB_6|11273","ECOHAB_6","LA02","Survey_1",20060919,"CTD081",11273,9,0,-124.86,48.44,19.4,1.66,40.9,10.83,32.54,FALSE,5,4,19.4,0.93552950949745,0.916653102968892
6779,"ECOHAB_6|11274","ECOHAB_6","LA02","Survey_1",20060919,"CTD081",11274,8,5,-124.86,48.44,19.4,1.65,41.1,10.83,32.54,FALSE,5,4,19.4,0.919781719581193,0.908330247633644
6780,"ECOHAB_6|11275","ECOHAB_6","LA02","Survey_1",20060919,"CTD081",11275,7,10,-124.86,48.44,19.4,1.66,40.4,10.74,32.55,FALSE,5,4,19.4,0.93552950949745,0.916653102968892
6787,"ECOHAB_6|11282","ECOHAB_6","EH1","Survey_1",20060919,"CTD082",11282,9,0,-124.7,48.49,21.2,1.76,42.2,10.44,32.57,FALSE,6,5,21.2,1.09300740866002,0.997227437426333
6788,"ECOHAB_6|11283","ECOHAB_6","EH1","Survey_1",20060919,"CTD082",11283,8,5,-124.7,48.49,20.9,1.74,41.8,10.48,32.56,FALSE,6,5,20.9,1.06151182882751,0.981485227598657
6789,"ECOHAB_6|11284","ECOHAB_6","EH1","Survey_1",20060919,"CTD082",11284,7,10,-124.7,48.49,21,1.74,41.8,10.48,32.56,FALSE,6,5,21,1.06151182882751,0.981485227598657
6796,"ECOHAB_6|11291","ECOHAB_6","LAB01","Survey_1",20060919,"CTD083",11291,6,0,-124.83,48.59,26.6,2.27,55.1,10.48,31.96,FALSE,6,5,26.6,1.89614469438914,1.34773615523083
6797,"ECOHAB_6|11292","ECOHAB_6","LAB01","Survey_1",20060919,"CTD083",11292,5,5,-124.83,48.59,26.8,2.28,54.9,10.48,31.96,FALSE,6,5,26.8,1.9118924843054,1.35379079516502
6798,"ECOHAB_6|11293","ECOHAB_6","LAB01","Survey_1",20060919,"CTD083",11293,4,10,-124.83,48.59,26.5,2.31,55.2,10.32,32.03,FALSE,6,5,26.5,1.95913585405417,1.37179665113438
6802,"ECOHAB_6|11297","ECOHAB_6","LAB02","Survey_1",20060919,"CTD084",11297,7,0,-124.96,48.53,19.3,1.65,41.4,10.83,32.59,FALSE,5,4,19.3,0.919781719581193,0.908330247633644
6803,"ECOHAB_6|11298","ECOHAB_6","LAB02","Survey_1",20060919,"CTD084",11298,6,5,-124.96,48.53,19.2,1.75,41.3,10.77,32.59,FALSE,6,5,19.2,1.07725961874376,0.989378821506068
6804,"ECOHAB_6|11299","ECOHAB_6","LAB02","Survey_1",20060919,"CTD084",11299,5,10,-124.96,48.53,19.7,1.66,41.4,10.74,32.6,FALSE,5,4,19.7,0.93552950949745,0.916653102968892
6812,"ECOHAB_6|11307","ECOHAB_6","LAB04","Survey_1",20060919,"CTD086",11307,8,0,-125.21,48.39,19.6,1.68,44,11.08,32.51,FALSE,5,4,19.6,0.967025089329964,0.933149448247767
6813,"ECOHAB_6|11308","ECOHAB_6","LAB04","Survey_1",20060919,"CTD086",11308,7,5,-125.21,48.39,19.8,1.66,44,11.06,32.52,FALSE,5,4,19.8,0.93552950949745,0.916653102968892
6814,"ECOHAB_6|11309","ECOHAB_6","LAB04","Survey_1",20060919,"CTD086",11309,6,10,-125.21,48.39,20,1.68,44,11.01,32.56,FALSE,5,4,20,0.967025089329964,0.933149448247767
6823,"ECOHAB_6|11318","ECOHAB_6","LAB06","Survey_1",20060920,"CTD088",11318,8,0,-125.47,48.26,14.9,1.36,37.6,12.64,31.96,FALSE,5,4,14.9,0.463095812009734,0.64208630838107
6824,"ECOHAB_6|11319","ECOHAB_6","LAB06","Survey_1",20060920,"CTD088",11319,7,5,-125.47,48.26,15.1,1.39,37.8,12.26,31.95,FALSE,5,4,15.1,0.510339181758506,0.672140483207951
6825,"ECOHAB_6|11320","ECOHAB_6","LAB06","Survey_1",20060920,"CTD088",11320,6,10,-125.47,48.26,15.1,1.45,37.7,12.14,31.95,FALSE,5,4,15.1,0.604825921256049,0.730350343316731
6834,"ECOHAB_6|11329","ECOHAB_6","LAB08","Survey_1",20060920,"CTD090",11329,9,0,-125.72,48.13,5.46,0.77,20.1,13.06,32.22,FALSE,4,3,5.46,-0.466023793049441,-0.141463079842844
6835,"ECOHAB_6|11330","ECOHAB_6","LAB08","Survey_1",20060920,"CTD090",11330,8,5,-125.72,48.13,5.73,0.76,20.3,13.06,32.21,FALSE,4,3,5.73,-0.481771582965698,-0.159468935812202
6836,"ECOHAB_6|11331","ECOHAB_6","LAB08","Survey_1",20060920,"CTD090",11331,7,10,-125.72,48.13,5.43,0.78,20.2,13,32.21,FALSE,4,3,5.43,-0.450276003133183,-0.123689563988267
6846,"ECOHAB_6|11341","ECOHAB_6","LAB10","Survey_1",20060920,"CTD092",11341,10,0,-125.97,48,1.4,0.48,9.93,14.42,32.29,FALSE,3,2,1.4,-0.9227097006209,-0.792441801948267
6847,"ECOHAB_6|11342","ECOHAB_6","LAB10","Survey_1",20060920,"CTD092",11342,9,5,-125.97,48,1.36,0.5,9.92,14.42,32.29,FALSE,3,2,1.36,-0.891214120788385,-0.736212428689967
6848,"ECOHAB_6|11343","ECOHAB_6","LAB10","Survey_1",20060920,"CTD092",11343,8,10,-125.97,48,1.49,0.5,10.3,14.42,32.29,FALSE,3,2,1.49,-0.891214120788385,-0.736212428689967
6856,"ECOHAB_6|11351","ECOHAB_6","LB15","Survey_1",20060920,"CTD093",11351,10,0,-126.14,48.07,2.42,0.55,12.2,13.99,32.17,FALSE,3,2,2.42,-0.812475171207099,-0.604929483343581
6857,"ECOHAB_6|11352","ECOHAB_6","LB15","Survey_1",20060920,"CTD093",11352,9,5,-126.14,48.07,2.28,0.54,11.8,14.04,32.17,FALSE,3,2,2.28,-0.828222961123356,-0.630204107459029
6858,"ECOHAB_6|11353","ECOHAB_6","LB15","Survey_1",20060920,"CTD093",11353,8,10,-126.14,48.07,2.8,0.59,13.1,13.87,32.17,FALSE,3,2,2.8,-0.74948401154207,-0.508228145948082
6870,"ECOHAB_6|11365","ECOHAB_6","LB13","Survey_1",20060920,"CTD095",11365,9,0,-125.88,48.2,9.61,0.96,29.5,12.44,32.13,FALSE,4,3,9.61,-0.166815784640554,0.162318787206803
6871,"ECOHAB_6|11366","ECOHAB_6","LB13","Survey_1",20060920,"CTD095",11366,8,5,-125.88,48.2,9.7,0.99,29.5,12.22,32.15,FALSE,4,3,9.7,-0.119572414891782,0.204704542760501
6872,"ECOHAB_6|11367","ECOHAB_6","LB13","Survey_1",20060920,"CTD095",11367,7,10,-125.88,48.2,10.2,1.02,30.3,12.13,32.15,FALSE,4,3,10.2,-0.0723290451430107,0.245824861048154
6883,"ECOHAB_6|11378","ECOHAB_6","LB10","Survey_1",20060920,"CTD097",11378,8,0,-125.69,48.31,14.2,1.3,35.9,12.08,32.02,FALSE,5,4,14.2,0.368609072512191,0.579936140884877
6884,"ECOHAB_6|11379","ECOHAB_6","LB10","Survey_1",20060920,"CTD097",11379,7,5,-125.69,48.31,15.4,1.38,36.7,11.86,32.05,FALSE,5,4,15.4,0.494591391842248,0.662195108830978
6885,"ECOHAB_6|11380","ECOHAB_6","LB10","Survey_1",20060920,"CTD097",11380,6,10,-125.69,48.31,16.5,1.48,38.4,11.77,32.06,FALSE,5,4,16.5,0.65206929100482,0.758558053308128
6895,"ECOHAB_6|11390","ECOHAB_6","LB08","Survey_1",20060920,"CTD099",11390,8,0,-125.48,48.42,19,1.65,43.3,11.57,32.1,FALSE,5,4,19,0.919781719581193,0.908330247633644
6896,"ECOHAB_6|11391","ECOHAB_6","LB08","Survey_1",20060920,"CTD099",11391,7,5,-125.48,48.42,19.2,1.66,43.4,11.57,32.11,FALSE,5,4,19.2,0.93552950949745,0.916653102968892
6897,"ECOHAB_6|11392","ECOHAB_6","LB08","Survey_1",20060920,"CTD099",11392,6,10,-125.48,48.42,19.9,1.7,44,11.46,32.15,FALSE,5,4,19.9,0.998520669162479,0.949450565921297
6905,"ECOHAB_6|11401","ECOHAB_6","LB06","Survey_1",20060920,"CTD101",11401,7,0,-125.26,48.54,19.2,1.6,42.6,10.98,32.68,FALSE,5,4,19.2,0.841042769999907,0.865944492079947
6906,"ECOHAB_6|11402","ECOHAB_6","LB06","Survey_1",20060920,"CTD101",11402,6,5,-125.26,48.54,19.5,1.61,42.6,10.95,32.68,FALSE,5,4,19.5,0.856790559916164,0.874526628049788
6907,"ECOHAB_6|11403","ECOHAB_6","LB06","Survey_1",20060920,"CTD101",11403,5,10,-125.26,48.54,18.8,1.61,42.5,10.89,32.68,FALSE,5,4,18.8,0.856790559916164,0.874526628049788
6915,"ECOHAB_6|11412","ECOHAB_6","LB03","Survey_1",20060921,"CTD104",11412,8,0,-125.09,48.62,17.7,1.57,40.8,11.07,32.44,FALSE,5,4,17.7,0.793799400251135,0.839872514328797
6916,"ECOHAB_6|11413","ECOHAB_6","LB03","Survey_1",20060921,"CTD104",11413,7,5,-125.09,48.62,18.1,1.58,40.8,11.07,32.44,FALSE,5,4,18.1,0.809547190167393,0.848618120643258
6917,"ECOHAB_6|11414","ECOHAB_6","LB03","Survey_1",20060921,"CTD104",11414,6,10,-125.09,48.62,18.4,1.58,40.6,11.03,32.44,FALSE,5,4,18.4,0.809547190167393,0.848618120643258
6922,"ECOHAB_6|11419","ECOHAB_6","LB01","Survey_1",20060921,"CTD105",11419,5,0,-124.99,48.67,26.4,2.28,55.4,10.41,31.98,FALSE,6,5,26.4,1.9118924843054,1.35379079516502
6923,"ECOHAB_6|11420","ECOHAB_6","LB01","Survey_1",20060921,"CTD105",11420,4,5,-124.99,48.67,26.4,2.26,55.5,10.4,31.98,FALSE,6,5,26.4,1.88039690447288,1.34165478390784
6924,"ECOHAB_6|11421","ECOHAB_6","LB01","Survey_1",20060921,"CTD105",11421,3,10,-124.99,48.67,26.7,2.28,55.5,10.38,32,FALSE,6,5,26.7,1.9118924843054,1.35379079516502
6927,"ECOHAB_6|11424","ECOHAB_6","LBC08","Survey_1",20060921,"CTD106",11424,10,0,-126.13,48.29,9.09,0.96,24.5,11.91,32.23,FALSE,4,3,9.09,-0.166815784640554,0.162318787206803
6928,"ECOHAB_6|11425","ECOHAB_6","LBC08","Survey_1",20060921,"CTD106",11425,9,5,-126.13,48.29,9.1,0.95,24.6,11.91,32.23,FALSE,4,3,9.1,-0.182563574556811,0.147895321728025
6929,"ECOHAB_6|11426","ECOHAB_6","LBC08","Survey_1",20060921,"CTD106",11426,8,10,-126.13,48.29,8.99,0.96,24.6,11.91,32.22,FALSE,4,3,8.99,-0.166815784640554,0.162318787206803
6940,"ECOHAB_6|11438","ECOHAB_6","LBC06","Survey_1",20060921,"CTD108",11438,8,0,-125.88,48.41,20.7,1.78,46.5,10.78,32.41,FALSE,6,5,20.7,1.12450298849254,1.01279176536996
6941,"ECOHAB_6|11439","ECOHAB_6","LBC06","Survey_1",20060921,"CTD108",11439,7,5,-125.88,48.41,20.2,1.78,46.9,10.78,32.41,FALSE,6,5,20.2,1.12450298849254,1.01279176536996
6951,"ECOHAB_6|11449","ECOHAB_6","LBC04","Survey_1",20060921,"CTD110",11449,7,0,-125.63,48.54,19.9,1.71,43.5,10.62,32.61,FALSE,6,5,19.9,1.01426845907874,0.957529347832107
6952,"ECOHAB_6|11450","ECOHAB_6","LBC04","Survey_1",20060921,"CTD110",11450,6,5,-125.63,48.54,20.2,1.73,43.8,10.61,32.62,FALSE,6,5,20.2,1.04576403891125,0.973546137221582
6953,"ECOHAB_6|11451","ECOHAB_6","LBC04","Survey_1",20060921,"CTD110",11451,5,10,-125.63,48.54,20.2,1.74,43.9,10.61,32.62,FALSE,6,5,20.2,1.06151182882751,0.981485227598657
6961,"ECOHAB_6|11459","ECOHAB_6","LBC02","Survey_1",20060922,"CTD112",11459,7,0,-125.38,48.67,17.6,1.16,39.6,10.88,32.51,FALSE,4,3,17.6,0.14814001368459,0.422986085776503
6962,"ECOHAB_6|11460","ECOHAB_6","LBC02","Survey_1",20060922,"CTD112",11460,6,5,-125.38,48.67,17.6,1.3,39.6,10.88,32.51,FALSE,5,4,17.6,0.368609072512191,0.579936140884877
6963,"ECOHAB_6|11461","ECOHAB_6","LBC02","Survey_1",20060922,"CTD112",11461,5,10,-125.38,48.67,17.8,1.55,39.5,10.85,32.51,FALSE,5,4,17.8,0.762303820418621,0.822212934399444
6968,"ECOHAB_6|11466","ECOHAB_6","LBC01","Survey_1",20060922,"CTD113",11466,8,0,-125.25,48.73,25.7,2.14,55.8,10.3,32.06,FALSE,6,5,25.7,1.6914234254778,1.26650369131511
6969,"ECOHAB_6|11467","ECOHAB_6","LBC01","Survey_1",20060922,"CTD113",11467,7,5,-125.25,48.73,25.6,2.15,56,10.3,32.05,FALSE,6,5,25.6,1.70717121539405,1.27292528041536
6970,"ECOHAB_6|11468","ECOHAB_6","LBC01","Survey_1",20060922,"CTD113",11468,6,10,-125.25,48.73,25.2,2.16,56.3,10.29,32.06,FALSE,6,5,25.2,1.72291900531031,1.27931707085111
6979,"ECOHAB_6|11483","ECOHAB_6","LP02",NA,20060923,"CTD117",11483,2,5,-124.81,47.77,12.6,1.15,30.3,11.35,32.33,FALSE,4,3,12.6,0.132392223768333,0.411060224549051
6981,"ECOHAB_6|11485","ECOHAB_6","EH4",NA,20060924,"CTD118",11485,6,0,-124.53,47.6,1.37,0.32,41.4,13.34,30.82,FALSE,2,1,1.37,-1.17467433928101,-1.35094094377042
6982,"ECOHAB_6|11486","ECOHAB_6","EH4",NA,20060924,"CTD118",11486,5,5,-124.53,47.6,2.08,0.26,39.7,12.94,31.21,FALSE,1,0,2.08,-1.26916107877856,-1.63694929496549
6983,"ECOHAB_6|11488","ECOHAB_6","EH4",NA,20060924,"CTD118",11488,3,10,-124.53,47.6,4.83,0.84,37.1,12.25,32.97,FALSE,4,3,4.83,-0.35578926363564,-0.0216111409073033
6986,"ECOHAB_6|11491","ECOHAB_6","EH2",NA,20060924,"CTD119",11491,7,0,-124.77,47.61,0.02,0.33,39.3,13.8,30.12,FALSE,2,1,0.02,-1.15892654936476,-1.30855518821672
6989,"ECOHAB_6|11494","ECOHAB_6","EH2",NA,20060924,"CTD119",11494,4,6,-124.77,47.61,2.93,0.5,34.6,12.86,31.25,FALSE,3,2,2.93,-0.891214120788385,-0.736212428689967
6990,"ECOHAB_6|11495","ECOHAB_6","EH2",NA,20060924,"CTD119",11495,3,10,-124.77,47.61,9.16,1.06,31,11.23,32.93,FALSE,4,3,9.16,-0.0093378854779818,0.298809407441436
6993,"ECOHAB_6|11498","ECOHAB_6","CB03",NA,20060924,"CTD120",11498,7,0,-124.59,47.24,6.79,0.71,30.5,12.25,32.42,FALSE,3,2,6.79,-0.560510532546984,-0.253207706572786
6994,"ECOHAB_6|11499","ECOHAB_6","CB03",NA,20060924,"CTD120",11499,6,5,-124.59,47.24,7.14,0.69,30.6,12.27,32.41,FALSE,3,2,7.14,-0.592006112379498,-0.292565480324093
6995,"ECOHAB_6|11500","ECOHAB_6","CB03",NA,20060924,"CTD120",11500,5,10,-124.59,47.24,8.14,0.79,30.9,12.26,32.41,FALSE,4,3,8.14,-0.434528213216926,-0.106142468511812
7008,"ECOHAB_6|11511","ECOHAB_6","LC01","Survey_1",20060925,"CTD123",11511,7,0,-125.46,48.84,25.4,2.29,56.4,10.87,31.92,FALSE,6,5,25.4,1.92764027422165,1.35981893768432
7009,"ECOHAB_6|11512","ECOHAB_6","LC01","Survey_1",20060925,"CTD123",11512,6,5,-125.46,48.84,25.4,2.27,56.3,10.86,31.91,FALSE,6,5,25.4,1.89614469438914,1.34773615523083
7010,"ECOHAB_6|11513","ECOHAB_6","LC01","Survey_1",20060925,"CTD123",11513,5,10,-125.46,48.84,25.3,2.31,56.7,10.7,31.93,FALSE,6,5,25.3,1.95913585405417,1.37179665113438
7015,"ECOHAB_6|11518","ECOHAB_6","LC03","Survey_1",20060925,"CTD124",11518,8,0,-125.57,48.78,18.6,1.68,41.8,11.13,32.3,FALSE,5,4,18.6,0.967025089329964,0.933149448247767
7016,"ECOHAB_6|11519","ECOHAB_6","LC03","Survey_1",20060925,"CTD124",11519,7,5,-125.57,48.78,18.6,1.68,41.3,11.12,32.3,FALSE,5,4,18.6,0.967025089329964,0.933149448247767
7017,"ECOHAB_6|11520","ECOHAB_6","LC03","Survey_1",20060925,"CTD124",11520,6,10,-125.57,48.78,20.9,1.88,43.8,10.55,32.4,FALSE,6,5,20.9,1.28198088765511,1.08807981330629
7027,"ECOHAB_6|11530","ECOHAB_6","LC05","Survey_1",20060925,"CTD126",11530,8,0,-125.79,48.67,18.1,1.58,41.2,11.23,32.58,FALSE,5,4,18.1,0.809547190167393,0.848618120643258
7028,"ECOHAB_6|11531","ECOHAB_6","LC05","Survey_1",20060925,"CTD126",11531,7,5,-125.79,48.67,17.6,1.57,40.9,11.22,32.61,FALSE,5,4,17.6,0.793799400251135,0.839872514328797
7029,"ECOHAB_6|11532","ECOHAB_6","LC05","Survey_1",20060925,"CTD126",11532,6,10,-125.79,48.67,18.3,1.59,40.9,10.98,32.66,FALSE,5,4,18.3,0.82529498008365,0.85730854926359
7039,"ECOHAB_6|11542","ECOHAB_6","LC07","Survey_1",20060925,"CTD128",11542,8,0,-126.01,48.55,22.2,1.82,46.3,11.07,32.49,FALSE,6,5,22.2,1.18749414815757,1.04340254438561
7040,"ECOHAB_6|11543","ECOHAB_6","LC07","Survey_1",20060925,"CTD128",11543,7,5,-126.01,48.55,21.6,1.76,45.2,10.91,32.56,FALSE,6,5,21.6,1.09300740866002,0.997227437426333
7041,"ECOHAB_6|11544","ECOHAB_6","LC07","Survey_1",20060925,"CTD128",11544,6,10,-126.01,48.55,22.3,1.84,46.1,10.79,32.62,FALSE,6,5,22.3,1.21898972799008,1.05845655616389
7051,"ECOHAB_6|11555","ECOHAB_6","LC09","Survey_1",20060925,"CTD130",11555,9,0,-126.23,48.43,2.11,0.54,9.28,14.38,32.2,FALSE,3,2,2.11,-0.828222961123356,-0.630204107459029
7052,"ECOHAB_6|11556","ECOHAB_6","LC09","Survey_1",20060925,"CTD130",11556,8,5,-126.23,48.43,2.41,0.56,9.84,14.28,32.2,FALSE,3,2,2.41,-0.796727381290842,-0.580110282729458
7053,"ECOHAB_6|11557","ECOHAB_6","LC09","Survey_1",20060925,"CTD130",11557,7,10,-126.23,48.43,3.92,0.69,12.5,13.36,32.24,FALSE,3,2,3.92,-0.592006112379498,-0.292565480324093
7078,"ECOHAB_6|11574","ECOHAB_6","LD09","Survey_1",20060926,"CTD135",11574,11,0,-126.5,48.59,1.2,0.46,6.6,14.46,32.13,FALSE,3,2,1.2,-0.954205280453414,-0.851064622146247
7079,"ECOHAB_6|11575","ECOHAB_6","LD09","Survey_1",20060926,"CTD135",11575,10,5,-126.5,48.59,1.2,0.44,6.4,14.46,32.13,FALSE,2,1,1.2,-0.985700860285928,-0.912293740883808
7080,"ECOHAB_6|11576","ECOHAB_6","LD09","Survey_1",20060926,"CTD135",11576,9,10,-126.5,48.59,1.3,0.43,6.6,14.45,32.13,FALSE,2,1,1.3,-1.00144865020219,-0.943960155435005
7091,"ECOHAB_6|11586","ECOHAB_6","LD07","Survey_1",20060926,"CTD137",11586,9,0,-126.28,48.71,17.5,1.47,34.6,11.68,32.15,FALSE,5,4,17.5,0.636321501088563,0.749219520133661
7092,"ECOHAB_6|11587","ECOHAB_6","LD07","Survey_1",20060926,"CTD137",11587,8,5,-126.28,48.71,16.1,1.44,32.3,11.58,32.17,FALSE,5,4,16.1,0.589078131339792,0.720817929028957
7093,"ECOHAB_6|11588","ECOHAB_6","LD07","Survey_1",20060926,"CTD137",11588,7,10,-126.28,48.71,11.7,1.06,22.2,11.42,32.2,FALSE,4,3,11.7,-0.0093378854779818,0.298809407441436
7111,"ECOHAB_6|11610","ECOHAB_6","LD03","Survey_1",20060926,"CTD141",11610,6,0,-125.84,48.94,25.8,2.07,46.5,11.21,31.8,FALSE,6,5,25.8,1.581188896064,1.22069425065313
7114,"ECOHAB_6|11616","ECOHAB_6","LD01","Survey_1",20060926,"CTD142",11616,5,0,-125.73,49,16.7,1.71,42.6,12.27,31.47,FALSE,6,5,16.7,1.01426845907874,0.957529347832107
7115,"ECOHAB_6|11617","ECOHAB_6","LD01","Survey_1",20060926,"CTD142",11617,4,5,-125.73,49,21.6,1.86,44.5,11.71,31.71,FALSE,6,5,21.6,1.25048530782259,1.07334781868137
7116,"ECOHAB_6|11618","ECOHAB_6","LD01","Survey_1",20060926,"CTD142",11618,3,10,-125.73,49,23.2,1.88,44,11.12,31.91,FALSE,6,5,23.2,1.28198088765511,1.08807981330629
7119,"ECOHAB_6|11621","ECOHAB_6","D3918","Survey_1",20060926,"CTD143",11621,7,0,-126.12,48.19,6,0.68,15.3,12.91,32.21,FALSE,3,2,6,-0.607753902295755,-0.312674280774001
7120,"ECOHAB_6|11622","ECOHAB_6","D3918","Survey_1",20060926,"CTD143",11622,6,5,-126.12,48.19,6,0.69,15.4,12.86,32.21,FALSE,3,2,6,-0.592006112379498,-0.292565480324093
7121,"ECOHAB_6|11623","ECOHAB_6","D3918","Survey_1",20060926,"CTD143",11623,5,10,-126.12,48.19,6.1,0.71,16.1,12.6,32.21,FALSE,3,2,6.1,-0.560510532546984,-0.253207706572786
7126,"ECOHAB_6|11629","ECOHAB_6","D60054","Survey_1",20060927,"CTD145",11629,7,0,-126.24,48.71,20.8,1.74,40.2,11.69,32.15,FALSE,6,5,20.8,1.06151182882751,0.981485227598657
7127,"ECOHAB_6|11630","ECOHAB_6","D60054","Survey_1",20060927,"CTD145",11630,6,5,-126.24,48.71,20.8,1.71,39.7,11.8,32.14,FALSE,6,5,20.8,1.01426845907874,0.957529347832107
7128,"ECOHAB_6|11631","ECOHAB_6","D60054","Survey_1",20060927,"CTD145",11631,5,10,-126.24,48.71,20.7,1.68,38.8,11.43,32.21,FALSE,5,4,20.7,0.967025089329964,0.933149448247767
7134,"ECOHAB_6|11636","ECOHAB_6","D60056",NA,20060927,"CTD146",11636,7,0,-126.22,48.84,21,1.62,36.4,11.25,32.29,FALSE,5,4,21,0.872538349832422,0.883055623518196
7135,"ECOHAB_6|11637","ECOHAB_6","D60056",NA,20060927,"CTD146",11637,6,5,-126.22,48.84,21.3,1.62,36,11.29,32.28,FALSE,5,4,21.3,0.872538349832422,0.883055623518196
7136,"ECOHAB_6|11638","ECOHAB_6","D60056",NA,20060927,"CTD146",11638,5,10,-126.22,48.84,22.8,1.7,37,10.87,32.4,FALSE,5,4,22.8,0.998520669162479,0.949450565921297
7141,"ECOHAB_6|11643","ECOHAB_6","LE01","Survey_1",20060927,"CTD147",11643,3,0,-126.04,49.13,18.8,1.81,48.6,11.53,31.84,FALSE,6,5,18.8,1.17174635824131,1.03581338817802
7144,"ECOHAB_6|11646","ECOHAB_6","LE02","Survey_1",20060927,"CTD148",11646,4,0,-126.13,49.09,15.5,1.49,45.7,11.77,32.15,FALSE,5,4,15.5,0.667817080921078,0.767833700260418
7147,"ECOHAB_6|11650","ECOHAB_6","LE03","Survey_1",20060927,"CTD149",11650,4,0,-126.22,49.03,14,1.38,45.2,12.19,32.11,FALSE,5,4,14,0.494591391842248,0.662195108830978
7151,"ECOHAB_6|11654","ECOHAB_6","LE04","Survey_1",20060927,"CTD150",11654,4,0,-126.36,48.95,20.1,1.73,46.9,11.43,32.5,FALSE,6,5,20.1,1.04576403891125,0.973546137221582
7155,"ECOHAB_6|11658","ECOHAB_6","LE05","Survey_1",20060927,"CTD151",11658,3,0,-126.5,48.87,10.4,1.23,39.4,12.62,31.94,FALSE,5,4,10.4,0.25837454309839,0.503695349789541
7158,"ECOHAB_6|11661","ECOHAB_6","LE06","Survey_1",20060927,"CTD152",11661,5,0,-126.72,48.8,1.48,0.51,8.65,14.1,32.14,FALSE,3,2,1.48,-0.875466330872128,-0.708935728106917
7162,"ECOHAB_6|11666","ECOHAB_6","LE07","Survey_1",20060927,"CTD153",11666,5,0,-126.94,48.7,2.66,0.55,13.8,14.1,32.15,FALSE,3,2,2.66,-0.812475171207099,-0.604929483343581
7166,"ECOHAB_6|11667","ECOHAB_6","D3918","Survey_2",20060927,"CTD154",11667,16,0,-126.13,47.97,4.7,0.64,12.1,13.54,32.21,FALSE,3,2,4.7,-0.670745061960784,-0.396180354615351
7167,"ECOHAB_6|11668","ECOHAB_6","D3918","Survey_2",20060927,"CTD154",11668,15,5,-126.13,47.97,6,0.72,14.6,12.83,32.22,FALSE,3,2,6,-0.544762742630727,-0.233942660126113
7168,"ECOHAB_6|11669","ECOHAB_6","D3918","Survey_2",20060927,"CTD154",11669,14,10,-126.13,47.97,7,0.78,16.5,12.64,32.23,FALSE,4,3,7,-0.450276003133183,-0.123689563988267
7188,"ECOHAB_6|11695","ECOHAB_6","LAB08","Survey_2",20060928,"CTD157",11695,10,0,-125.72,48.13,0.7,0.4,6.3,14.7,32.28,FALSE,2,1,0.7,-1.04869201995096,-1.04357668623019
7189,"ECOHAB_6|11696","ECOHAB_6","LAB08","Survey_2",20060928,"CTD157",11696,9,5,-125.72,48.13,0.8,0.41,6.4,14.67,32.28,FALSE,2,1,0.8,-1.0329442300347,-1.00956438118768
7190,"ECOHAB_6|11697","ECOHAB_6","LAB08","Survey_2",20060928,"CTD157",11697,8,8,-125.72,48.13,0.8,0.4,6.5,14.36,32.28,FALSE,2,1,0.8,-1.04869201995096,-1.04357668623019
7191,"ECOHAB_6|11698","ECOHAB_6","LAB08","Survey_2",20060928,"CTD157",11698,7,10,-125.72,48.13,3.4,0.59,9.1,14.02,32.27,FALSE,3,2,3.4,-0.74948401154207,-0.508228145948082
7201,"ECOHAB_6|11708","ECOHAB_6","LAB06","Survey_2",20060928,"CTD159",11708,8,0,-125.47,48.26,12.9,1.15,29.9,12.16,32.24,FALSE,4,3,12.9,0.132392223768333,0.411060224549051
7202,"ECOHAB_6|11709","ECOHAB_6","LAB06","Survey_2",20060928,"CTD159",11709,7,5,-125.47,48.26,14.6,1.26,30.1,11.81,32.26,FALSE,5,4,14.6,0.305617912847162,0.536888000914851
7203,"ECOHAB_6|11710","ECOHAB_6","LAB06","Survey_2",20060928,"CTD159",11710,6,10,-125.47,48.26,15.7,1.32,30.8,11.21,32.32,FALSE,5,4,15.7,0.400104652344705,0.600965990093417
7212,"ECOHAB_6|11719","ECOHAB_6","EH3","Survey_2",20060928,"CTD160",11719,2,6,-125.45,48.29,19.8,1.55,41.1,11.83,32.61,FALSE,5,4,19.8,0.762303820418621,0.822212934399444
7217,"ECOHAB_6|11724","ECOHAB_6","LAB04","Survey_2",20060928,"CTD162",11724,8,0,-125.21,48.39,19,1.57,38,11.93,32.43,FALSE,5,4,19,0.793799400251135,0.839872514328797
7218,"ECOHAB_6|11725","ECOHAB_6","LAB04","Survey_2",20060928,"CTD162",11725,7,5,-125.21,48.39,20.3,1.57,39.2,11.72,32.46,FALSE,5,4,20.3,0.793799400251135,0.839872514328797
7219,"ECOHAB_6|11726","ECOHAB_6","LAB04","Survey_2",20060928,"CTD162",11726,6,10,-125.21,48.39,26.6,1.99,42.5,9.9,32.88,FALSE,6,5,26.6,1.45520657673394,1.1664043323206
7235,"ECOHAB_6|11748","ECOHAB_6","LAB06","Survey_2",20060928,"CTD166",11748,3,0,-125.47,48.26,18.7,1.63,36.6,11.49,32.35,FALSE,5,4,18.7,0.888286139748678,0.891532132528343
7237,"ECOHAB_6|11749","ECOHAB_6","LAB06","Survey_2",20060928,"CTD166",11749,2,5,-125.47,48.26,18.6,1.54,35,11.48,32.35,FALSE,5,4,18.6,0.746556030502364,0.813297509312226
7238,"ECOHAB_6|11750","ECOHAB_6","LAB06","Survey_2",20060928,"CTD166",11750,1,10,-125.47,48.26,18.7,1.52,29.9,11.2,32.39,FALSE,5,4,18.7,0.715060450669849,0.795291653342869
7239,"ECOHAB_6|11751","ECOHAB_6","LAB07","Survey_2",20060928,"CTD167",11751,5,0,-125.59,48.2,4,0.6,11.1,13.48,32.26,FALSE,3,2,4,-0.733736221625813,-0.48507754440804
7240,"ECOHAB_6|11752","ECOHAB_6","LAB07","Survey_2",20060928,"CTD167",11752,3,5,-125.59,48.2,6.9,0.76,16.1,13.7,32.26,FALSE,4,3,6.9,-0.481771582965698,-0.159468935812202
7241,"ECOHAB_6|11753","ECOHAB_6","LAB07","Survey_2",20060928,"CTD167",11753,4,7,-125.59,48.2,4.8,0.65,12.6,13.1,32.24,FALSE,3,2,4.8,-0.654997272044527,-0.374824448270194
7242,"ECOHAB_6|11754","ECOHAB_6","LAB07","Survey_2",20060928,"CTD167",11754,2,10,-125.59,48.2,12.7,1.07,25.3,11.5,32.24,FALSE,4,3,12.7,0.00640990443827542,0.311743102160042
7320,"ECOHAB_6|11859","ECOHAB_6","CB02","Survey_2",20060930,"CTD186",11859,6,0,-124.47,47.27,2.3,0.31,29.2,12.59,32.28,FALSE,2,1,2.3,-1.19042212919727,-1.39467250145092
7321,"ECOHAB_6|11860","ECOHAB_6","CB02","Survey_2",20060930,"CTD186",11860,5,5,-124.47,47.27,2.9,0.36,28.7,12.59,32.28,FALSE,2,1,2.9,-1.11168317961599,-1.18870324928118
7322,"ECOHAB_6|11861","ECOHAB_6","CB02","Survey_2",20060930,"CTD186",11861,4,10,-124.47,47.27,6.1,0.57,26.6,12.45,32.36,FALSE,3,2,6.1,-0.780979591374585,-0.555730383145118
7331,"ECOHAB_6|11871","ECOHAB_6","CB01","Survey_2",20060930,"CTD188",11871,5,0,-124.37,47.3,8.7,0.97,34.8,11.59,32.84,FALSE,4,3,8.7,-0.151067994724297,0.176592784032924
7332,"ECOHAB_6|11872","ECOHAB_6","CB01","Survey_2",20060930,"CTD188",11872,4,5,-124.37,47.3,9.3,1.05,35.7,11.42,32.89,FALSE,4,3,9.3,-0.025085675394239,0.285753116632924
7333,"ECOHAB_6|11873","ECOHAB_6","CB01","Survey_2",20060930,"CTD188",11873,3,10,-124.37,47.3,23.7,2.71,61.3,11.01,33.03,TRUE,6,5,23.7,2.58904745070446,1.59177349081634
7390,"ECOHAB_6|11936","ECOHAB_6","D60058","Survey_2",20061001,"CTD199",11936,8,0,-124.85,46.57,4.9,0.64,14.5,13.19,32.41,FALSE,3,2,4.9,-0.670745061960784,-0.396180354615351
7391,"ECOHAB_6|11937","ECOHAB_6","D60058","Survey_2",20061001,"CTD199",11937,7,5,-124.85,46.57,5,0.65,14.6,13.2,32.41,FALSE,3,2,5,-0.654997272044527,-0.374824448270194
7392,"ECOHAB_6|11938","ECOHAB_6","D60058","Survey_2",20061001,"CTD199",11938,6,10,-124.85,46.57,5.9,0.68,15.2,12.79,32.47,FALSE,3,2,5.9,-0.607753902295755,-0.312674280774001
7447,"ECOHAB_6|11999","ECOHAB_6","BC01","Survey_2",20061001,"CTD210",11999,9,0,-124.51,46.81,0.5,0.21,24.9,13.55,31.44,FALSE,1,0,0.5,-1.34790002835984,-1.93113231921744
7448,"ECOHAB_6|12000","ECOHAB_6","BC01","Survey_2",20061001,"CTD210",12000,8,5,-124.51,46.81,1.7,0.28,24.6,13.56,31.43,FALSE,1,0,1.7,-1.23766549894604,-1.53487087188453
7449,"ECOHAB_6|12001","ECOHAB_6","BC01","Survey_2",20061001,"CTD210",12001,7,10,-124.51,46.81,5.4,0.46,24.3,12.41,32.01,FALSE,3,2,5.4,-0.954205280453414,-0.851064622146247
7457,"ECOHAB_6|12007","ECOHAB_6","D3918","Survey_2",20061001,"CTD211",12007,6,0,-124.59,47.04,2.3,0.36,26.1,12.63,31.98,FALSE,2,1,2.3,-1.11168317961599,-1.18870324928118
7458,"ECOHAB_6|12008","ECOHAB_6","D3918","Survey_2",20061001,"CTD211",12008,5,5,-124.59,47.04,3.5,0.41,25.3,12.41,32.08,FALSE,2,1,3.5,-1.0329442300347,-1.00956438118768
7459,"ECOHAB_6|12009","ECOHAB_6","D3918","Survey_2",20061001,"CTD211",12009,4,10,-124.59,47.04,6.3,0.66,13.6,11.62,32.39,FALSE,3,2,6.3,-0.63924948212827,-0.353794599061654
7463,"ECOHAB_6|12013","ECOHAB_6","D66683","Survey_2",20061001,"CTD212",12013,6,0,-125.02,47.34,8.9,0.84,24.6,13.09,32.2,FALSE,4,3,8.9,-0.35578926363564,-0.0216111409073033
7464,"ECOHAB_6|12014","ECOHAB_6","D66683","Survey_2",20061001,"CTD212",12014,5,5,-125.02,47.34,8.8,0.85,24.5,13.09,32.2,FALSE,4,3,8.8,-0.340041473719383,-0.00531002323377337
7465,"ECOHAB_6|12015","ECOHAB_6","D66683","Survey_2",20061001,"CTD212",12015,4,10,-125.02,47.34,8.7,0.82,24.2,12.99,32.2,FALSE,4,3,8.7,-0.387284843468155,-0.0548037920326133
7469,"ECOHAB_6|12019","ECOHAB_6","D66685","Survey_2",20061001,"CTD213",12019,8,0,-125.06,47.5,12.5,1.22,40.6,12.83,32.24,FALSE,4,3,12.5,0.242626753182133,0.492450974144812
7470,"ECOHAB_6|12020","ECOHAB_6","D66685","Survey_2",20061001,"CTD213",12020,7,5,-125.06,47.5,12.3,1.2,39.9,12.83,32.23,FALSE,4,3,12.3,0.211131173349619,0.469683044747031
7471,"ECOHAB_6|12021","ECOHAB_6","D66685","Survey_2",20061001,"CTD213",12021,6,10,-125.06,47.5,12.2,1.2,36,12.16,32.26,FALSE,4,3,12.2,0.211131173349619,0.469683044747031
7483,"ECOHAB_6|12033","ECOHAB_6","EH2","Survey_2",20061002,"CTD215",12033,2,6,-124.59,47.6,2,0.38,26,12.28,32.54,FALSE,2,1,2,-1.08018759978347,-1.11422952496727
7516,"ECOHAB_6|12076","ECOHAB_6","D3943","Survey_2",20061002,"CTD225",12076,8,0,-125.52,47.85,16.9,1.43,38.2,11.71,32.54,FALSE,5,4,16.9,0.573330341423534,0.711219086231263
7517,"ECOHAB_6|12077","ECOHAB_6","D3943","Survey_2",20061002,"CTD225",12077,7,5,-125.52,47.85,17.1,1.44,38,11.71,32.54,FALSE,5,4,17.1,0.589078131339792,0.720817929028957
7518,"ECOHAB_6|12078","ECOHAB_6","D3943","Survey_2",20061002,"CTD225",12078,6,10,-125.52,47.85,18.1,1.51,37.9,11.43,32.54,FALSE,5,4,18.1,0.699312660753592,0.786199683915093
7525,"ECOHAB_6|12085","ECOHAB_6","D60055","Survey_2",20061002,"CTD226",12085,7,5,-125.44,47.88,16.2,1.34,35.7,12.11,32.55,FALSE,5,4,16.2,0.43160023217722,0.621679588957964
7526,"ECOHAB_6|12086","ECOHAB_6","D60055","Survey_2",20061002,"CTD226",12086,6,10,-125.44,47.88,18.3,1.44,34,11.72,32.54,FALSE,5,4,18.3,0.589078131339792,0.720817929028957
7532,"ECOHAB_6|12092","ECOHAB_6","D3818","Survey_2",20061002,"CTD227",12092,10,0,-125.48,47.93,8.9,0.83,24.2,12.59,32.2,FALSE,4,3,8.9,-0.371537053551898,-0.0381074861861789
7533,"ECOHAB_6|12093","ECOHAB_6","D3818","Survey_2",20061002,"CTD227",12093,9,5,-125.48,47.93,8.9,0.87,24,12.56,32.2,FALSE,4,3,8.9,-0.308545893886869,0.026724638443587
7534,"ECOHAB_6|12094","ECOHAB_6","D3818","Survey_2",20061002,"CTD227",12094,8,10,-125.48,47.93,12.5,1.09,21,11.67,32.26,FALSE,4,3,12.5,0.0379054842707898,0.337251763888357
7541,"ECOHAB_6|12102","ECOHAB_6","D60057","Survey_2",20061002,"CTD228",12102,8,0,-125.39,48,9.8,0.97,22.8,12.37,32.2,FALSE,4,3,9.8,-0.151067994724297,0.176592784032924
7542,"ECOHAB_6|12103","ECOHAB_6","D60057","Survey_2",20061002,"CTD228",12103,7,5,-125.39,48,6.4,0.89,15,11.97,32.26,FALSE,4,3,6.4,-0.277050314054354,0.0580311762148897
7543,"ECOHAB_6|12104","ECOHAB_6","D60057","Survey_2",20061002,"CTD228",12104,6,10,-125.39,48,5.1,0.74,8,11.16,32.33,FALSE,4,3,5.1,-0.513267162798212,-0.196202535846943
7549,"ECOHAB_6|12110","ECOHAB_6","D60054","Survey_2",20061002,"CTD229",12110,8,0,-125.33,48.03,13.9,1.2,33.9,12.8,32.16,FALSE,4,3,13.9,0.211131173349619,0.469683044747031
7550,"ECOHAB_6|12111","ECOHAB_6","D60054","Survey_2",20061002,"CTD229",12111,7,5,-125.33,48.03,14,1.24,34.3,12.66,32.17,FALSE,5,4,14,0.274122333014648,0.514848676859216
7551,"ECOHAB_6|12112","ECOHAB_6","D60054","Survey_2",20061002,"CTD229",12112,6,10,-125.33,48.03,13.8,1.2,32.3,12.6,32.17,FALSE,4,3,13.8,0.211131173349619,0.469683044747031
7560,"ECOHAB_6|12120","ECOHAB_6","EH3","Survey_2",20061003,"CTD230",12120,4,10,-125.45,48.29,19.4,1.46,33.9,11.04,32.51,FALSE,5,4,19.4,0.620573711172306,0.739817242212106
7561,"ECOHAB_6|12122","ECOHAB_6","D60056","Survey_2",20061003,"CTD231",12122,6,0,-125.87,48.34,20.1,1.54,36.9,9.77,32.6,FALSE,5,4,20.1,0.746556030502364,0.813297509312226
7562,"ECOHAB_6|12123","ECOHAB_6","D60056","Survey_2",20061003,"CTD231",12123,5,5,-125.87,48.34,20.6,1.58,35.8,9.92,32.51,FALSE,5,4,20.6,0.809547190167393,0.848618120643258
7563,"ECOHAB_6|12124","ECOHAB_6","D60056","Survey_2",20061003,"CTD231",12124,4,10,-125.87,48.34,22.3,1.67,32.3,9.41,32.61,FALSE,5,4,22.3,0.951277299413707,0.924925970883575
7567,"ECOHAB_6|12128","ECOHAB_6","D3884","Survey_2",20061003,"CTD232",12128,7,0,-125.9,48.63,15.7,1.26,34.8,11.73,32.68,FALSE,5,4,15.7,0.305617912847162,0.536888000914851
7568,"ECOHAB_6|12129","ECOHAB_6","D3884","Survey_2",20061003,"CTD232",12129,6,5,-125.9,48.63,19.9,1.49,36.6,11.7,32.67,FALSE,5,4,19.9,0.667817080921078,0.767833700260418
7569,"ECOHAB_6|12130","ECOHAB_6","D3884","Survey_2",20061003,"CTD232",12130,5,10,-125.9,48.63,23.2,1.66,37.3,10.5,32.8,FALSE,5,4,23.2,0.93552950949745,0.916653102968892
7574,"ECOHAB_6|12135","ECOHAB_6","D3793","Survey_2",20061003,"CTD233",12135,7,0,-125.97,48.56,18.6,1.44,37.9,11.24,32.58,FALSE,5,4,18.6,0.589078131339792,0.720817929028957
7575,"ECOHAB_6|12136","ECOHAB_6","D3793","Survey_2",20061003,"CTD233",12136,6,5,-125.97,48.56,18.9,1.5,38.7,11.25,32.59,FALSE,5,4,18.9,0.683564870837335,0.777047302287258
7576,"ECOHAB_6|12137","ECOHAB_6","D3793","Survey_2",20061003,"CTD233",12137,5,10,-125.97,48.56,21.7,1.63,38.9,11.04,32.65,FALSE,5,4,21.7,0.888286139748678,0.891532132528343
